사고번호,사고일시,요일,시군구,사고내용,사망자수,중상자수,경상자수,부상신고자수,사고유형,법규위반,노면상태,기상상태,도로형태,가해운전자 차종,가해운전자 성별,가해운전자 연령,가해운전자 상해정도,피해운전자 차종,피해운전자 성별,피해운전자 연령,피해운전자 상해정도
2017012600100445,2017년 1월 26일 15시,목요일,전라남도 영암군 삼호읍,경상사고,0,0,1,0,차대차 - 측면충돌,안전운전불이행,건조,맑음,단일로 - 기타,승용,남,33세,상해없음,자전거,남,13세,경상
2017012600100446,2017년 1월 26일 15시,목요일,전라남도 영암군 도포면,부상신고사고,0,0,0,1,차대차 - 측면충돌,안전운전불이행,건조,맑음,단일로 - 기타,이륜,남,81세,부상신고,화물,남,52세,상해없음
2017012600100502,2017년 1월 26일 16시,목요일,전라남도 여수시 학동,경상사고,0,0,2,0,차대차 - 측면충돌,직진우회전진행방해,건조,맑음,교차로 - 교차로안,화물,남,44세,상해없음,승용,남,46세,경상
2017012600100548,2017년 1월 26일 17시,목요일,전라남도 나주시 송월동,경상사고,0,0,3,0,차대차 - 측면충돌,직진우회전진행방해,건조,맑음,교차로 - 교차로안,화물,남,60세,경상,승용,여,40세,경상
2017012600100597,2017년 1월 26일 18시,목요일,전라남도 목포시 산정동,경상사고,0,0,1,0,차대사람 - 길가장자리구역통행중,안전운전불이행,건조,맑음,단일로 - 기타,승용,여,40세,상해없음,보행자,여,76세,경상
2017012600100598,2017년 1월 26일 18시,목요일,전라남도 목포시 상동,경상사고,0,0,2,0,차대차 - 기타,안전거리미확보,건조,맑음,단일로 - 기타,승합,남,54세,경상,승용,여,57세,경상
2017012600100599,2017년 1월 26일 18시,목요일,전라남도 순천시 조례동,경상사고,0,0,1,0,차대사람 - 횡단중,교차로운행방법위반,건조,맑음,교차로 - 교차로안,승용,여,24세,상해없음,보행자,여,34세,경상
2017012600100749,2017년 1월 26일 21시,목요일,전라남도 목포시 상동,중상사고,0,1,0,0,차대사람 - 횡단중,보행자보호의무위반,건조,맑음,단일로 - 기타,승용,남,21세,상해없음,보행자,남,51세,중상
2017012600100750,2017년 1월 26일 21시,목요일,전라남도 완도군 완도읍,경상사고,0,0,1,0,차대사람 - 기타,안전운전불이행,건조,맑음,단일로 - 기타,승용,남,30세,상해없음,보행자,남,24세,경상
2017012600100751,2017년 1월 26일 21시,목요일,전라남도 광양시 중동,경상사고,0,0,1,0,차대차 - 측면충돌,직진우회전진행방해,건조,맑음,교차로 - 교차로안,이륜,남,18세,경상,승용,남,56세,상해없음
2017012700100030,2017년 1월 27일 00시,금요일,전라남도 장성군 북하면,경상사고,0,0,3,0,차대차 - 정면충돌,안전운전불이행,서리/결빙,맑음,단일로 - 기타,승용,남,58세,경상,승용,남,45세,경상
2017012700100112,2017년 1월 27일 05시,금요일,전라남도 목포시 호남동,사망사고,1,0,0,0,차대사람 - 횡단중,보행자보호의무위반,젖음/습기,비,단일로 - 기타,승용,남,68세,상해없음,보행자,여,75세,사망
2017012700100125,2017년 1월 27일 06시,금요일,전라남도 순천시 해룡면,중상사고,0,1,5,0,차대차 - 측면충돌,안전운전불이행,젖음/습기,비,단일로 - 기타,승용,남,49세,경상,승용,남,38세,중상
2017012700100126,2017년 1월 27일 06시,금요일,전라남도 순천시 조곡동,경상사고,0,0,1,1,차대차 - 추돌,안전운전불이행,건조,맑음,교차로 - 교차로부근,승용,남,31세,부상신고,승용,여,43세,경상
2017012700100136,2017년 1월 27일 07시,금요일,전라남도 순천시 연향동,경상사고,0,0,1,0,차대차 - 기타,안전운전불이행,건조,맑음,교차로 - 교차로안,승용,남,33세,상해없음,승용,여,49세,경상
2017012700100137,2017년 1월 27일 07시,금요일,전라남도 광양시 광양읍,중상사고,0,1,0,0,차량단독 - 전도전복 - 전도,안전운전불이행,건조,맑음,단일로 - 기타,승용,남,65세,중상,,,,
2017012700100147,2017년 1월 27일 08시,금요일,전라남도 목포시 상동,경상사고,0,0,1,0,차대차 - 추돌,안전거리미확보,건조,맑음,단일로 - 기타,승용,여,47세,상해없음,승용,남,49세,경상
2017012700100179,2017년 1월 27일 10시,금요일,전라남도 여수시 연등동,경상사고,0,0,1,0,차대차 - 측면충돌,안전운전불이행,건조,맑음,교차로 - 교차로부근,화물,남,42세,상해없음,승용,남,68세,경상
2017012700100198,2017년 1월 27일 11시,금요일,전라남도 여수시 여서동,경상사고,0,0,1,0,차대차 - 측면충돌,교차로운행방법위반,건조,맑음,교차로 - 교차로안,승용,남,61세,상해없음,승용,남,58세,경상
2017012700100199,2017년 1월 27일 11시,금요일,전라남도 나주시 공산면,중상사고,0,1,5,0,차대차 - 측면충돌,교차로운행방법위반,건조,맑음,교차로 - 교차로안,승용,남,19세,경상,승용,남,47세,경상
2017012700100200,2017년 1월 27일 11시,금요일,전라남도 해남군 해남읍,중상사고,0,1,2,0,차대차 - 정면충돌,중앙선침범,건조,맑음,단일로 - 기타,농기계,남,67세,중상,승용,여,22세,경상
2017012700100201,2017년 1월 27일 11시,금요일,전라남도 장성군 장성읍,경상사고,0,0,2,0,차대차 - 측면충돌,안전운전불이행,건조,맑음,단일로 - 기타,이륜,남,69세,상해없음,원동기,남,79세,경상
2017012700100202,2017년 1월 27일 11시,금요일,전라남도 장성군 남면,중상사고,0,1,0,0,차대차 - 추돌,안전운전불이행,건조,맑음,단일로 - 기타,승용,남,49세,상해없음,승용,여,42세,중상
2017012700100226,2017년 1월 27일 12시,금요일,전라남도 목포시 석현동,경상사고,0,0,2,0,차대차 - 기타,교차로운행방법위반,건조,맑음,교차로 - 교차로안,승합,남,40세,상해없음,승용,남,47세,경상
2017012700100227,2017년 1월 27일 12시,금요일,전라남도 목포시 산정동,경상사고,0,0,1,0,차대사람 - 기타,안전운전불이행,건조,맑음,단일로 - 기타,화물,남,54세,상해없음,보행자,여,75세,경상
2017012700100228,2017년 1월 27일 12시,금요일,전라남도 목포시 옥암동,경상사고,0,0,2,0,차대차 - 측면충돌,교차로운행방법위반,건조,맑음,교차로 - 교차로안,승용,여,51세,경상,승용,남,50세,상해없음
2017012700100229,2017년 1월 27일 12시,금요일,전라남도 순천시 연향동,경상사고,0,0,1,0,차대사람 - 길가장자리구역통행중,안전운전불이행,건조,맑음,단일로 - 기타,승용,남,36세,상해없음,보행자,여,60세,경상
2017012700100230,2017년 1월 27일 12시,금요일,전라남도 해남군 해남읍,경상사고,0,0,1,0,차대사람 - 기타,안전운전불이행,건조,맑음,교차로 - 교차로안,승용,남,33세,기타불명,보행자,여,77세,경상
2017012700100231,2017년 1월 27일 12시,금요일,전라남도 담양군 무정면,경상사고,0,0,3,0,차대차 - 측면충돌,직진우회전진행방해,건조,맑음,교차로 - 교차로안,승용,남,60세,상해없음,승용,남,56세,경상
2017012700100232,2017년 1월 27일 12시,금요일,전라남도 광양시 진상면,중상사고,0,1,3,0,차대차 - 측면충돌,교차로운행방법위반,건조,맑음,교차로 - 교차로안,화물,남,40세,경상,승용,남,56세,중상
2017012700100233,2017년 1월 27일 12시,금요일,전라남도 광양시 중동,경상사고,0,0,1,2,차대차 - 측면충돌,교차로운행방법위반,건조,맑음,교차로 - 교차로안,승용,여,30세,경상,승용,남,23세,부상신고
2017012700100260,2017년 1월 27일 13시,금요일,전라남도 여수시 소라면,경상사고,0,0,1,0,차대사람 - 길가장자리구역통행중,안전운전불이행,건조,맑음,단일로 - 기타,승용,여,36세,상해없음,보행자,남,18세,경상
2017012700100261,2017년 1월 27일 13시,금요일,전라남도 고흥군 도양읍,중상사고,0,2,2,0,차대차 - 측면충돌,신호위반,건조,맑음,교차로 - 교차로안,승용,남,28세,상해없음,승용,남,27세,경상
2017012700100284,2017년 1월 27일 14시,금요일,전라남도 장흥군 대덕읍,중상사고,0,1,0,0,차대차 - 측면충돌,안전운전불이행,건조,맑음,단일로 - 기타,승용,남,24세,상해없음,원동기,남,68세,중상
2017012700100285,2017년 1월 27일 14시,금요일,전라남도 무안군 무안읍,경상사고,0,0,1,0,차대차 - 측면충돌,안전운전불이행,건조,맑음,교차로 - 교차로안,승용,여,50세,상해없음,승용,여,36세,경상
2017012700100298,2017년 1월 27일 15시,금요일,전라남도 보성군 벌교읍,경상사고,0,0,1,0,차대사람 - 기타,안전운전불이행,건조,맑음,단일로 - 기타,승합,남,54세,상해없음,보행자,남,36세,경상
2017012700100321,2017년 1월 27일 16시,금요일,전라남도 여수시 돌산읍,경상사고,0,0,4,0,차대차 - 측면충돌,신호위반,건조,맑음,교차로 - 교차로안,승용,남,66세,상해없음,승용,남,60세,경상
2017012700100322,2017년 1월 27일 16시,금요일,전라남도 여수시 관문동,중상사고,0,2,1,0,차대차 - 측면충돌,안전운전불이행,건조,맑음,단일로 - 기타,승용,여,22세,경상,승합,남,49세,상해없음
2017012700100323,2017년 1월 27일 16시,금요일,전라남도 장흥군 부산면,경상사고,0,0,3,0,차대차 - 측면충돌,안전운전불이행,건조,맑음,기타 - 기타,승용,남,23세,상해없음,승용,남,41세,경상
2017012700100324,2017년 1월 27일 16시,금요일,전라남도 화순군 화순읍,경상사고,0,0,1,0,차대차 - 측면충돌,안전운전불이행,건조,맑음,교차로 - 교차로안,승용,남,21세,상해없음,승용,여,47세,경상
2017012700100325,2017년 1월 27일 16시,금요일,전라남도 광양시 광양읍,중상사고,0,1,0,0,차대차 - 정면충돌,중앙선침범,건조,맑음,단일로 - 기타,원동기,남,88세,중상,화물,남,68세,상해없음
2017012700100353,2017년 1월 27일 17시,금요일,전라남도 화순군 남면,경상사고,0,0,1,0,차대차 - 측면충돌,안전운전불이행,건조,맑음,단일로 - 기타,농기계,남,77세,경상,승용,여,38세,상해없음
2017012700100369,2017년 1월 27일 18시,금요일,전라남도 함평군 함평읍,경상사고,0,0,1,0,차대차 - 추돌,안전운전불이행,건조,맑음,단일로 - 기타,승용,남,44세,경상,승용,남,36세,상해없음
2017012700100418,2017년 1월 27일 20시,금요일,전라남도 해남군 해남읍,경상사고,0,0,1,0,차대차 - 측면충돌,안전운전불이행,건조,맑음,교차로 - 교차로안,승용,남,25세,상해없음,승용,남,50세,경상
2017012700100435,2017년 1월 27일 21시,금요일,전라남도 해남군 옥천면,경상사고,0,0,2,0,차대차 - 측면충돌,안전운전불이행,건조,맑음,단일로 - 기타,승용,남,44세,상해없음,승용,남,42세,경상
2017012700100453,2017년 1월 27일 22시,금요일,전라남도 함평군 해보면,경상사고,0,0,1,0,차대사람 - 길가장자리구역통행중,안전운전불이행,건조,맑음,교차로 - 교차로부근,승용,남,26세,상해없음,보행자,남,49세,경상
2017012700100471,2017년 1월 27일 23시,금요일,전라남도 광양시 금호동,경상사고,0,0,1,0,차대차 - 정면충돌,교차로운행방법위반,건조,맑음,교차로 - 교차로안,화물,남,44세,상해없음,승용,여,23세,경상
2017012800100038,2017년 1월 28일 03시,토요일,전라남도 순천시 조례동,경상사고,0,0,1,0,차대차 - 측면충돌,안전거리미확보,건조,맑음,단일로 - 기타,승용,남,50세,상해없음,승용,남,26세,경상
2017012800100048,2017년 1월 28일 05시,토요일,전라남도 순천시 해룡면,경상사고,0,0,2,1,차대차 - 기타,안전거리미확보,건조,맑음,단일로 - 기타,승용,남,28세,부상신고,승용,남,40세,경상
2017012800100065,2017년 1월 28일 07시,토요일,전라남도 영광군 영광읍,경상사고,0,0,1,0,차대차 - 측면충돌,안전거리미확보,건조,맑음,단일로 - 기타,승용,남,32세,상해없음,승용,여,40세,경상
2017012800100090,2017년 1월 28일 09시,토요일,전라남도 여수시 고소동,경상사고,0,0,1,0,차대사람 - 기타,안전운전불이행,건조,맑음,단일로 - 기타,승용,여,42세,상해없음,보행자,여,25세,경상
2017012800100097,2017년 1월 28일 10시,토요일,전라남도 여수시 문수동,경상사고,0,0,1,0,차대사람 - 차도통행중,안전운전불이행,건조,맑음,단일로 - 기타,승용,남,32세,상해없음,보행자,여,86세,경상
2017012800100171,2017년 1월 28일 14시,토요일,전라남도 광양시 광영동,경상사고,0,0,6,0,차대차 - 측면충돌,교차로운행방법위반,건조,맑음,교차로 - 교차로안,승용,남,30세,경상,승용,남,51세,경상
2017012800100196,2017년 1월 28일 15시,토요일,전라남도 해남군 계곡면,경상사고,0,0,2,0,차대차 - 추돌,안전거리미확보,건조,맑음,단일로 - 기타,승용,남,44세,상해없음,승용,남,36세,경상
2017012800100211,2017년 1월 28일 16시,토요일,전라남도 여수시 해산동,경상사고,0,0,4,0,차대차 - 측면충돌,안전운전불이행,건조,맑음,교차로 - 교차로안,승용,남,53세,상해없음,승용,남,44세,경상
2017012800100212,2017년 1월 28일 16시,토요일,전라남도 영암군 시종면,경상사고,0,0,5,0,차대차 - 측면충돌,안전운전불이행,건조,맑음,교차로 - 교차로안,승용,남,56세,경상,승용,남,57세,경상
2017012800100224,2017년 1월 28일 17시,토요일,전라남도 화순군 화순읍,경상사고,0,0,4,0,차대차 - 측면충돌,안전운전불이행,건조,기타,단일로 - 기타,승용,남,33세,상해없음,승용,여,58세,경상
2017012800100244,2017년 1월 28일 18시,토요일,전라남도 장흥군 장흥읍,경상사고,0,0,1,0,차대차 - 측면충돌,안전운전불이행,건조,맑음,교차로 - 교차로안,승용,남,22세,상해없음,승용,여,40세,경상
2017012800100245,2017년 1월 28일 18시,토요일,전라남도 영암군 삼호읍,중상사고,0,1,6,0,차대차 - 추돌,안전운전불이행,건조,맑음,단일로 - 기타,승용,여,59세,경상,농기계,남,48세,중상
2017012800100294,2017년 1월 28일 20시,토요일,전라남도 해남군 산이면,중상사고,0,4,0,0,차량단독 - 공작물충돌,안전운전불이행,건조,맑음,단일로 - 기타,승용,남,48세,중상,,,,
2017012800100308,2017년 1월 28일 21시,토요일,전라남도 목포시 연산동,경상사고,0,0,1,0,차대차 - 측면충돌,안전운전불이행,건조,흐림,교차로 - 교차로안,승용,남,45세,상해없음,승용,남,24세,경상
2017012800100309,2017년 1월 28일 21시,토요일,전라남도 영광군 묘량면,중상사고,0,5,0,0,차대차 - 정면충돌,중앙선침범,젖음/습기,맑음,단일로 - 기타,승용,여,30세,중상,승용,남,25세,중상
2017012800100328,2017년 1월 28일 22시,토요일,전라남도 강진군 성전면,중상사고,0,1,1,0,차량단독 - 전도전복 - 전복,안전운전불이행,건조,맑음,교차로 - 교차로안,승용,남,51세,상해없음,,,,
2017012800100342,2017년 1월 28일 23시,토요일,전라남도 목포시 산정동,경상사고,0,0,6,0,차대차 - 측면충돌,안전운전불이행,건조,맑음,교차로 - 교차로안,승용,여,45세,경상,이륜,남,22세,경상
2017012800100343,2017년 1월 28일 23시,토요일,전라남도 목포시 옥암동,경상사고,0,0,3,0,차대차 - 측면충돌,안전운전불이행,건조,맑음,단일로 - 기타,승용,남,35세,경상,승용,여,29세,경상
2017012800100344,2017년 1월 28일 23시,토요일,전라남도 순천시 조례동,경상사고,0,0,3,0,차대차 - 측면충돌,안전운전불이행,건조,맑음,단일로 - 기타,승용,남,42세,상해없음,승용,남,25세,경상
2017012900100011,2017년 1월 29일 00시,일요일,전라남도 고흥군 도양읍,중상사고,0,1,0,0,차대사람 - 차도통행중,안전운전불이행,건조,맑음,단일로 - 기타,승용,남,21세,상해없음,보행자,여,51세,중상
2017012900100074,2017년 1월 29일 06시,일요일,전라남도 목포시 대의동2가,경상사고,0,0,1,0,차대차 - 측면충돌,중앙선침범,건조,맑음,기타 - 기타,승용,여,55세,상해없음,승용,남,37세,경상
2017012900100075,2017년 1월 29일 06시,일요일,전라남도 영광군 영광읍,중상사고,0,2,4,0,차대차 - 정면충돌,중앙선침범,젖음/습기,흐림,단일로 - 기타,승용,남,58세,경상,승용,남,46세,경상
2017012900100094,2017년 1월 29일 08시,일요일,전라남도 해남군 황산면,중상사고,0,2,0,0,차량단독 - 전도전복,안전운전불이행,건조,맑음,단일로 - 기타,승용,남,23세,상해없음,미분류,미분류,미분류,미분류
2017012900100129,2017년 1월 29일 11시,일요일,전라남도 무안군 현경면,경상사고,0,0,2,0,차대차 - 기타,안전운전불이행,건조,맑음,교차로 - 교차로안,승용,남,45세,상해없음,승용,남,34세,상해없음
2017012900100139,2017년 1월 29일 12시,일요일,전라남도 순천시 용당동,경상사고,0,0,3,0,차대차 - 측면충돌,안전운전불이행,건조,맑음,교차로 - 교차로부근,승용,여,56세,상해없음,승용,남,40세,경상
2017012900100140,2017년 1월 29일 12시,일요일,전라남도 무안군 삼향읍,중상사고,0,1,0,0,차대사람 - 횡단중,안전운전불이행,건조,맑음,단일로 - 기타,화물,남,42세,상해없음,보행자,남,74세,중상
2017012900100214,2017년 1월 29일 17시,일요일,전라남도 나주시 금천면,경상사고,0,0,2,0,차대차 - 측면충돌,안전운전불이행,젖음/습기,흐림,단일로 - 기타,승합,남,47세,상해없음,승용,남,51세,상해없음
2017012900100215,2017년 1월 29일 17시,일요일,전라남도 고흥군 도양읍,중상사고,0,1,1,0,차대차 - 측면충돌,교차로운행방법위반,건조,맑음,교차로 - 교차로안,원동기,남,70세,경상,승용,남,44세,상해없음
2017012900100216,2017년 1월 29일 17시,일요일,전라남도 담양군 고서면,경상사고,0,0,2,0,차대차 - 기타,중앙선침범,젖음/습기,비,단일로 - 기타,승용,남,47세,상해없음,승용,여,54세,경상
2017012900100245,2017년 1월 29일 18시,일요일,전라남도 목포시 옥암동,경상사고,0,0,2,0,차대차 - 측면충돌,중앙선침범,건조,맑음,단일로 - 기타,승용,남,49세,상해없음,승용,남,54세,경상
2017012900100246,2017년 1월 29일 18시,일요일,전라남도 고흥군 도양읍,경상사고,0,0,4,0,차대차 - 측면충돌,교차로운행방법위반,건조,맑음,교차로 - 교차로안,승용,남,44세,경상,승용,남,65세,경상
2017012900100265,2017년 1월 29일 19시,일요일,전라남도 순천시 남정동,경상사고,0,0,2,0,차대차 - 측면충돌,교차로운행방법위반,젖음/습기,비,교차로 - 교차로안,승용,남,47세,상해없음,승용,남,27세,경상
2017012900100291,2017년 1월 29일 20시,일요일,전라남도 여수시 선원동,경상사고,0,0,6,0,차대차 - 측면충돌,신호위반,건조,흐림,교차로 - 교차로안,승용,남,48세,경상,승용,남,61세,경상
2017012900100308,2017년 1월 29일 21시,일요일,전라남도 순천시 연향동,중상사고,0,1,6,0,차대차 - 추돌,안전운전불이행,건조,맑음,교차로 - 교차로부근,화물,남,48세,상해없음,승용,여,30세,경상
2017012900100309,2017년 1월 29일 21시,일요일,전라남도 나주시 성북동,경상사고,0,0,2,0,차대차 - 추돌,안전운전불이행,젖음/습기,흐림,교차로 - 교차로부근,승용,남,53세,상해없음,승용,여,46세,경상
2017012900100310,2017년 1월 29일 21시,일요일,전라남도 해남군 산이면,중상사고,0,1,0,0,차대차 - 측면충돌,신호위반,건조,맑음,교차로 - 교차로안,승용,남,41세,상해없음,이륜,남,18세,중상
2017013000100018,2017년 1월 30일 00시,월요일,전라남도 목포시 옥암동,중상사고,0,1,0,0,차대사람 - 횡단중,보행자보호의무위반,건조,맑음,단일로 - 기타,승용,여,31세,상해없음,보행자,남,58세,중상
2017013000100019,2017년 1월 30일 00시,월요일,전라남도 순천시 해룡면,중상사고,0,1,0,0,차대사람 - 길가장자리구역통행중,안전운전불이행,건조,맑음,단일로 - 기타,승용,남,35세,상해없음,보행자,남,37세,중상
2017013000100030,2017년 1월 30일 01시,월요일,전라남도 목포시 죽교동,중상사고,0,1,1,0,차대사람 - 횡단중,안전운전불이행,건조,맑음,단일로 - 기타,승용,남,51세,상해없음,보행자,남,57세,경상
2017013000100045,2017년 1월 30일 02시,월요일,전라남도 순천시 해룡면,사망사고,1,0,0,0,차량단독 - 전도전복,안전운전불이행,건조,맑음,단일로 - 기타,승용,남,30세,사망,미분류,미분류,미분류,미분류
2017013000100062,2017년 1월 30일 04시,월요일,전라남도 장흥군 안양면,중상사고,0,1,0,0,차량단독 - 공작물충돌,안전운전불이행,젖음/습기,비,단일로 - 기타,화물,남,25세,중상,,,,
2017013000100078,2017년 1월 30일 06시,월요일,전라남도 여수시 신기동,경상사고,0,0,1,0,차대차 - 측면충돌,중앙선침범,건조,맑음,단일로 - 기타,승용,남,25세,상해없음,승용,남,31세,경상
2017013000100088,2017년 1월 30일 07시,월요일,전라남도 여수시 주삼동,중상사고,0,1,0,0,차대차 - 정면충돌,중앙선침범,건조,맑음,단일로 - 기타,승용,남,74세,상해없음,승용,남,22세,중상
2017013000100107,2017년 1월 30일 09시,월요일,전라남도 영암군 영암읍,경상사고,0,0,2,0,차대차 - 측면충돌,신호위반,건조,맑음,교차로 - 교차로안,승용,남,44세,상해없음,승용,남,50세,경상
2017013000100108,2017년 1월 30일 09시,월요일,전라남도 광양시 옥룡면,경상사고,0,0,1,0,차대차 - 측면충돌,안전운전불이행,건조,맑음,단일로 - 기타,승용,여,46세,경상,승용,남,51세,상해없음
2017013000100117,2017년 1월 30일 10시,월요일,전라남도 나주시 평산동,중상사고,0,2,3,0,차대차 - 측면충돌,안전운전불이행,건조,맑음,단일로 - 기타,승용,남,41세,경상,승용,남,45세,중상
2017013000100127,2017년 1월 30일 11시,월요일,전라남도 목포시 용해동,경상사고,0,0,1,0,차대차 - 측면충돌,안전운전불이행,건조,맑음,단일로 - 기타,승용,남,36세,상해없음,승합,남,66세,경상
2017013000100147,2017년 1월 30일 12시,월요일,전라남도 나주시 산정동,경상사고,0,0,1,0,차대차 - 측면충돌,교차로운행방법위반,건조,맑음,교차로 - 교차로안,승용,남,52세,상해없음,승용,여,45세,경상
2017013000100148,2017년 1월 30일 12시,월요일,전라남도 함평군 함평읍,경상사고,0,0,1,0,차대차 - 추돌,안전운전불이행,건조,맑음,교차로 - 교차로안,이륜,남,82세,경상,승용,남,56세,상해없음
2017013000100149,2017년 1월 30일 12시,월요일,전라남도 무안군 현경면,중상사고,0,4,0,0,차대차 - 정면충돌,안전운전불이행,건조,맑음,교차로 - 교차로안,승용,남,43세,상해없음,화물,남,62세,중상
2017013000100195,2017년 1월 30일 14시,월요일,전라남도 강진군 도암면,중상사고,0,2,0,0,차량단독 - 공작물충돌,안전운전불이행,건조,맑음,단일로 - 기타,승용,여,55세,중상,,,,
2017013000100245,2017년 1월 30일 16시,월요일,전라남도 나주시 평산동,경상사고,0,0,3,0,차대차 - 측면충돌,안전거리미확보,건조,맑음,단일로 - 기타,화물,남,61세,경상,승용,여,46세,경상
2017013000100246,2017년 1월 30일 16시,월요일,전라남도 보성군 벌교읍,경상사고,0,0,4,0,차대차 - 기타,안전거리미확보,건조,맑음,단일로 - 기타,승용,남,21세,상해없음,승용,남,38세,경상
2017013000100301,2017년 1월 30일 19시,월요일,전라남도 장성군 서삼면,경상사고,0,0,1,0,차대차 - 측면충돌,안전운전불이행,건조,맑음,교차로 - 교차로부근,화물,남,60세,상해없음,승용,여,43세,경상
2017013000100364,2017년 1월 30일 22시,월요일,전라남도 무안군 삼향읍,중상사고,0,1,0,0,차대차 - 측면충돌,안전운전불이행,건조,맑음,교차로 - 교차로안,승합,여,39세,상해없음,이륜,남,18세,중상
2017013100100034,2017년 1월 31일 01시,화요일,전라남도 함평군 해보면,중상사고,0,1,0,0,차대사람 - 차도통행중,안전운전불이행,건조,맑음,단일로 - 기타,승용,남,64세,상해없음,보행자,여,41세,중상
2017013100100068,2017년 1월 31일 06시,화요일,전라남도 여수시 신기동,경상사고,0,0,1,0,차대차 - 측면충돌,신호위반,건조,맑음,교차로 - 교차로안,화물,남,52세,상해없음,승용,여,55세,경상
2017013100100109,2017년 1월 31일 09시,화요일,전라남도 나주시 공산면,사망사고,1,0,0,0,차대차 - 측면충돌,안전운전불이행,건조,맑음,단일로 - 기타,승용,여,55세,상해없음,원동기,남,82세,사망
2017013100100110,2017년 1월 31일 09시,화요일,전라남도 화순군 화순읍,경상사고,0,0,2,0,차대차 - 기타,교차로운행방법위반,건조,맑음,교차로 - 교차로부근,승용,남,70세,상해없음,승용,남,42세,경상
2017013100100150,2017년 1월 31일 11시,화요일,전라남도 담양군 담양읍,경상사고,0,0,2,0,차대차 - 측면충돌,직진우회전진행방해,건조,맑음,교차로 - 교차로안,화물,남,58세,경상,화물,남,25세,경상
2017013100100183,2017년 1월 31일 12시,화요일,전라남도 목포시 동명동,경상사고,0,0,1,0,차대차 - 측면충돌,신호위반,건조,맑음,교차로 - 교차로안,승합,남,63세,상해없음,승용,남,40세,경상
2017013100100184,2017년 1월 31일 12시,화요일,전라남도 강진군 강진읍,경상사고,0,0,1,0,차대사람 - 횡단중,안전운전불이행,건조,맑음,교차로 - 교차로안,승용,여,69세,상해없음,보행자,여,26세,경상
2017013100100205,2017년 1월 31일 13시,화요일,전라남도 보성군 벌교읍,경상사고,0,0,1,0,차대차 - 측면충돌,직진우회전진행방해,건조,맑음,교차로 - 교차로안,화물,남,60세,상해없음,승용,여,31세,경상
2017013100100269,2017년 1월 31일 15시,화요일,전라남도 목포시 상동,중상사고,0,1,0,0,차대차 - 기타,안전운전불이행,건조,맑음,단일로 - 기타,자전거,남,25세,중상,승용,여,59세,상해없음
2017013100100270,2017년 1월 31일 15시,화요일,전라남도 해남군 옥천면,경상사고,0,0,2,0,차대사람 - 횡단중,보행자보호의무위반,건조,맑음,단일로 - 기타,승용,남,37세,상해없음,보행자,여,70세,경상
2017013100100306,2017년 1월 31일 16시,화요일,전라남도 고흥군 도양읍,중상사고,0,1,2,0,차대차 - 측면충돌,과속,건조,맑음,교차로 - 교차로안,화물,남,57세,중상,승용,여,44세,경상
2017013100100307,2017년 1월 31일 16시,화요일,전라남도 광양시 금호동,중상사고,0,1,0,0,차대사람 - 횡단중,보행자보호의무위반,건조,맑음,교차로 - 교차로횡단보도내,승용,남,63세,상해없음,보행자,여,60세,중상
2017013100100332,2017년 1월 31일 17시,화요일,전라남도 완도군 고금면,사망사고,1,0,0,0,차대사람 - 횡단중,안전운전불이행,건조,맑음,교차로 - 교차로안,화물,남,59세,상해없음,보행자,여,72세,사망
2017013100100333,2017년 1월 31일 17시,화요일,전라남도 무안군 운남면,중상사고,0,1,0,0,차대차 - 기타,안전운전불이행,건조,맑음,교차로 - 교차로안,화물,남,43세,상해없음,화물,남,35세,중상
2017013100100357,2017년 1월 31일 18시,화요일,전라남도 여수시 웅천동,경상사고,0,0,1,0,차대차 - 측면충돌,차로위반,건조,맑음,단일로 - 기타,승용,여,40세,상해없음,승용,여,28세,경상
2017013100100358,2017년 1월 31일 18시,화요일,전라남도 해남군 북평면,경상사고,0,0,1,0,차대차 - 측면충돌,안전운전불이행,건조,맑음,교차로 - 교차로부근,화물,남,25세,상해없음,화물,남,53세,상해없음
2017013100100403,2017년 1월 31일 20시,화요일,전라남도 완도군 완도읍,경상사고,0,0,1,0,차대차 - 측면충돌,직진우회전진행방해,건조,맑음,교차로 - 교차로안,승용,남,45세,경상,승용,남,44세,상해없음
2017013100100404,2017년 1월 31일 20시,화요일,전라남도 광양시 황금동,중상사고,0,1,1,0,차대차 - 추돌,안전운전불이행,건조,맑음,단일로 - 기타,승용,남,59세,중상,건설기계,남,38세,경상
2017013100100473,2017년 1월 31일 23시,화요일,전라남도 여수시 율촌면,사망사고,1,0,0,0,차대차 - 추돌,안전운전불이행,건조,맑음,단일로 - 기타,승용,남,30세,사망,화물,남,39세,상해없음
2017013100100474,2017년 1월 31일 23시,화요일,전라남도 담양군 용면,경상사고,0,0,2,0,차대차 - 기타,중앙선침범,건조,맑음,단일로 - 기타,승용,남,37세,상해없음,승용,여,60세,경상
2017020100100048,2017년 2월 1일 03시,수요일,전라남도 여수시 봉계동,중상사고,0,1,0,0,차량단독 - 전도전복,안전운전불이행,건조,맑음,단일로 - 기타,승용,남,45세,중상,미분류,미분류,미분류,미분류
2017020100100055,2017년 2월 1일 04시,수요일,전라남도 순천시 저전동,중상사고,0,1,0,0,차대차 - 측면충돌,교차로운행방법위반,건조,맑음,교차로 - 교차로안,승용,남,16세,상해없음,원동기,여,55세,중상