사고번호,사고일시,요일,시군구,사고내용,사망자수,중상자수,경상자수,부상신고자수,사고유형,법규위반,노면상태,기상상태,도로형태,가해운전자 차종,가해운전자 성별,가해운전자 연령,가해운전자 상해정도,피해운전자 차종,피해운전자 성별,피해운전자 연령,피해운전자 상해정도
2017021200100416,2017년 2월 12일 22시,일요일,전라남도 여수시 신기동,경상사고,0,0,1,0,차대사람 - 횡단중,보행자보호의무위반,건조,맑음,교차로 - 교차로부근,승용,남,62세,상해없음,보행자,여,18세,경상
2017021200100417,2017년 2월 12일 22시,일요일,전라남도 순천시 조례동,경상사고,0,0,2,0,차대차 - 측면충돌,안전운전불이행,건조,맑음,교차로 - 교차로안,승용,남,30세,상해없음,승용,남,54세,상해없음
2017021300100067,2017년 2월 13일 06시,월요일,전라남도 여수시 소라면,중상사고,0,1,0,0,차대사람 - 차도통행중,안전운전불이행,건조,맑음,교차로 - 교차로부근,건설기계,남,39세,상해없음,보행자,여,90세 이상,중상
2017021300100119,2017년 2월 13일 08시,월요일,전라남도 고흥군 고흥읍,중상사고,0,1,1,0,차대차 - 측면충돌,직진우회전진행방해,건조,맑음,교차로 - 교차로안,승용,남,55세,중상,승용,여,49세,경상
2017021300100120,2017년 2월 13일 08시,월요일,전라남도 완도군 완도읍,경상사고,0,0,1,0,차대사람 - 길가장자리구역통행중,안전운전불이행,건조,맑음,기타 - 기타,승용,여,44세,상해없음,보행자,여,69세,경상
2017021300100167,2017년 2월 13일 10시,월요일,전라남도 화순군 화순읍,중상사고,0,1,0,0,차대차 - 측면충돌,안전거리미확보,건조,맑음,교차로 - 교차로안,승용,남,51세,상해없음,이륜,남,83세,중상
2017021300100227,2017년 2월 13일 12시,월요일,전라남도 목포시 동명동,경상사고,0,0,1,0,차대사람 - 기타,안전운전불이행,건조,맑음,단일로 - 기타,기타불명,기타불명,미분류,기타불명,보행자,여,74세,경상
2017021300100228,2017년 2월 13일 12시,월요일,전라남도 무안군 해제면,중상사고,0,1,0,0,차대사람 - 차도통행중,안전운전불이행,건조,맑음,단일로 - 기타,화물,남,38세,상해없음,보행자,여,64세,중상
2017021300100247,2017년 2월 13일 13시,월요일,전라남도 여수시 월하동,경상사고,0,0,1,0,차대차 - 측면충돌,안전거리미확보,건조,맑음,단일로 - 기타,특수,남,64세,상해없음,승용,남,60세,경상
2017021300100248,2017년 2월 13일 13시,월요일,전라남도 해남군 해남읍,중상사고,0,1,0,0,차대사람 - 횡단중,안전운전불이행,건조,맑음,단일로 - 기타,승용,남,28세,기타불명,보행자,남,66세,중상
2017021300100309,2017년 2월 13일 15시,월요일,전라남도 목포시 상동,경상사고,0,0,2,0,차대차 - 기타,안전운전불이행,건조,맑음,단일로 - 기타,승용,남,55세,상해없음,승용,남,56세,경상
2017021300100310,2017년 2월 13일 15시,월요일,전라남도 광양시 광양읍,중상사고,0,1,1,0,차대차 - 정면충돌,직진우회전진행방해,건조,맑음,교차로 - 교차로안,승용,남,69세,경상,승용,남,64세,중상
2017021300100337,2017년 2월 13일 16시,월요일,전라남도 목포시 상동,경상사고,0,0,1,0,차대차 - 후진중충돌,안전운전불이행,건조,맑음,단일로 - 기타,화물,남,58세,기타불명,자전거,남,61세,경상
2017021300100437,2017년 2월 13일 19시,월요일,전라남도 나주시 동수동,경상사고,0,0,1,0,차량단독 - 전도전복 - 전도,안전운전불이행,건조,맑음,단일로 - 교량,승용,남,32세,경상,,,,
2017021300100438,2017년 2월 13일 19시,월요일,전라남도 곡성군 곡성읍,중상사고,0,1,0,0,차대사람 - 횡단중,안전운전불이행,건조,맑음,단일로 - 기타,승용,여,43세,상해없음,보행자,남,57세,중상
2017021300100439,2017년 2월 13일 19시,월요일,전라남도 무안군 무안읍,중상사고,0,1,0,0,차대사람 - 횡단중,안전운전불이행,건조,맑음,단일로 - 기타,승용,남,19세,상해없음,보행자,남,22세,중상
2017021300100509,2017년 2월 13일 21시,월요일,전라남도 곡성군 곡성읍,경상사고,0,0,1,1,차대차 - 측면충돌,직진우회전진행방해,건조,맑음,교차로 - 교차로안,이륜,남,57세,부상신고,승용,남,32세,상해없음
2017021300100565,2017년 2월 13일 23시,월요일,전라남도 곡성군 입면,중상사고,0,1,0,0,차대사람 - 횡단중,안전운전불이행,건조,맑음,단일로 - 기타,승용,남,22세,상해없음,보행자,남,35세,중상
2017021400100024,2017년 2월 14일 00시,화요일,전라남도 여수시 율촌면,중상사고,0,1,0,0,차대차 - 측면충돌,안전운전불이행,건조,맑음,단일로 - 기타,승용,여,49세,상해없음,화물,남,55세,상해없음
2017021400100080,2017년 2월 14일 06시,화요일,전라남도 영암군 신북면,경상사고,0,0,3,0,차대차 - 추돌,안전운전불이행,건조,맑음,교차로 - 교차로부근,승용,남,61세,상해없음,승용,남,36세,경상
2017021400100104,2017년 2월 14일 07시,화요일,전라남도 무안군 무안읍,사망사고,1,0,2,0,차대차 - 추돌,안전운전불이행,건조,맑음,단일로 - 터널,승용,남,18세,기타불명,화물,남,37세,경상
2017021400100105,2017년 2월 14일 07시,화요일,전라남도 여수시 미평동,경상사고,0,0,1,0,차대차 - 측면충돌,안전운전불이행,건조,맑음,교차로 - 교차로안,승용,남,53세,상해없음,승용,남,60세,경상
2017021400100138,2017년 2월 14일 08시,화요일,전라남도 나주시 왕곡면,경상사고,0,0,2,0,차대차 - 기타,안전운전불이행,건조,맑음,단일로 - 기타,화물,남,22세,경상,화물,남,44세,경상
2017021400100139,2017년 2월 14일 08시,화요일,전라남도 완도군 고금면,사망사고,1,0,1,0,차대차 - 추돌,기타,건조,맑음,교차로 - 교차로안,화물,남,66세,사망,화물,남,36세,경상
2017021400100172,2017년 2월 14일 09시,화요일,전라남도 나주시 금천면,경상사고,0,0,1,0,차대사람 - 횡단중,보행자보호의무위반,건조,맑음,교차로 - 교차로안,승용,여,27세,상해없음,보행자,남,56세,경상
2017021400100251,2017년 2월 14일 12시,화요일,전라남도 완도군 고금면,중상사고,0,1,0,0,차대사람 - 기타,안전운전불이행,건조,맑음,단일로 - 기타,화물,남,58세,상해없음,보행자,여,82세,중상
2017021400100275,2017년 2월 14일 13시,화요일,전라남도 무안군 무안읍,중상사고,0,1,0,0,차대차 - 측면충돌,안전운전불이행,건조,맑음,교차로 - 교차로안,승용,여,58세,상해없음,이륜,남,68세,중상
2017021400100310,2017년 2월 14일 14시,화요일,전라남도 장흥군 장흥읍,경상사고,0,0,2,0,차대차 - 측면충돌,안전운전불이행,건조,맑음,단일로 - 기타,승용,남,22세,상해없음,승용,여,19세,경상
2017021400100337,2017년 2월 14일 15시,화요일,전라남도 순천시 조례동,경상사고,0,0,1,0,차대차 - 측면충돌,교차로운행방법위반,건조,맑음,교차로 - 교차로안,승용,남,28세,상해없음,원동기,남,19세,경상
2017021400100338,2017년 2월 14일 15시,화요일,전라남도 순천시 해룡면,중상사고,0,1,0,0,차대사람 - 횡단중,보행자보호의무위반,건조,맑음,교차로 - 교차로횡단보도내,승용,여,46세,상해없음,보행자,여,47세,중상
2017021400100339,2017년 2월 14일 15시,화요일,전라남도 완도군 완도읍,경상사고,0,0,2,0,차대차 - 측면충돌,안전운전불이행,건조,맑음,단일로 - 기타,화물,남,53세,상해없음,승용,남,66세,경상
2017021400100374,2017년 2월 14일 16시,화요일,전라남도 순천시 조례동,중상사고,0,1,0,0,차대사람 - 횡단중,안전운전불이행,건조,맑음,교차로 - 교차로안,승용,남,45세,상해없음,보행자,남,7세,중상
2017021400100375,2017년 2월 14일 16시,화요일,전라남도 보성군 벌교읍,경상사고,0,0,1,0,차대차 - 추돌,안전거리미확보,건조,맑음,교차로 - 교차로부근,화물,남,62세,상해없음,승용,남,66세,경상
2017021400100488,2017년 2월 14일 19시,화요일,전라남도 광양시 옥룡면,중상사고,0,1,0,0,차대사람 - 길가장자리구역통행중,안전운전불이행,건조,맑음,단일로 - 기타,승용,여,54세,상해없음,보행자,남,58세,중상
2017021400100544,2017년 2월 14일 21시,화요일,전라남도 영광군 군서면,중상사고,0,1,0,0,차대차 - 측면충돌,중앙선침범,건조,맑음,단일로 - 기타,원동기,남,57세,중상,승용,여,57세,상해없음
2017021400100589,2017년 2월 14일 23시,화요일,전라남도 나주시 반남면,부상신고사고,0,0,0,1,차량단독 - 전도전복,안전운전불이행,건조,맑음,단일로 - 기타,화물,남,40세,부상신고,미분류,미분류,미분류,미분류
2017021500100023,2017년 2월 15일 00시,수요일,전라남도 목포시 대성동,중상사고,0,1,0,0,차대사람 - 기타,안전운전불이행,건조,흐림,단일로 - 기타,승용,남,48세,상해없음,보행자,남,43세,중상
2017021500100024,2017년 2월 15일 00시,수요일,전라남도 영암군 삼호읍,중상사고,0,1,0,0,차대차 - 기타,안전운전불이행,건조,맑음,단일로 - 기타,승용,남,46세,중상,승용,여,45세,상해없음
2017021500100163,2017년 2월 15일 09시,수요일,전라남도 여수시 봉강동,경상사고,0,0,3,0,차대차 - 측면충돌,직진우회전진행방해,건조,맑음,교차로 - 교차로안,승용,남,59세,상해없음,승용,여,35세,경상
2017021500100164,2017년 2월 15일 09시,수요일,전라남도 순천시 조례동,경상사고,0,0,1,0,차대차 - 측면충돌,안전운전불이행,건조,맑음,기타 - 기타,원동기,남,80세,경상,승용,여,53세,상해없음
2017021500100181,2017년 2월 15일 10시,수요일,전라남도 나주시 봉황면,경상사고,0,0,1,0,차대차 - 기타,안전운전불이행,건조,맑음,단일로 - 기타,건설기계,남,55세,상해없음,원동기,남,81세,경상
2017021500100182,2017년 2월 15일 10시,수요일,전라남도 고흥군 고흥읍,중상사고,0,1,0,0,차량단독 - 기타,안전운전불이행,건조,맑음,단일로 - 기타,승용,여,60세,중상,,,,
2017021500100183,2017년 2월 15일 10시,수요일,전라남도 광양시 마동,중상사고,0,1,2,0,차대차 - 측면충돌,신호위반,건조,맑음,교차로 - 교차로안,승합,남,66세,상해없음,화물,남,50세,중상
2017021500100213,2017년 2월 15일 11시,수요일,전라남도 여수시 충무동,경상사고,0,0,2,0,차대차 - 추돌,안전운전불이행,건조,맑음,교차로 - 교차로안,승용,남,67세,상해없음,승용,남,65세,경상
2017021500100214,2017년 2월 15일 11시,수요일,전라남도 순천시 조례동,중상사고,0,1,0,0,차대차 - 측면충돌,직진우회전진행방해,건조,맑음,교차로 - 교차로안,승용,남,48세,상해없음,원동기,남,16세,중상
2017021500100215,2017년 2월 15일 11시,수요일,전라남도 순천시 가곡동,중상사고,0,1,0,0,차량단독 - 기타,안전운전불이행,건조,맑음,단일로 - 기타,승합,남,59세,상해없음,,,,
2017021500100245,2017년 2월 15일 12시,수요일,전라남도 영암군 삼호읍,경상사고,0,0,3,0,차대차 - 추돌,안전운전불이행,건조,맑음,교차로 - 교차로부근,승용,남,56세,상해없음,승용,남,26세,경상
2017021500100270,2017년 2월 15일 13시,수요일,전라남도 목포시 산정동,중상사고,0,1,1,0,차대사람 - 횡단중,안전운전불이행,건조,맑음,교차로 - 교차로부근,승용,남,62세,상해없음,보행자,여,74세,중상
2017021500100271,2017년 2월 15일 13시,수요일,전라남도 여수시 문수동,중상사고,0,1,0,0,차대차 - 측면충돌,교차로운행방법위반,건조,맑음,교차로 - 교차로안,승용,여,48세,상해없음,이륜,남,17세,중상
2017021500100272,2017년 2월 15일 13시,수요일,전라남도 장흥군 관산읍,중상사고,0,1,0,0,차대차 - 측면충돌,신호위반,건조,맑음,교차로 - 교차로안,승용,여,42세,상해없음,이륜,남,72세,중상
2017021500100273,2017년 2월 15일 13시,수요일,전라남도 담양군 담양읍,경상사고,0,0,1,0,차대차 - 후진중충돌,안전운전불이행,건조,맑음,교차로 - 교차로부근,승용,여,55세,상해없음,화물,남,47세,경상
2017021500100315,2017년 2월 15일 15시,수요일,전라남도 목포시 산정동,경상사고,0,0,1,0,차대차 - 측면충돌,안전운전불이행,건조,맑음,교차로 - 교차로안,이륜,남,36세,경상,이륜,남,48세,상해없음
2017021500100316,2017년 2월 15일 15시,수요일,전라남도 광양시 광양읍,경상사고,0,0,1,0,차대차 - 측면충돌,안전거리미확보,건조,맑음,단일로 - 기타,승용,남,26세,상해없음,이륜,남,34세,경상
2017021500100346,2017년 2월 15일 16시,수요일,전라남도 순천시 조곡동,경상사고,0,0,1,0,차대차 - 추돌,안전운전불이행,건조,맑음,단일로 - 기타,승용,여,38세,상해없음,화물,남,35세,경상
2017021500100369,2017년 2월 15일 17시,수요일,전라남도 보성군 미력면,경상사고,0,0,3,0,차대차 - 측면충돌,신호위반,건조,맑음,교차로 - 교차로안,승용,남,76세,경상,화물,남,46세,경상
2017021500100370,2017년 2월 15일 17시,수요일,전라남도 보성군 보성읍,중상사고,0,1,1,0,차대차 - 측면충돌,안전운전불이행,건조,맑음,교차로 - 교차로안,화물,남,66세,상해없음,이륜,남,19세,중상
2017021500100468,2017년 2월 15일 20시,수요일,전라남도 영암군 삼호읍,경상사고,0,0,1,0,차대차 - 후진중충돌,불법유턴,건조,맑음,교차로 - 교차로부근,승용,여,59세,상해없음,승용,여,30세,경상
2017021500100469,2017년 2월 15일 20시,수요일,전라남도 광양시 중동,경상사고,0,0,2,0,차대차 - 측면충돌,신호위반,건조,맑음,교차로 - 교차로안,승용,남,37세,경상,승용,여,48세,경상
2017021500100495,2017년 2월 15일 21시,수요일,전라남도 순천시 덕월동,중상사고,0,1,1,0,차대차 - 측면충돌,안전운전불이행,건조,맑음,교차로 - 교차로부근,승용,남,40세,상해없음,원동기,남,54세,경상
2017021500100522,2017년 2월 15일 22시,수요일,전라남도 순천시 조례동,경상사고,0,0,1,0,차대차 - 측면충돌,신호위반,건조,맑음,교차로 - 교차로횡단보도내,원동기,남,28세,상해없음,자전거,여,21세,경상
2017021600100040,2017년 2월 16일 01시,목요일,전라남도 목포시 상동,경상사고,0,0,1,0,차대차 - 측면충돌,안전운전불이행,건조,맑음,단일로 - 기타,승용,남,40세,상해없음,승용,여,49세,경상
2017021600100068,2017년 2월 16일 05시,목요일,전라남도 진도군 진도읍,중상사고,0,1,5,0,차대차 - 추돌,안전운전불이행,건조,흐림,단일로 - 기타,화물,남,50세,경상,승용,남,56세,경상
2017021600100081,2017년 2월 16일 06시,목요일,전라남도 나주시 왕곡면,경상사고,0,0,2,0,차대차 - 추돌,교차로운행방법위반,건조,맑음,교차로 - 교차로안,승용,남,53세,경상,화물,남,53세,경상
2017021600100094,2017년 2월 16일 07시,목요일,전라남도 목포시 호남동,중상사고,0,1,0,0,차대사람 - 횡단중,안전운전불이행,건조,맑음,단일로 - 기타,승용,남,45세,상해없음,보행자,여,78세,중상
2017021600100095,2017년 2월 16일 07시,목요일,전라남도 목포시 옥암동,경상사고,0,0,1,0,차대차 - 측면충돌,안전운전불이행,건조,맑음,교차로 - 교차로부근,승용,여,42세,상해없음,화물,남,30세,경상
2017021600100096,2017년 2월 16일 07시,목요일,전라남도 영암군 삼호읍,경상사고,0,0,1,0,차대차 - 추돌,안전거리미확보,건조,맑음,교차로 - 교차로부근,승용,남,51세,상해없음,승용,남,38세,경상
2017021600100123,2017년 2월 16일 08시,목요일,전라남도 화순군 화순읍,중상사고,0,1,0,0,차대사람 - 횡단중,안전운전불이행,건조,맑음,교차로 - 교차로안,승용,여,47세,상해없음,보행자,남,68세,중상
2017021600100180,2017년 2월 16일 10시,목요일,전라남도 고흥군 동일면,경상사고,0,0,1,0,차대차 - 정면충돌,중앙선침범,건조,맑음,단일로 - 기타,승용,남,58세,상해없음,승용,여,54세,경상
2017021600100181,2017년 2월 16일 10시,목요일,전라남도 무안군 해제면,경상사고,0,0,1,0,차대차 - 기타,중앙선침범,건조,맑음,단일로 - 기타,화물,남,62세,상해없음,승용,여,29세,경상
2017021600100207,2017년 2월 16일 11시,목요일,전라남도 영암군 삼호읍,중상사고,0,1,1,0,차대차 - 측면충돌,안전운전불이행,건조,맑음,교차로 - 교차로안,승용,남,51세,경상,이륜,남,34세,중상
2017021600100208,2017년 2월 16일 11시,목요일,전라남도 장성군 장성읍,경상사고,0,0,1,0,차대사람 - 횡단중,안전운전불이행,건조,맑음,교차로 - 교차로부근,승용,남,76세,상해없음,보행자,여,66세,경상
2017021600100228,2017년 2월 16일 12시,목요일,전라남도 순천시 왕지동,중상사고,0,1,0,0,차대차 - 측면충돌,안전거리미확보,건조,맑음,단일로 - 기타,사륜오토바이(ATV),남,80세,중상,승용,남,69세,상해없음
2017021600100244,2017년 2월 16일 13시,목요일,전라남도 여수시 화양면,경상사고,0,0,2,0,차대차 - 정면충돌,중앙선침범,건조,맑음,단일로 - 기타,화물,남,62세,경상,건설기계,남,56세,경상
2017021600100275,2017년 2월 16일 14시,목요일,전라남도 목포시 연산동,경상사고,0,0,1,0,차대사람 - 길가장자리구역통행중,보행자보호의무위반,건조,맑음,단일로 - 기타,승용,여,38세,상해없음,보행자,여,9세,경상
2017021600100276,2017년 2월 16일 14시,목요일,전라남도 순천시 상사면,중상사고,0,3,0,0,차대차 - 기타,안전운전불이행,건조,맑음,단일로 - 기타,승용,여,57세,중상,승용,남,31세,기타불명
2017021600100325,2017년 2월 16일 16시,목요일,전라남도 무안군 현경면,경상사고,0,0,1,0,차대차 - 측면충돌,안전운전불이행,건조,맑음,교차로 - 교차로안,화물,남,60세,상해없음,화물,남,59세,경상
2017021600100401,2017년 2월 16일 18시,목요일,전라남도 순천시 석현동,사망사고,1,0,0,0,차대사람 - 횡단중,안전운전불이행,젖음/습기,비,교차로 - 교차로부근,승용,남,22세,상해없음,보행자,남,75세,사망
2017021600100402,2017년 2월 16일 18시,목요일,전라남도 순천시 동외동,중상사고,0,1,0,0,차대사람 - 횡단중,안전운전불이행,젖음/습기,비,교차로 - 교차로안,승용,남,31세,상해없음,보행자,여,70세,중상
2017021600100403,2017년 2월 16일 18시,목요일,전라남도 해남군 마산면,경상사고,0,0,1,0,차량단독 - 공작물충돌,안전운전불이행,건조,맑음,단일로 - 기타,승용,여,51세,경상,,,,
2017021600100404,2017년 2월 16일 18시,목요일,전라남도 광양시 중동,경상사고,0,0,1,0,차대차 - 정면충돌,신호위반,건조,맑음,교차로 - 교차로안,승용,남,26세,상해없음,승용,남,48세,경상
2017021600100405,2017년 2월 16일 18시,목요일,전라남도 광양시 중동,경상사고,0,0,1,0,차대차 - 측면충돌,교차로운행방법위반,젖음/습기,비,교차로 - 교차로안,승용,남,26세,상해없음,원동기,남,35세,경상
2017021600100434,2017년 2월 16일 19시,목요일,전라남도 고흥군 남양면,중상사고,0,1,0,0,차량단독 - 기타,안전운전불이행,젖음/습기,비,단일로 - 기타,승용,남,64세,중상,,,,
2017021600100472,2017년 2월 16일 20시,목요일,전라남도 목포시 호남동,중상사고,0,1,1,0,차대차 - 측면충돌,차로위반,건조,맑음,단일로 - 기타,승합,남,58세,상해없음,이륜,남,74세,경상
2017021600100473,2017년 2월 16일 20시,목요일,전라남도 광양시 중동,중상사고,0,1,0,0,차대사람 - 횡단중,안전운전불이행,젖음/습기,비,단일로 - 기타,승용,남,48세,상해없음,보행자,남,58세,중상
2017021600100501,2017년 2월 16일 21시,목요일,전라남도 여수시 선원동,경상사고,0,0,1,0,차대사람 - 횡단중,신호위반,젖음/습기,비,교차로 - 교차로횡단보도내,승용,남,60세,상해없음,보행자,여,67세,경상
2017021600100502,2017년 2월 16일 21시,목요일,전라남도 광양시 광양읍,경상사고,0,0,1,0,차대차 - 측면충돌,교차로운행방법위반,젖음/습기,비,교차로 - 교차로안,승용,남,64세,상해없음,승용,남,54세,경상
2017021600100537,2017년 2월 16일 22시,목요일,전라남도 나주시 성북동,경상사고,0,0,1,0,차대차 - 측면충돌,신호위반,젖음/습기,비,교차로 - 교차로안,승용,남,47세,상해없음,승합,남,54세,경상
2017021600100538,2017년 2월 16일 22시,목요일,전라남도 강진군 성전면,경상사고,0,0,1,0,차량단독 - 기타,안전운전불이행,젖음/습기,비,단일로 - 기타,화물,남,30세,경상,,,,
2017021600100575,2017년 2월 16일 23시,목요일,전라남도 고흥군 풍양면,중상사고,0,1,0,0,차량단독 - 공작물충돌,안전운전불이행,젖음/습기,비,단일로 - 기타,승용,남,39세,중상,,,,
2017021600100576,2017년 2월 16일 23시,목요일,전라남도 광양시 중동,경상사고,0,0,1,0,차대차 - 기타,안전운전불이행,젖음/습기,비,교차로 - 교차로부근,승용,남,20세,상해없음,이륜,남,25세,경상
2017021700100034,2017년 2월 17일 00시,금요일,전라남도 목포시 상동,경상사고,0,0,1,0,차대사람 - 횡단중,안전운전불이행,젖음/습기,비,단일로 - 기타,승용,남,64세,상해없음,보행자,남,22세,경상
2017021700100035,2017년 2월 17일 00시,금요일,전라남도 목포시 상동,중상사고,0,1,4,0,차대차 - 측면충돌,교차로운행방법위반,젖음/습기,맑음,교차로 - 교차로안,승용,남,38세,경상,화물,여,33세,경상
2017021700100106,2017년 2월 17일 05시,금요일,전라남도 장흥군 장흥읍,경상사고,0,0,3,0,차대차 - 측면충돌,중앙선침범,젖음/습기,비,교차로 - 교차로안,화물,여,46세,상해없음,승용,남,50세,경상
2017021700100117,2017년 2월 17일 06시,금요일,전라남도 여수시 덕충동,중상사고,0,1,1,0,차대차 - 기타,안전운전불이행,젖음/습기,흐림,단일로 - 기타,승용,남,31세,중상,승용,남,49세,경상
2017021700100182,2017년 2월 17일 09시,금요일,전라남도 순천시 왕지동,경상사고,0,0,1,0,차대차 - 측면충돌,교차로운행방법위반,건조,맑음,교차로 - 교차로안,승용,남,23세,상해없음,승용,여,27세,경상
2017021700100209,2017년 2월 17일 10시,금요일,전라남도 목포시 상동,경상사고,0,0,1,0,차대사람 - 횡단중,안전운전불이행,건조,맑음,교차로 - 교차로안,화물,남,56세,상해없음,보행자,여,44세,경상
2017021700100210,2017년 2월 17일 10시,금요일,전라남도 여수시 봉산동,경상사고,0,0,2,0,차대차 - 측면충돌,교차로운행방법위반,건조,맑음,교차로 - 교차로안,승용,남,57세,상해없음,승용,남,60세,경상
2017021700100211,2017년 2월 17일 10시,금요일,전라남도 무안군 무안읍,중상사고,0,2,0,0,차대차 - 측면충돌,안전운전불이행,건조,맑음,교차로 - 교차로횡단보도내,화물,남,73세,상해없음,승용,여,57세,중상
2017021700100260,2017년 2월 17일 12시,금요일,전라남도 목포시 옥암동,경상사고,0,0,3,0,차대차 - 추돌,안전운전불이행,건조,맑음,단일로 - 기타,승용,여,18세,경상,승용,여,51세,경상
2017021700100261,2017년 2월 17일 12시,금요일,전라남도 강진군 도암면,경상사고,0,0,1,0,차대차 - 기타,중앙선침범,건조,맑음,단일로 - 기타,승용,남,61세,상해없음,화물,남,35세,경상
2017021700100262,2017년 2월 17일 12시,금요일,전라남도 구례군 구례읍,경상사고,0,0,1,0,차대차 - 측면충돌,교차로운행방법위반,건조,맑음,교차로 - 교차로안,승용,여,46세,상해없음,승용,여,59세,경상
2017021700100285,2017년 2월 17일 13시,금요일,전라남도 목포시 상동,중상사고,0,1,0,0,차대차 - 측면충돌,안전운전불이행,건조,맑음,단일로 - 기타,화물,남,38세,상해없음,이륜,남,15세,중상
2017021700100286,2017년 2월 17일 13시,금요일,전라남도 장흥군 관산읍,중상사고,0,2,0,0,차량단독 - 공작물충돌,안전운전불이행,건조,맑음,단일로 - 기타,승용,남,69세,중상,,,,
2017021700100309,2017년 2월 17일 14시,금요일,전라남도 영광군 영광읍,경상사고,0,0,1,0,차대사람 - 기타,안전운전불이행,건조,맑음,단일로 - 기타,승용,남,53세,상해없음,보행자,여,46세,경상
2017021700100458,2017년 2월 17일 18시,금요일,전라남도 고흥군 풍양면,경상사고,0,0,1,0,차대차 - 측면충돌,안전운전불이행,건조,맑음,단일로 - 기타,승용,남,41세,경상,건설기계,남,61세,상해없음
2017021700100459,2017년 2월 17일 18시,금요일,전라남도 고흥군 풍양면,경상사고,0,0,1,0,차대차 - 추돌,안전운전불이행,건조,맑음,단일로 - 기타,승용,남,34세,경상,승용,남,41세,상해없음
2017021700100460,2017년 2월 17일 18시,금요일,전라남도 해남군 현산면,경상사고,0,0,1,0,차량단독 - 기타,안전운전불이행,건조,맑음,단일로 - 기타,승용,남,37세,경상,,,,
2017021700100461,2017년 2월 17일 18시,금요일,전라남도 광양시 광영동,경상사고,0,0,1,0,차대차 - 측면충돌,안전운전불이행,건조,맑음,단일로 - 기타,승용,남,59세,상해없음,승합,여,51세,경상
2017021700100564,2017년 2월 17일 21시,금요일,전라남도 나주시 남내동,중상사고,0,1,0,0,차대차 - 기타,직진우회전진행방해,건조,기타,교차로 - 교차로안,승용,남,57세,상해없음,원동기,남,41세,중상
2017021700100596,2017년 2월 17일 22시,금요일,전라남도 목포시 옥암동,경상사고,0,0,1,0,차대사람 - 횡단중,신호위반,건조,맑음,교차로 - 교차로횡단보도내,승용,남,39세,상해없음,보행자,여,27세,경상
2017021700100597,2017년 2월 17일 22시,금요일,전라남도 순천시 승주읍,중상사고,0,1,1,0,차대차 - 기타,안전운전불이행,건조,맑음,단일로 - 기타,승용,남,20세,상해없음,승용,남,23세,상해없음
2017021700100618,2017년 2월 17일 23시,금요일,전라남도 목포시 상동,중상사고,0,1,0,0,차대사람 - 횡단중,안전운전불이행,건조,맑음,단일로 - 기타,승용,여,20세,상해없음,보행자,남,25세,중상
2017021800100029,2017년 2월 18일 00시,토요일,전라남도 순천시 연향동,경상사고,0,0,1,0,차대차 - 측면충돌,교차로운행방법위반,건조,맑음,교차로 - 교차로안,승용,여,22세,상해없음,승용,남,59세,상해없음
2017021800100104,2017년 2월 18일 05시,토요일,전라남도 목포시 상동,경상사고,0,0,1,1,차대차 - 측면충돌,직진우회전진행방해,건조,맑음,교차로 - 교차로안,화물,남,38세,부상신고,승용,남,67세,경상
2017021800100116,2017년 2월 18일 06시,토요일,전라남도 강진군 강진읍,부상신고사고,0,0,0,1,차량단독 - 기타,안전운전불이행,건조,맑음,단일로 - 기타,승용,남,62세,부상신고,,,,
2017021800100143,2017년 2월 18일 08시,토요일,전라남도 여수시 여서동,경상사고,0,0,1,0,차대차 - 측면충돌,안전운전불이행,건조,맑음,단일로 - 기타,승합,남,31세,상해없음,승용,남,37세,경상
2017021800100170,2017년 2월 18일 09시,토요일,전라남도 순천시 조례동,경상사고,0,0,1,0,차대사람 - 차도통행중,안전운전불이행,건조,맑음,교차로 - 교차로부근,승용,여,21세,상해없음,보행자,남,48세,경상
2017021800100293,2017년 2월 18일 13시,토요일,전라남도 보성군 노동면,경상사고,0,0,1,0,차대차 - 측면충돌,교차로운행방법위반,건조,맑음,교차로 - 교차로부근,승용,남,74세,상해없음,건설기계,남,55세,상해없음
2017021800100294,2017년 2월 18일 13시,토요일,전라남도 함평군 함평읍,경상사고,0,0,1,0,차량단독 - 전도전복,안전운전불이행,건조,맑음,단일로 - 기타,원동기,남,50세,경상,미분류,미분류,미분류,미분류
2017021800100321,2017년 2월 18일 14시,토요일,전라남도 순천시 해룡면,중상사고,0,1,1,0,차대차 - 기타,안전거리미확보,건조,맑음,단일로 - 기타,승합,남,39세,중상,승용,여,47세,경상
2017021800100322,2017년 2월 18일 14시,토요일,전라남도 고흥군 도양읍,경상사고,0,0,3,0,차대차 - 측면충돌,교차로운행방법위반,건조,맑음,교차로 - 교차로안,화물,남,52세,경상,승용,남,72세,경상
2017021800100357,2017년 2월 18일 15시,토요일,전라남도 여수시 돌산읍,중상사고,0,2,4,0,차대차 - 측면충돌,교차로운행방법위반,건조,맑음,교차로 - 교차로안,승용,여,54세,경상,승용,남,43세,중상
2017021800100358,2017년 2월 18일 15시,토요일,전라남도 순천시 남정동,중상사고,0,1,0,0,차대사람 - 기타,안전운전불이행,건조,맑음,단일로 - 기타,승용,남,35세,상해없음,보행자,여,55세,중상