사고번호,사고일시,요일,시군구,사고내용,사망자수,중상자수,경상자수,부상신고자수,사고유형,법규위반,노면상태,기상상태,도로형태,가해운전자 차종,가해운전자 성별,가해운전자 연령,가해운전자 상해정도,피해운전자 차종,피해운전자 성별,피해운전자 연령,피해운전자 상해정도
2017022400100120,2017년 2월 24일 08시,금요일,전라남도 광양시 황길동,중상사고,0,1,0,0,차대차 - 측면충돌,안전운전불이행,건조,맑음,교차로 - 교차로부근,원동기,여,55세,중상,승용,여,42세,상해없음
2017022400100141,2017년 2월 24일 09시,금요일,전라남도 목포시 석현동,경상사고,0,0,2,0,차대차 - 기타,교차로운행방법위반,건조,맑음,교차로 - 교차로안,승용,여,62세,상해없음,승용,남,61세,경상
2017022400100142,2017년 2월 24일 09시,금요일,전라남도 완도군 노화읍,경상사고,0,0,2,0,차대차 - 측면충돌,안전운전불이행,건조,맑음,단일로 - 기타,이륜,남,69세,경상,화물,남,34세,상해없음
2017022400100143,2017년 2월 24일 09시,금요일,전라남도 진도군 지산면,경상사고,0,0,2,1,차대차 - 측면충돌,안전운전불이행,건조,맑음,교차로 - 교차로부근,농기계,남,52세,상해없음,승용,남,79세,경상
2017022400100168,2017년 2월 24일 10시,금요일,전라남도 여수시 학동,중상사고,0,1,0,0,차대사람 - 횡단중,안전운전불이행,건조,맑음,교차로 - 교차로안,화물,남,31세,상해없음,보행자,여,58세,중상
2017022400100169,2017년 2월 24일 10시,금요일,전라남도 여수시 수정동,경상사고,0,0,2,0,차대차 - 측면충돌,교차로운행방법위반,건조,맑음,교차로 - 교차로안,승용,남,68세,상해없음,승용,남,44세,경상
2017022400100170,2017년 2월 24일 10시,금요일,전라남도 순천시 덕월동,경상사고,0,0,1,0,차대차 - 측면충돌,신호위반,건조,맑음,교차로 - 교차로안,화물,남,75세,상해없음,승용,남,43세,경상
2017022400100171,2017년 2월 24일 10시,금요일,전라남도 해남군 북평면,경상사고,0,0,1,0,차대차 - 추돌,안전거리미확보,건조,맑음,단일로 - 기타,화물,남,66세,상해없음,화물,남,60세,상해없음
2017022400100172,2017년 2월 24일 10시,금요일,전라남도 영암군 학산면,경상사고,0,0,3,0,차대차 - 측면충돌,신호위반,건조,맑음,교차로 - 교차로안,승용,여,62세,경상,승용,남,37세,경상
2017022400100173,2017년 2월 24일 10시,금요일,전라남도 영암군 도포면,중상사고,0,1,0,0,차대차 - 기타,안전운전불이행,건조,맑음,기타 - 기타,승용,여,58세,상해없음,원동기,남,72세,중상
2017022400100174,2017년 2월 24일 10시,금요일,전라남도 강진군 대구면,경상사고,0,0,3,0,차대차 - 기타,안전운전불이행,건조,맑음,교차로 - 교차로안,화물,여,64세,경상,승용,남,64세,경상
2017022400100206,2017년 2월 24일 11시,금요일,전라남도 보성군 벌교읍,중상사고,0,1,0,0,차대차 - 측면충돌,안전거리미확보,건조,맑음,단일로 - 기타,승합,여,48세,상해없음,농기계,남,63세,중상
2017022400100238,2017년 2월 24일 12시,금요일,전라남도 신안군 비금면,중상사고,0,1,0,0,차대차 - 기타,교차로운행방법위반,건조,맑음,교차로 - 교차로안,승용,남,57세,상해없음,승용,남,27세,중상
2017022400100239,2017년 2월 24일 12시,금요일,전라남도 영암군 삼호읍,경상사고,0,0,1,0,차대차 - 기타,안전운전불이행,건조,맑음,단일로 - 기타,화물,남,26세,상해없음,승용,남,49세,경상
2017022400100294,2017년 2월 24일 14시,금요일,전라남도 여수시 국동,경상사고,0,0,1,0,차대차 - 후진중충돌,안전운전불이행,건조,맑음,교차로 - 교차로부근,승용,남,66세,상해없음,승용,여,45세,기타불명
2017022400100295,2017년 2월 24일 14시,금요일,전라남도 순천시 오천동,중상사고,0,1,0,0,차대차 - 측면충돌,직진우회전진행방해,건조,맑음,교차로 - 교차로안,승용,남,58세,상해없음,이륜,남,24세,중상
2017022400100360,2017년 2월 24일 16시,금요일,전라남도 나주시 이창동,중상사고,0,1,0,0,차대사람 - 횡단중,안전운전불이행,건조,맑음,주차장 - 주차장,화물,남,57세,상해없음,보행자,여,60세,중상
2017022400100361,2017년 2월 24일 16시,금요일,전라남도 광양시 진월면,중상사고,0,1,0,0,차대차 - 기타,안전운전불이행,건조,맑음,단일로 - 기타,이륜,남,79세,중상,화물,남,49세,기타불명
2017022400100393,2017년 2월 24일 17시,금요일,전라남도 순천시 조례동,경상사고,0,0,1,0,차대사람 - 횡단중,안전운전불이행,건조,맑음,교차로 - 교차로안,화물,남,49세,상해없음,보행자,여,50세,경상
2017022400100394,2017년 2월 24일 17시,금요일,전라남도 광양시 광양읍,경상사고,0,0,1,0,차대차 - 측면충돌,교차로운행방법위반,건조,맑음,교차로 - 교차로안,화물,남,25세,상해없음,원동기,남,24세,경상
2017022400100475,2017년 2월 24일 19시,금요일,전라남도 여수시 문수동,경상사고,0,0,1,0,차대사람 - 기타,안전운전불이행,건조,맑음,교차로 - 교차로부근,승용,남,67세,상해없음,보행자,남,36세,경상
2017022400100505,2017년 2월 24일 20시,금요일,전라남도 완도군 보길면,경상사고,0,0,1,0,차대차 - 측면충돌,안전운전불이행,건조,흐림,단일로 - 지하차도(도로)내,승용,남,58세,경상,승용,남,49세,기타불명
2017022400100539,2017년 2월 24일 21시,금요일,전라남도 함평군 손불면,중상사고,0,1,0,0,차량단독 - 전도전복,기타,건조,맑음,단일로 - 기타,승용,남,43세,중상,미분류,미분류,미분류,미분류
2017022400100540,2017년 2월 24일 21시,금요일,전라남도 광양시 중동,경상사고,0,0,1,0,차대차 - 기타,직진우회전진행방해,건조,맑음,교차로 - 교차로안,승용,남,34세,상해없음,원동기,남,24세,경상
2017022400100559,2017년 2월 24일 22시,금요일,전라남도 여수시 만흥동,경상사고,0,0,2,1,차량단독 - 공작물충돌,안전운전불이행,건조,맑음,단일로 - 고가도로위,승용,남,20세,상해없음,,,,
2017022400100560,2017년 2월 24일 22시,금요일,전라남도 순천시 용당동,경상사고,0,0,1,0,차대차 - 측면충돌,안전운전불이행,건조,맑음,교차로 - 교차로안,기타불명,기타불명,미분류,기타불명,이륜,남,16세,경상
2017022400100592,2017년 2월 24일 23시,금요일,전라남도 나주시 남내동,경상사고,0,0,1,0,차대차 - 측면충돌,안전운전불이행,건조,맑음,단일로 - 기타,승용,남,30세,상해없음,원동기,남,16세,경상
2017022500100100,2017년 2월 25일 05시,토요일,전라남도 여수시 소호동,중상사고,0,3,0,0,차대차 - 정면충돌,중앙선침범,건조,맑음,단일로 - 기타,승용,남,28세,중상,승용,남,21세,중상
2017022500100184,2017년 2월 25일 09시,토요일,전라남도 고흥군 고흥읍,중상사고,0,1,0,0,차대차 - 측면충돌,직진우회전진행방해,건조,맑음,교차로 - 교차로안,이륜,여,55세,중상,승용,남,61세,상해없음
2017022500100241,2017년 2월 25일 11시,토요일,전라남도 여수시 선원동,중상사고,0,1,0,0,차대사람 - 차도통행중,기타,건조,맑음,단일로 - 기타,화물,남,57세,상해없음,보행자,남,55세,중상
2017022500100242,2017년 2월 25일 11시,토요일,전라남도 순천시 덕월동,중상사고,0,1,0,0,차대차 - 측면충돌,신호위반,건조,맑음,교차로 - 교차로안,자전거,남,33세,중상,승용,여,31세,상해없음
2017022500100243,2017년 2월 25일 11시,토요일,전라남도 고흥군 포두면,중상사고,0,1,0,0,차대차 - 기타,안전운전불이행,건조,맑음,단일로 - 기타,승용,남,77세,상해없음,이륜,남,77세,중상
2017022500100269,2017년 2월 25일 12시,토요일,전라남도 여수시 안산동,중상사고,0,1,0,0,차대차 - 추돌,안전운전불이행,건조,맑음,교차로 - 교차로부근,이륜,남,54세,중상,화물,남,50세,상해없음
2017022500100320,2017년 2월 25일 14시,토요일,전라남도 고흥군 동강면,경상사고,0,0,2,0,차대차 - 측면충돌,직진우회전진행방해,건조,맑음,교차로 - 교차로안,승용,남,44세,경상,승용,남,62세,상해없음
2017022500100321,2017년 2월 25일 14시,토요일,전라남도 진도군 지산면,사망사고,1,0,1,0,차량단독 - 전도전복 - 전도,안전운전불이행,건조,맑음,단일로 - 기타,사륜오토바이(ATV),여,90세 이상,사망,,,,
2017022500100351,2017년 2월 25일 15시,토요일,전라남도 나주시 남평읍,경상사고,0,0,1,0,차대사람 - 길가장자리구역통행중,안전운전불이행,건조,맑음,주차장 - 주차장,승용,여,64세,상해없음,보행자,여,71세,경상
2017022500100352,2017년 2월 25일 15시,토요일,전라남도 구례군 구례읍,중상사고,0,1,0,0,차대사람 - 보도통행중,기타,건조,맑음,단일로 - 기타,승용,남,67세,상해없음,보행자,여,53세,중상
2017022500100395,2017년 2월 25일 16시,토요일,전라남도 목포시 상동,경상사고,0,0,1,0,차대차 - 측면충돌,안전운전불이행,건조,맑음,단일로 - 기타,승용,남,41세,상해없음,이륜,남,37세,경상
2017022500100424,2017년 2월 25일 17시,토요일,전라남도 목포시 석현동,경상사고,0,0,3,0,차대차 - 측면충돌,안전운전불이행,건조,맑음,단일로 - 기타,화물,남,60세,상해없음,승용,남,31세,경상
2017022500100425,2017년 2월 25일 17시,토요일,전라남도 장흥군 장흥읍,경상사고,0,0,2,0,차대차 - 측면충돌,안전운전불이행,건조,맑음,단일로 - 기타,승용,남,40세,경상,승용,남,41세,상해없음
2017022500100516,2017년 2월 25일 20시,토요일,전라남도 무안군 삼향읍,중상사고,0,1,1,0,차대차 - 측면충돌,직진우회전진행방해,건조,맑음,교차로 - 교차로안,승용,남,28세,상해없음,승용,여,39세,경상
2017022500100536,2017년 2월 25일 21시,토요일,전라남도 광양시 광양읍,중상사고,0,1,1,0,차량단독 - 전도전복 - 전도,안전운전불이행,건조,맑음,단일로 - 기타,화물,남,50세,경상,,,,
2017022500100556,2017년 2월 25일 22시,토요일,전라남도 목포시 산정동,경상사고,0,0,7,0,차대차 - 측면충돌,신호위반,건조,맑음,단일로 - 기타,승용,남,53세,상해없음,승용,여,61세,경상
2017022600100019,2017년 2월 26일 00시,일요일,전라남도 여수시 돌산읍,경상사고,0,0,9,0,차대차 - 측면충돌,중앙선침범,건조,맑음,단일로 - 기타,승용,여,47세,상해없음,승용,남,51세,경상
2017022600100020,2017년 2월 26일 00시,일요일,전라남도 순천시 덕암동,중상사고,0,1,0,0,차대차 - 정면충돌,교차로운행방법위반,젖음/습기,흐림,교차로 - 교차로안,승용,남,61세,상해없음,원동기,남,52세,중상
2017022600100054,2017년 2월 26일 02시,일요일,전라남도 구례군 문척면,사망사고,1,0,0,0,차량단독 - 전도전복 - 전도,안전운전불이행,건조,맑음,단일로 - 기타,승용,남,48세,사망,,,,
2017022600100153,2017년 2월 26일 10시,일요일,전라남도 목포시 상동,중상사고,0,1,0,0,차대사람 - 횡단중,안전운전불이행,건조,맑음,교차로 - 교차로안,승용,남,79세,상해없음,보행자,여,53세,중상
2017022600100164,2017년 2월 26일 11시,일요일,전라남도 광양시 광양읍,경상사고,0,0,1,0,차대사람 - 기타,불법유턴,건조,맑음,주차장 - 주차장,승용,남,44세,상해없음,보행자,여,76세,경상
2017022600100186,2017년 2월 26일 12시,일요일,전라남도 목포시 중앙동2가,경상사고,0,0,4,0,차대차 - 기타,교차로운행방법위반,건조,맑음,교차로 - 교차로안,승용,여,24세,경상,승용,여,41세,경상
2017022600100211,2017년 2월 26일 13시,일요일,전라남도 순천시 연향동,경상사고,0,0,2,0,차대차 - 측면충돌,신호위반,건조,맑음,교차로 - 교차로안,승용,여,35세,상해없음,승용,남,42세,경상
2017022600100300,2017년 2월 26일 17시,일요일,전라남도 순천시 조례동,중상사고,0,1,0,0,차대사람 - 횡단중,보행자보호의무위반,건조,맑음,교차로 - 교차로횡단보도내,원동기,남,29세,상해없음,보행자,여,16세,중상
2017022600100325,2017년 2월 26일 18시,일요일,전라남도 영암군 신북면,경상사고,0,0,2,0,차대차 - 추돌,안전거리미확보,건조,맑음,교차로 - 교차로부근,화물,남,63세,상해없음,승용,남,45세,경상
2017022600100326,2017년 2월 26일 18시,일요일,전라남도 강진군 신전면,중상사고,0,1,0,0,차량단독 - 기타,안전운전불이행,건조,흐림,단일로 - 기타,사륜오토바이(ATV),여,68세,중상,,,,
2017022600100424,2017년 2월 26일 22시,일요일,전라남도 순천시 조례동,중상사고,0,1,0,0,차대차 - 측면충돌,안전운전불이행,건조,맑음,단일로 - 기타,승용,남,30세,상해없음,자전거,남,68세,중상
2017022700100047,2017년 2월 27일 03시,월요일,전라남도 순천시 남정동,중상사고,0,3,2,0,차대차 - 측면충돌,신호위반,건조,맑음,교차로 - 교차로안,승용,여,32세,경상,승용,남,53세,상해없음
2017022700100070,2017년 2월 27일 06시,월요일,전라남도 무안군 삼향읍,경상사고,0,0,1,0,차대사람 - 횡단중,보행자보호의무위반,건조,맑음,교차로 - 교차로안,승합,남,55세,상해없음,보행자,남,36세,경상
2017022700100091,2017년 2월 27일 07시,월요일,전라남도 나주시 왕곡면,경상사고,0,0,2,0,차대차 - 측면충돌,신호위반,건조,맑음,교차로 - 교차로안,승용,남,52세,경상,승용,남,30세,경상
2017022700100146,2017년 2월 27일 09시,월요일,전라남도 목포시 석현동,경상사고,0,0,1,0,차대차 - 측면충돌,교차로운행방법위반,건조,맑음,기타 - 기타,화물,남,38세,상해없음,승용,여,49세,경상
2017022700100147,2017년 2월 27일 09시,월요일,전라남도 나주시 노안면,경상사고,0,0,1,0,차대차 - 측면충돌,안전운전불이행,건조,맑음,단일로 - 기타,원동기,남,40세,상해없음,원동기,남,80세,경상
2017022700100148,2017년 2월 27일 09시,월요일,전라남도 해남군 북평면,중상사고,0,1,2,0,차대차 - 측면충돌,안전운전불이행,건조,맑음,단일로 - 기타,화물,남,63세,중상,화물,남,52세,경상
2017022700100171,2017년 2월 27일 10시,월요일,전라남도 강진군 신전면,경상사고,0,0,2,0,차대차 - 기타,안전운전불이행,건조,맑음,교차로 - 교차로안,화물,남,56세,경상,화물,남,56세,경상
2017022700100172,2017년 2월 27일 10시,월요일,전라남도 광양시 태인동,중상사고,0,1,0,0,차대차 - 측면충돌,직진우회전진행방해,건조,맑음,교차로 - 교차로안,화물,남,63세,상해없음,화물,남,64세,중상
2017022700100198,2017년 2월 27일 11시,월요일,전라남도 나주시 노안면,경상사고,0,0,1,0,차량단독 - 전도전복 - 전도,안전운전불이행,건조,맑음,단일로 - 기타,원동기,남,69세,경상,,,,
2017022700100199,2017년 2월 27일 11시,월요일,전라남도 보성군 보성읍,부상신고사고,0,0,0,1,차대차 - 측면충돌,안전거리미확보,건조,맑음,교차로 - 교차로부근,이륜,남,85세,부상신고,화물,남,57세,상해없음
2017022700100230,2017년 2월 27일 12시,월요일,전라남도 목포시 용당동,중상사고,0,1,4,0,차대차 - 추돌,안전거리미확보,건조,맑음,기타 - 기타,승용,남,44세,경상,승용,남,29세,경상
2017022700100231,2017년 2월 27일 12시,월요일,전라남도 순천시 동외동,경상사고,0,0,1,0,차대차 - 측면충돌,안전운전불이행,건조,맑음,단일로 - 기타,원동기,남,70세,상해없음,자전거,여,56세,경상
2017022700100266,2017년 2월 27일 13시,월요일,전라남도 순천시 송광면,중상사고,0,1,0,0,차대차 - 기타,중앙선침범,건조,맑음,단일로 - 기타,원동기,남,67세,중상,화물,남,52세,상해없음
2017022700100299,2017년 2월 27일 14시,월요일,전라남도 영광군 군서면,중상사고,0,1,0,0,차대차 - 측면충돌,중앙선침범,건조,맑음,교차로 - 교차로안,화물,남,59세,상해없음,이륜,남,71세,중상
2017022700100331,2017년 2월 27일 15시,월요일,전라남도 목포시 중앙동2가,경상사고,0,0,2,0,차대차 - 측면충돌,안전운전불이행,건조,맑음,교차로 - 교차로안,승용,여,56세,경상,승용,남,34세,경상
2017022700100332,2017년 2월 27일 15시,월요일,전라남도 신안군 압해읍,경상사고,0,0,1,0,차대차 - 측면충돌,중앙선침범,건조,맑음,기타 - 기타,승용,남,45세,상해없음,승용,남,22세,경상
2017022700100333,2017년 2월 27일 15시,월요일,전라남도 해남군 화원면,중상사고,0,1,0,0,차량단독 - 기타,안전운전불이행,건조,맑음,단일로 - 기타,사륜오토바이(ATV),여,65세,중상,,,,
2017022700100367,2017년 2월 27일 16시,월요일,전라남도 목포시 상동,경상사고,0,0,1,0,차대차 - 후진중충돌,안전운전불이행,건조,맑음,교차로 - 교차로부근,화물,남,27세,상해없음,승용,남,44세,경상
2017022700100464,2017년 2월 27일 19시,월요일,전라남도 목포시 용당동,경상사고,0,0,1,0,차대차 - 기타,안전운전불이행,건조,맑음,단일로 - 기타,화물,남,43세,상해없음,기타불명,남,42세,경상
2017022700100465,2017년 2월 27일 19시,월요일,전라남도 순천시 풍덕동,경상사고,0,0,1,0,차대차 - 측면충돌,교차로운행방법위반,건조,맑음,교차로 - 교차로안,화물,남,26세,상해없음,승용,남,43세,경상
2017022700100466,2017년 2월 27일 19시,월요일,전라남도 해남군 삼산면,경상사고,0,0,2,0,차대차 - 추돌,안전운전불이행,건조,맑음,단일로 - 기타,화물,남,56세,경상,건설기계,남,49세,경상
2017022700100494,2017년 2월 27일 20시,월요일,전라남도 순천시 조례동,경상사고,0,0,2,0,차대사람 - 횡단중,보행자보호의무위반,건조,맑음,단일로 - 기타,승용,남,56세,상해없음,보행자,여,52세,경상
2017022700100568,2017년 2월 27일 23시,월요일,전라남도 무안군 삼향읍,중상사고,0,1,3,0,차대차 - 기타,안전운전불이행,건조,맑음,교차로 - 교차로부근,승용,남,37세,경상,이륜,남,17세,경상
2017022800100075,2017년 2월 28일 06시,화요일,전라남도 여수시 미평동,중상사고,0,1,0,0,차대사람 - 횡단중,신호위반,건조,맑음,교차로 - 교차로부근,승용,남,57세,상해없음,보행자,여,51세,중상
2017022800100092,2017년 2월 28일 07시,화요일,전라남도 장성군 장성읍,경상사고,0,0,1,0,차대차 - 측면충돌,직진우회전진행방해,젖음/습기,비,교차로 - 교차로안,승용,여,57세,상해없음,승용,남,35세,경상
2017022800100093,2017년 2월 28일 07시,화요일,전라남도 곡성군 곡성읍,경상사고,0,0,1,1,차대차 - 측면충돌,직진우회전진행방해,건조,맑음,교차로 - 교차로안,승용,남,45세,부상신고,화물,남,49세,경상
2017022800100118,2017년 2월 28일 08시,화요일,전라남도 진도군 진도읍,중상사고,0,1,1,0,차대차 - 기타,안전운전불이행,건조,맑음,단일로 - 기타,화물,남,70세,상해없음,승용,여,52세,중상
2017022800100143,2017년 2월 28일 09시,화요일,전라남도 강진군 마량면,경상사고,0,0,2,0,차대차 - 측면충돌,안전운전불이행,건조,맑음,교차로 - 교차로안,승용,남,25세,경상,화물,남,47세,경상
2017022800100144,2017년 2월 28일 09시,화요일,전라남도 강진군 신전면,중상사고,0,1,0,0,차량단독 - 도로외이탈 - 기타,안전운전불이행,건조,맑음,단일로 - 기타,화물,여,60세,중상,,,,
2017022800100164,2017년 2월 28일 10시,화요일,전라남도 장흥군 장흥읍,중상사고,0,1,0,0,차대사람 - 차도통행중,안전운전불이행,건조,맑음,단일로 - 기타,승용,남,27세,상해없음,보행자,남,81세,중상
2017022800100165,2017년 2월 28일 10시,화요일,전라남도 영광군 영광읍,중상사고,0,3,2,0,차대차 - 추돌,과속,건조,맑음,교차로 - 교차로부근,승용,남,50세,상해없음,승용,여,26세,중상
2017022800100166,2017년 2월 28일 10시,화요일,전라남도 영암군 시종면,경상사고,0,0,1,0,차대차 - 기타,안전운전불이행,건조,맑음,교차로 - 교차로부근,승용,남,39세,상해없음,화물,남,62세,경상
2017022800100251,2017년 2월 28일 13시,화요일,전라남도 강진군 마량면,경상사고,0,0,1,0,차대차 - 측면충돌,교차로운행방법위반,건조,맑음,교차로 - 교차로안,승용,남,48세,경상,화물,남,60세,상해없음
2017022800100286,2017년 2월 28일 14시,화요일,전라남도 진도군 의신면,중상사고,0,1,0,0,차대사람 - 기타,안전운전불이행,건조,맑음,단일로 - 기타,화물,남,47세,상해없음,보행자,여,81세,중상
2017022800100355,2017년 2월 28일 16시,화요일,전라남도 나주시 이창동,부상신고사고,0,0,0,1,차대차 - 측면충돌,직진우회전진행방해,건조,맑음,교차로 - 교차로안,자전거,남,16세,부상신고,승용,남,45세,상해없음
2017022800100356,2017년 2월 28일 16시,화요일,전라남도 순천시 서면,경상사고,0,0,1,0,차대차 - 추돌,안전운전불이행,건조,맑음,단일로 - 기타,승용,남,36세,상해없음,승용,여,56세,경상
2017022800100385,2017년 2월 28일 17시,화요일,전라남도 여수시 돌산읍,경상사고,0,0,1,0,차대사람 - 횡단중,안전운전불이행,건조,맑음,교차로 - 교차로안,승용,남,52세,상해없음,보행자,남,8세,경상
2017022800100386,2017년 2월 28일 17시,화요일,전라남도 여수시 신기동,중상사고,0,1,0,0,차대차 - 측면충돌,안전운전불이행,건조,맑음,주차장 - 주차장,승용,여,37세,중상,승용,남,28세,기타불명
2017022800100419,2017년 2월 28일 18시,화요일,전라남도 목포시 용해동,경상사고,0,0,1,0,차대차 - 측면충돌,안전운전불이행,건조,맑음,교차로 - 교차로안,승용,남,46세,상해없음,승용,남,30세,경상
2017022800100453,2017년 2월 28일 19시,화요일,전라남도 목포시 옥암동,중상사고,0,1,0,0,차대차 - 기타,안전운전불이행,건조,맑음,단일로 - 기타,승용,남,56세,상해없음,원동기,남,42세,중상
2017022800100454,2017년 2월 28일 19시,화요일,전라남도 나주시 교동,경상사고,0,0,1,0,차대차 - 추돌,안전거리미확보,건조,맑음,단일로 - 기타,승용,남,24세,상해없음,승용,남,35세,경상
2017022800100455,2017년 2월 28일 19시,화요일,전라남도 영암군 영암읍,경상사고,0,0,1,0,차대사람 - 횡단중,안전운전불이행,건조,맑음,단일로 - 기타,승용,여,24세,상해없음,보행자,남,6세,경상
2017022800100525,2017년 2월 28일 21시,화요일,전라남도 목포시 상동,중상사고,0,1,0,0,차대사람 - 횡단중,안전운전불이행,건조,맑음,단일로 - 기타,승용,여,27세,상해없음,보행자,여,74세,중상
2017022800100526,2017년 2월 28일 21시,화요일,전라남도 순천시 연향동,중상사고,0,1,0,0,차대사람 - 횡단중,보행자보호의무위반,건조,맑음,교차로 - 교차로안,화물,남,52세,상해없음,보행자,여,12세,중상
2017022800100551,2017년 2월 28일 22시,화요일,전라남도 여수시 돌산읍,경상사고,0,0,1,0,차량단독 - 공작물충돌,안전운전불이행,건조,맑음,교차로 - 교차로안,승용,남,52세,경상,,,,
2017022800100552,2017년 2월 28일 22시,화요일,전라남도 순천시 생목동,부상신고사고,0,0,0,1,차대사람 - 차도통행중,안전운전불이행,건조,맑음,단일로 - 기타,기타불명,기타불명,미분류,기타불명,보행자,여,43세,부상신고
2017022800100577,2017년 2월 28일 23시,화요일,전라남도 여수시 안산동,경상사고,0,0,1,0,차대차 - 측면충돌,차로위반,건조,맑음,교차로 - 교차로부근,승용,여,52세,상해없음,승용,여,43세,경상
2017030100100093,2017년 3월 1일 06시,수요일,전라남도 강진군 대구면,중상사고,0,2,1,0,차량단독 - 공작물충돌,안전운전불이행,건조,맑음,단일로 - 기타,화물,남,57세,중상,,,,
2017030100100109,2017년 3월 1일 08시,수요일,전라남도 신안군 압해읍,경상사고,0,0,2,1,차대차 - 측면충돌,중앙선침범,건조,맑음,교차로 - 교차로부근,화물,여,58세,부상신고,승용,여,51세,경상
2017030100100110,2017년 3월 1일 08시,수요일,전라남도 영암군 삼호읍,중상사고,0,1,1,0,차대차 - 측면충돌,안전운전불이행,건조,맑음,교차로 - 교차로안,승용,남,45세,중상,승용,남,38세,경상
2017030100100162,2017년 3월 1일 11시,수요일,전라남도 목포시 용해동,경상사고,0,0,2,0,차대차 - 기타,안전운전불이행,건조,맑음,주차장 - 주차장,승용,여,36세,상해없음,승용,남,45세,경상
2017030100100200,2017년 3월 1일 13시,수요일,전라남도 영암군 삼호읍,경상사고,0,0,2,0,차대차 - 측면충돌,신호위반,건조,맑음,교차로 - 교차로안,승용,여,45세,경상,승용,남,47세,경상
2017030100100224,2017년 3월 1일 14시,수요일,전라남도 해남군 해남읍,경상사고,0,0,1,0,차대차 - 측면충돌,안전운전불이행,건조,맑음,단일로 - 기타,승용,여,53세,상해없음,승용,여,45세,경상
2017030100100225,2017년 3월 1일 14시,수요일,전라남도 보성군 보성읍,경상사고,0,0,1,0,차대차 - 측면충돌,안전거리미확보,건조,맑음,단일로 - 기타,승용,남,25세,상해없음,원동기,남,76세,경상
2017030100100226,2017년 3월 1일 14시,수요일,전라남도 영암군 금정면,경상사고,0,0,1,0,차대차 - 추돌,안전운전불이행,건조,맑음,단일로 - 기타,화물,남,48세,상해없음,농기계,남,48세,경상
2017030100100247,2017년 3월 1일 15시,수요일,전라남도 순천시 서면,경상사고,0,0,1,0,차대차 - 추돌,안전운전불이행,건조,맑음,교차로 - 교차로부근,승용,남,44세,상해없음,승용,여,22세,경상
2017030100100268,2017년 3월 1일 16시,수요일,전라남도 목포시 상동,부상신고사고,0,0,0,1,차대사람 - 길가장자리구역통행중,안전운전불이행,건조,맑음,단일로 - 기타,기타불명,기타불명,미분류,기타불명,보행자,남,15세,부상신고
2017030100100291,2017년 3월 1일 17시,수요일,전라남도 여수시 신기동,경상사고,0,0,1,0,차대차 - 정면충돌,안전거리미확보,건조,맑음,단일로 - 기타,승용,남,29세,상해없음,승용,여,49세,경상
2017030100100318,2017년 3월 1일 18시,수요일,전라남도 여수시 봉산동,경상사고,0,0,1,0,차대차 - 측면충돌,중앙선침범,젖음/습기,비,단일로 - 기타,승용,남,61세,상해없음,승용,남,68세,경상
2017030100100319,2017년 3월 1일 18시,수요일,전라남도 화순군 능주면,중상사고,0,1,0,0,차대사람 - 횡단중,안전운전불이행,젖음/습기,비,교차로 - 교차로부근,승합,여,55세,상해없음,보행자,여,68세,중상
2017030100100374,2017년 3월 1일 19시,수요일,전라남도 순천시 조례동,경상사고,0,0,1,0,차대차 - 측면충돌,안전운전불이행,젖음/습기,비,단일로 - 기타,승용,남,41세,상해없음,승용,남,70세,경상
2017030100100375,2017년 3월 1일 19시,수요일,전라남도 담양군 담양읍,경상사고,0,0,1,0,차대차 - 추돌,안전운전불이행,젖음/습기,비,단일로 - 기타,이륜,남,54세,경상,화물,남,61세,기타불명
2017030100100376,2017년 3월 1일 19시,수요일,전라남도 진도군 임회면,경상사고,0,0,1,0,차대사람 - 차도통행중,안전운전불이행,젖음/습기,비,단일로 - 기타,승용,남,56세,상해없음,보행자,여,78세,경상
2017030100100452,2017년 3월 1일 21시,수요일,전라남도 목포시 용해동,경상사고,0,0,1,0,차대차 - 측면충돌,차로위반,젖음/습기,흐림,교차로 - 교차로안,승용,남,44세,상해없음,승합,남,53세,경상
2017030100100474,2017년 3월 1일 22시,수요일,전라남도 광양시 금호동,중상사고,0,1,0,0,차대차 - 측면충돌,중앙선침범,젖음/습기,비,단일로 - 기타,승용,남,49세,상해없음,승용,남,50세,중상
2017030100100503,2017년 3월 1일 23시,수요일,전라남도 순천시 해룡면,중상사고,0,1,0,0,차량단독 - 전도전복 - 전도,안전운전불이행,젖음/습기,비,교차로 - 교차로부근,승용,남,34세,중상,,,,
2017030200100024,2017년 3월 2일 00시,목요일,전라남도 목포시 산정동,경상사고,0,0,4,1,차대차 - 기타,중앙선침범,젖음/습기,비,단일로 - 기타,승용,남,38세,상해없음,승용,남,47세,경상
2017030200100025,2017년 3월 2일 00시,목요일,전라남도 여수시 웅천동,중상사고,0,1,1,0,차대차 - 정면충돌,신호위반,건조,맑음,교차로 - 교차로안,승용,남,40세,상해없음,승용,남,27세,경상
2017030200100045,2017년 3월 2일 02시,목요일,전라남도 광양시 마동,중상사고,0,1,0,0,차대차 - 측면충돌,직진우회전진행방해,젖음/습기,비,교차로 - 교차로안,화물,남,47세,상해없음,승용,남,48세,중상