사고번호,사고일시,요일,시군구,사고내용,사망자수,중상자수,경상자수,부상신고자수,사고유형,법규위반,노면상태,기상상태,도로형태,가해운전자 차종,가해운전자 성별,가해운전자 연령,가해운전자 상해정도,피해운전자 차종,피해운전자 성별,피해운전자 연령,피해운전자 상해정도
2017030200100060,2017년 3월 2일 04시,목요일,전라남도 목포시 산정동,경상사고,0,0,1,0,차대차 - 기타,신호위반,건조,맑음,교차로 - 교차로안,승용,여,67세,상해없음,승용,남,39세,경상
2017030200100086,2017년 3월 2일 06시,목요일,전라남도 영암군 시종면,경상사고,0,0,1,0,차대차 - 기타,중앙선침범,건조,맑음,단일로 - 기타,승용,남,64세,상해없음,승용,남,59세,경상
2017030200100131,2017년 3월 2일 08시,목요일,전라남도 곡성군 곡성읍,중상사고,0,1,4,1,차대차 - 추돌,안전운전불이행,젖음/습기,비,교차로 - 교차로부근,승용,남,75세,부상신고,승용,여,54세,경상
2017030200100156,2017년 3월 2일 09시,목요일,전라남도 순천시 중앙동,경상사고,0,0,1,0,차대차 - 측면충돌,안전운전불이행,건조,맑음,단일로 - 기타,승용,여,53세,상해없음,원동기,남,79세,경상
2017030200100170,2017년 3월 2일 10시,목요일,전라남도 담양군 담양읍,경상사고,0,0,2,0,차대차 - 측면충돌,직진우회전진행방해,건조,맑음,교차로 - 교차로안,승용,남,63세,상해없음,이륜,남,75세,경상
2017030200100213,2017년 3월 2일 12시,목요일,전라남도 여수시 학동,경상사고,0,0,3,0,차대차 - 측면충돌,안전운전불이행,건조,맑음,단일로 - 기타,화물,남,53세,상해없음,승용,남,36세,경상
2017030200100214,2017년 3월 2일 12시,목요일,전라남도 순천시 덕월동,경상사고,0,0,1,0,차대차 - 측면충돌,교차로운행방법위반,건조,맑음,교차로 - 교차로안,화물,남,55세,상해없음,승용,남,23세,경상
2017030200100244,2017년 3월 2일 13시,목요일,전라남도 여수시 종화동,중상사고,0,1,0,0,차대사람 - 차도통행중,안전운전불이행,건조,맑음,단일로 - 기타,승용,남,46세,상해없음,보행자,남,5세,중상
2017030200100245,2017년 3월 2일 13시,목요일,전라남도 화순군 도곡면,경상사고,0,0,1,0,차대차 - 측면충돌,신호위반,건조,맑음,교차로 - 교차로안,승용,여,53세,상해없음,승용,여,59세,경상
2017030200100246,2017년 3월 2일 13시,목요일,전라남도 강진군 강진읍,중상사고,0,1,0,0,차대사람 - 횡단중,안전운전불이행,건조,맑음,교차로 - 교차로안,화물,남,48세,상해없음,보행자,남,87세,중상
2017030200100247,2017년 3월 2일 13시,목요일,전라남도 광양시 광양읍,중상사고,0,1,2,0,차대차 - 추돌,안전운전불이행,건조,맑음,교차로 - 교차로부근,화물,남,43세,상해없음,승용,남,50세,경상
2017030200100248,2017년 3월 2일 13시,목요일,전라남도 광양시 중동,경상사고,0,0,2,0,차대차 - 추돌,차로위반,건조,맑음,단일로 - 기타,승용,남,69세,경상,승용,남,22세,경상
2017030200100279,2017년 3월 2일 14시,목요일,전라남도 순천시 조례동,경상사고,0,0,3,0,차대차 - 측면충돌,안전운전불이행,건조,맑음,단일로 - 기타,승용,여,46세,상해없음,승용,남,71세,경상
2017030200100280,2017년 3월 2일 14시,목요일,전라남도 순천시 왕지동,경상사고,0,0,1,0,차대사람 - 보도통행중,안전운전불이행,건조,맑음,단일로 - 기타,자전거,남,12세,상해없음,보행자,여,7세,경상
2017030200100303,2017년 3월 2일 15시,목요일,전라남도 목포시 창평동,중상사고,0,1,0,0,차대차 - 기타,안전운전불이행,건조,맑음,단일로 - 기타,승용,남,70세,상해없음,승용,남,24세,상해없음
2017030200100357,2017년 3월 2일 17시,목요일,전라남도 광양시 도이동,중상사고,0,1,2,0,차대차 - 측면충돌,교차로운행방법위반,건조,맑음,교차로 - 교차로안,승용,남,29세,중상,승용,남,29세,경상
2017030200100391,2017년 3월 2일 18시,목요일,전라남도 장흥군 부산면,사망사고,1,0,0,0,차대차 - 측면충돌,안전운전불이행,건조,맑음,교차로 - 교차로안,사륜오토바이(ATV),남,72세,사망,승용,여,61세,상해없음
2017030200100482,2017년 3월 2일 21시,목요일,전라남도 여수시 학동,경상사고,0,0,1,0,차대차 - 후진중충돌,안전운전불이행,건조,맑음,단일로 - 기타,승용,여,46세,상해없음,승용,남,32세,경상
2017030200100483,2017년 3월 2일 21시,목요일,전라남도 순천시 조례동,경상사고,0,0,1,0,차대사람 - 횡단중,신호위반,건조,맑음,단일로 - 기타,승용,여,33세,상해없음,보행자,남,30세,경상
2017030200100507,2017년 3월 2일 22시,목요일,전라남도 목포시 상동,경상사고,0,0,7,0,차대차 - 측면충돌,안전운전불이행,건조,맑음,단일로 - 기타,승용,남,25세,경상,승용,여,41세,경상
2017030200100537,2017년 3월 2일 23시,목요일,전라남도 신안군 압해읍,중상사고,0,1,0,0,차량단독 - 기타,안전운전불이행,건조,맑음,단일로 - 기타,화물,남,51세,중상,,,,
2017030300100029,2017년 3월 3일 00시,금요일,전라남도 광양시 중동,경상사고,0,0,1,0,차대차 - 추돌,안전운전불이행,건조,맑음,교차로 - 교차로부근,승용,여,41세,상해없음,승용,여,58세,경상
2017030300100067,2017년 3월 3일 05시,금요일,전라남도 목포시 용해동,중상사고,0,1,1,0,차대차 - 측면충돌,직진우회전진행방해,건조,맑음,교차로 - 교차로안,화물,남,50세,경상,승용,남,65세,중상
2017030300100110,2017년 3월 3일 07시,금요일,전라남도 목포시 상동,중상사고,0,1,0,0,차대사람 - 횡단중,보행자보호의무위반,건조,맑음,단일로 - 기타,승용,여,41세,상해없음,보행자,남,72세,중상
2017030300100111,2017년 3월 3일 07시,금요일,전라남도 여수시 중흥동,경상사고,0,0,1,0,차대차 - 측면충돌,신호위반,건조,맑음,교차로 - 교차로안,승용,남,51세,상해없음,승용,여,41세,경상
2017030300100112,2017년 3월 3일 07시,금요일,전라남도 강진군 강진읍,중상사고,0,1,0,0,차대차 - 기타,안전운전불이행,건조,맑음,주차장 - 주차장,화물,남,27세,상해없음,자전거,여,71세,중상
2017030300100141,2017년 3월 3일 08시,금요일,전라남도 장흥군 관산읍,사망사고,1,0,0,0,차대사람 - 횡단중,안전운전불이행,건조,맑음,교차로 - 교차로안,화물,남,75세,상해없음,보행자,여,71세,사망
2017030300100142,2017년 3월 3일 08시,금요일,전라남도 보성군 보성읍,경상사고,0,0,1,0,차대사람 - 횡단중,안전운전불이행,건조,맑음,단일로 - 기타,승용,남,74세,상해없음,보행자,남,31세,경상
2017030300100178,2017년 3월 3일 09시,금요일,전라남도 목포시 옥암동,경상사고,0,0,3,0,차대차 - 측면충돌,교차로운행방법위반,건조,맑음,교차로 - 교차로안,화물,남,36세,경상,승용,남,64세,경상
2017030300100206,2017년 3월 3일 10시,금요일,전라남도 목포시 석현동,중상사고,0,1,1,0,차대차 - 측면충돌,안전운전불이행,건조,맑음,교차로 - 교차로부근,화물,남,59세,상해없음,승용,남,67세,경상
2017030300100235,2017년 3월 3일 11시,금요일,전라남도 목포시 용당동,경상사고,0,0,3,0,차대차 - 측면충돌,직진우회전진행방해,건조,맑음,교차로 - 교차로안,승용,여,52세,경상,승합,여,49세,경상
2017030300100236,2017년 3월 3일 11시,금요일,전라남도 함평군 함평읍,경상사고,0,0,1,0,차대차 - 측면충돌,신호위반,건조,맑음,교차로 - 교차로안,원동기,남,78세,경상,승용,남,37세,상해없음
2017030300100265,2017년 3월 3일 12시,금요일,전라남도 영암군 삼호읍,경상사고,0,0,3,0,차대차 - 기타,중앙선침범,건조,맑음,단일로 - 기타,승용,남,82세,상해없음,화물,여,58세,경상
2017030300100304,2017년 3월 3일 13시,금요일,전라남도 광양시 중동,중상사고,0,1,0,0,차대차 - 정면충돌,신호위반,건조,맑음,교차로 - 교차로안,승용,여,35세,상해없음,승용,여,40세,중상
2017030300100334,2017년 3월 3일 14시,금요일,전라남도 곡성군 오곡면,중상사고,0,2,1,1,차대차 - 정면충돌,직진우회전진행방해,건조,맑음,교차로 - 교차로안,승용,남,60세,상해없음,화물,남,66세,경상
2017030300100369,2017년 3월 3일 15시,금요일,전라남도 순천시 인제동,경상사고,0,0,1,0,차대차 - 측면충돌,교차로운행방법위반,건조,맑음,교차로 - 교차로안,승용,남,23세,상해없음,승용,남,36세,경상
2017030300100370,2017년 3월 3일 15시,금요일,전라남도 순천시 연향동,경상사고,0,0,1,0,차대차 - 기타,교차로운행방법위반,건조,맑음,교차로 - 교차로안,승용,여,60세,기타불명,승용,남,54세,상해없음
2017030300100371,2017년 3월 3일 15시,금요일,전라남도 나주시 금천면,경상사고,0,0,1,0,차대차 - 측면충돌,안전운전불이행,건조,맑음,교차로 - 교차로안,화물,남,64세,상해없음,승용,남,29세,경상
2017030300100474,2017년 3월 3일 18시,금요일,전라남도 여수시 돌산읍,경상사고,0,0,3,0,차대차 - 측면충돌,교차로운행방법위반,건조,맑음,교차로 - 교차로안,승용,남,39세,상해없음,승용,여,33세,경상
2017030300100475,2017년 3월 3일 18시,금요일,전라남도 해남군 옥천면,중상사고,0,1,2,0,차대차 - 추돌,안전운전불이행,건조,맑음,단일로 - 기타,승용,남,28세,경상,농기계,남,62세,경상
2017030300100476,2017년 3월 3일 18시,금요일,전라남도 영암군 신북면,경상사고,0,0,2,0,차대차 - 추돌,안전거리미확보,건조,맑음,단일로 - 기타,승용,남,55세,상해없음,승용,남,27세,경상
2017030300100477,2017년 3월 3일 18시,금요일,전라남도 영암군 신북면,경상사고,0,0,2,0,차대차 - 추돌,안전거리미확보,건조,맑음,단일로 - 기타,승용,남,27세,경상,승용,여,28세,경상
2017030300100478,2017년 3월 3일 18시,금요일,전라남도 광양시 금호동,경상사고,0,0,2,0,차대차 - 측면충돌,차로위반,건조,맑음,교차로 - 교차로부근,건설기계,남,60세,상해없음,승용,남,44세,경상
2017030300100516,2017년 3월 3일 19시,금요일,전라남도 여수시 문수동,경상사고,0,0,2,0,차대차 - 추돌,안전운전불이행,건조,맑음,교차로 - 교차로부근,승용,여,52세,상해없음,승용,여,39세,경상
2017030300100517,2017년 3월 3일 19시,금요일,전라남도 영암군 신북면,경상사고,0,0,2,0,차대차 - 추돌,안전거리미확보,건조,맑음,단일로 - 기타,승용,남,25세,상해없음,승용,남,56세,경상
2017030300100518,2017년 3월 3일 19시,금요일,전라남도 영암군 삼호읍,경상사고,0,0,2,0,차대차 - 추돌,안전운전불이행,건조,맑음,주차장 - 주차장,승용,남,56세,상해없음,승용,여,39세,경상
2017030300100519,2017년 3월 3일 19시,금요일,전라남도 영암군 신북면,경상사고,0,0,2,0,차대차 - 추돌,안전거리미확보,건조,맑음,단일로 - 기타,승용,남,56세,경상,승용,남,45세,경상
2017030300100551,2017년 3월 3일 20시,금요일,전라남도 목포시 상동,중상사고,0,1,0,0,차대차 - 측면충돌,안전운전불이행,건조,맑음,단일로 - 기타,승용,남,43세,상해없음,이륜,남,30세,중상
2017030300100600,2017년 3월 3일 22시,금요일,전라남도 나주시 빛가람동,경상사고,0,0,3,0,차대차 - 측면충돌,신호위반,건조,맑음,교차로 - 교차로안,승용,남,54세,경상,승용,여,41세,경상
2017030400100040,2017년 3월 4일 01시,토요일,전라남도 나주시 이창동,경상사고,0,0,1,0,차량단독 - 전도전복 - 전도,안전운전불이행,건조,맑음,교차로 - 교차로부근,화물,남,54세,상해없음,,,,
2017030400100041,2017년 3월 4일 01시,토요일,전라남도 무안군 삼향읍,경상사고,0,0,4,0,차대차 - 추돌,안전운전불이행,건조,맑음,단일로 - 지하차도(도로)내,승용,남,33세,상해없음,승용,남,46세,경상
2017030400100104,2017년 3월 4일 06시,토요일,전라남도 여수시 서교동,중상사고,0,1,0,0,차대사람 - 횡단중,안전운전불이행,건조,맑음,교차로 - 교차로안,승용,남,69세,상해없음,보행자,여,77세,중상
2017030400100122,2017년 3월 4일 07시,토요일,전라남도 무안군 무안읍,경상사고,0,0,1,0,차대차 - 측면충돌,직진우회전진행방해,건조,맑음,교차로 - 교차로부근,승용,여,59세,경상,화물,남,57세,상해없음
2017030400100157,2017년 3월 4일 09시,토요일,전라남도 장성군 동화면,경상사고,0,0,3,0,차대차 - 측면충돌,안전운전불이행,건조,맑음,교차로 - 교차로안,승용,남,34세,경상,화물,남,42세,경상
2017030400100185,2017년 3월 4일 10시,토요일,전라남도 여수시 신기동,경상사고,0,0,3,0,차대차 - 측면충돌,차로위반,건조,맑음,단일로 - 터널,건설기계,남,53세,상해없음,승용,남,26세,경상
2017030400100219,2017년 3월 4일 11시,토요일,전라남도 목포시 금동2가,경상사고,0,0,3,0,차대차 - 측면충돌,안전운전불이행,건조,맑음,교차로 - 교차로안,승합,여,49세,경상,승용,남,53세,경상
2017030400100256,2017년 3월 4일 12시,토요일,전라남도 여수시 소라면,경상사고,0,0,2,0,차대차 - 측면충돌,교차로운행방법위반,건조,맑음,교차로 - 교차로안,화물,남,46세,상해없음,승용,남,44세,경상
2017030400100257,2017년 3월 4일 12시,토요일,전라남도 여수시 돌산읍,경상사고,0,0,9,0,차대차 - 추돌,안전운전불이행,건조,맑음,단일로 - 교량,승용,남,28세,상해없음,승용,남,68세,경상
2017030400100258,2017년 3월 4일 12시,토요일,전라남도 여수시 고소동,경상사고,0,0,1,0,차대차 - 측면충돌,안전운전불이행,건조,맑음,단일로 - 기타,승용,여,63세,상해없음,이륜,남,36세,경상
2017030400100259,2017년 3월 4일 12시,토요일,전라남도 장흥군 부산면,중상사고,0,3,1,0,차대차 - 추돌,안전운전불이행,건조,맑음,교차로 - 교차로안,승용,남,59세,경상,승용,남,70세,중상
2017030400100380,2017년 3월 4일 16시,토요일,전라남도 화순군 화순읍,경상사고,0,0,1,0,차대차 - 측면충돌,직진우회전진행방해,건조,맑음,교차로 - 교차로안,승용,남,62세,상해없음,승용,남,34세,경상
2017030400100381,2017년 3월 4일 16시,토요일,전라남도 완도군 완도읍,경상사고,0,0,1,0,차대차 - 정면충돌,교차로운행방법위반,건조,맑음,교차로 - 교차로안,원동기,남,29세,경상,승용,남,32세,상해없음
2017030400100433,2017년 3월 4일 18시,토요일,전라남도 순천시 해룡면,경상사고,0,0,1,0,차대차 - 기타,안전운전불이행,건조,맑음,교차로 - 교차로부근,승용,여,28세,상해없음,자전거,남,12세,경상
2017030400100464,2017년 3월 4일 19시,토요일,전라남도 목포시 상동,경상사고,0,0,1,0,차대차 - 추돌,안전운전불이행,건조,맑음,단일로 - 기타,승합,여,24세,상해없음,승용,남,37세,경상
2017030400100489,2017년 3월 4일 20시,토요일,전라남도 여수시 고소동,경상사고,0,0,2,0,차대차 - 측면충돌,안전운전불이행,건조,맑음,교차로 - 교차로부근,승용,남,59세,상해없음,승용,남,30세,경상
2017030400100490,2017년 3월 4일 20시,토요일,전라남도 여수시 율촌면,경상사고,0,0,3,0,차대차 - 측면충돌,안전운전불이행,건조,맑음,주차장 - 주차장,승용,남,68세,상해없음,승용,남,28세,경상
2017030400100524,2017년 3월 4일 22시,토요일,전라남도 광양시 광양읍,경상사고,0,0,1,0,차대차 - 측면충돌,교차로운행방법위반,건조,맑음,교차로 - 교차로안,승용,여,49세,상해없음,승용,남,30세,경상
2017030400100542,2017년 3월 4일 23시,토요일,전라남도 무안군 삼향읍,경상사고,0,0,1,0,차대차 - 측면충돌,안전운전불이행,건조,맑음,교차로 - 교차로안,승용,여,40세,상해없음,승용,남,62세,경상
2017030500100018,2017년 3월 5일 00시,일요일,전라남도 여수시 여서동,경상사고,0,0,1,0,차대사람 - 횡단중,안전운전불이행,건조,맑음,교차로 - 교차로안,승용,남,23세,상해없음,보행자,남,37세,경상
2017030500100019,2017년 3월 5일 00시,일요일,전라남도 광양시 성황동,중상사고,0,1,0,0,차량단독 - 전도전복 - 전도,안전운전불이행,건조,맑음,단일로 - 기타,승용,남,51세,중상,,,,
2017030500100035,2017년 3월 5일 01시,일요일,전라남도 목포시 상동,경상사고,0,0,1,0,차대차 - 측면충돌,안전운전불이행,건조,맑음,교차로 - 교차로부근,승용,남,32세,상해없음,원동기,남,16세,경상
2017030500100042,2017년 3월 5일 02시,일요일,전라남도 무안군 무안읍,중상사고,0,2,0,0,차량단독 - 전도전복,안전운전불이행,건조,맑음,단일로 - 기타,승용,남,45세,중상,미분류,미분류,미분류,미분류
2017030500100085,2017년 3월 5일 08시,일요일,전라남도 구례군 구례읍,경상사고,0,0,2,0,차대차 - 측면충돌,직진우회전진행방해,건조,맑음,교차로 - 교차로안,화물,남,56세,경상,화물,남,58세,경상
2017030500100256,2017년 3월 5일 16시,일요일,전라남도 목포시 무안동,경상사고,0,0,1,0,차대사람 - 기타,안전운전불이행,건조,맑음,단일로 - 기타,승용,남,39세,상해없음,보행자,남,66세,경상
2017030500100257,2017년 3월 5일 16시,일요일,전라남도 순천시 덕월동,중상사고,0,1,1,0,차대차 - 측면충돌,교차로운행방법위반,건조,맑음,교차로 - 교차로안,승용,남,71세,상해없음,승용,남,48세,경상
2017030500100304,2017년 3월 5일 18시,일요일,전라남도 나주시 금천면,사망사고,1,0,0,0,차대차 - 정면충돌,중앙선침범,건조,맑음,단일로 - 기타,화물,남,41세,상해없음,원동기,남,70세,사망
2017030500100305,2017년 3월 5일 18시,일요일,전라남도 함평군 학교면,경상사고,0,0,2,0,차대차 - 측면충돌,불법유턴,건조,맑음,단일로 - 기타,승용,남,43세,경상,승용,남,35세,경상
2017030500100337,2017년 3월 5일 19시,일요일,전라남도 나주시 금천면,경상사고,0,0,1,1,차대차 - 측면충돌,신호위반,건조,맑음,교차로 - 교차로안,승용,여,34세,부상신고,화물,남,50세,경상
2017030600100021,2017년 3월 6일 00시,월요일,전라남도 순천시 조례동,부상신고사고,0,0,0,1,차대사람 - 기타,안전운전불이행,건조,맑음,주차장 - 주차장,승용,여,45세,상해없음,보행자,여,52세,부상신고
2017030600100066,2017년 3월 6일 06시,월요일,전라남도 무안군 삼향읍,중상사고,0,1,0,0,차대사람 - 횡단중,보행자보호의무위반,건조,맑음,교차로 - 교차로횡단보도내,승용,남,56세,상해없음,보행자,여,69세,중상
2017030600100087,2017년 3월 6일 07시,월요일,전라남도 여수시 안산동,경상사고,0,0,1,0,차대차 - 정면충돌,직진우회전진행방해,건조,맑음,교차로 - 교차로안,승합,남,48세,상해없음,원동기,남,44세,경상
2017030600100121,2017년 3월 6일 08시,월요일,전라남도 순천시 연향동,경상사고,0,0,1,0,차대사람 - 보도통행중,안전운전불이행,건조,맑음,단일로 - 기타,기타불명,기타불명,미분류,기타불명,보행자,남,42세,경상
2017030600100122,2017년 3월 6일 08시,월요일,전라남도 광양시 광양읍,경상사고,0,0,2,0,차대차 - 측면충돌,직진우회전진행방해,건조,맑음,교차로 - 교차로안,승용,여,61세,경상,승용,여,37세,경상
2017030600100151,2017년 3월 6일 09시,월요일,전라남도 순천시 연향동,경상사고,0,0,1,0,차대차 - 측면충돌,안전운전불이행,건조,맑음,단일로 - 기타,승용,남,58세,상해없음,승용,여,45세,경상
2017030600100240,2017년 3월 6일 12시,월요일,전라남도 영광군 영광읍,중상사고,0,1,0,0,차대차 - 측면충돌,신호위반,건조,맑음,교차로 - 교차로횡단보도내,화물,남,74세,상해없음,승용,남,53세,상해없음
2017030600100241,2017년 3월 6일 12시,월요일,전라남도 무안군 현경면,경상사고,0,0,1,0,차대차 - 측면충돌,안전운전불이행,건조,맑음,단일로 - 기타,승용,남,73세,상해없음,승합,남,54세,경상
2017030600100274,2017년 3월 6일 13시,월요일,전라남도 고흥군 도화면,사망사고,1,0,0,0,차량단독 - 전도전복 - 전도,안전운전불이행,건조,맑음,단일로 - 기타,농기계,남,76세,사망,,,,
2017030600100275,2017년 3월 6일 13시,월요일,전라남도 광양시 태인동,중상사고,0,1,1,0,차대차 - 측면충돌,교차로운행방법위반,건조,맑음,교차로 - 교차로안,승용,남,57세,상해없음,화물,남,51세,경상
2017030600100300,2017년 3월 6일 14시,월요일,전라남도 보성군 보성읍,중상사고,0,1,1,0,차대차 - 측면충돌,신호위반,건조,맑음,교차로 - 교차로안,승용,여,62세,상해없음,승용,남,65세,경상
2017030600100357,2017년 3월 6일 16시,월요일,전라남도 순천시 조곡동,중상사고,0,1,0,0,차대사람 - 차도통행중,안전운전불이행,건조,맑음,단일로 - 기타,승용,여,58세,상해없음,보행자,남,56세,중상
2017030600100358,2017년 3월 6일 16시,월요일,전라남도 순천시 상사면,중상사고,0,1,0,0,차량단독 - 전도전복 - 전복,안전운전불이행,건조,맑음,단일로 - 기타,승용,남,61세,중상,,,,
2017030600100359,2017년 3월 6일 16시,월요일,전라남도 나주시 성북동,경상사고,0,0,1,0,차대차 - 기타,안전운전불이행,건조,맑음,주차장 - 주차장,화물,남,73세,상해없음,승용,남,75세,경상
2017030600100360,2017년 3월 6일 16시,월요일,전라남도 함평군 월야면,경상사고,0,0,1,0,차대차 - 추돌,안전거리미확보,건조,맑음,단일로 - 기타,승용,여,56세,상해없음,승용,남,38세,경상
2017030600100429,2017년 3월 6일 18시,월요일,전라남도 화순군 화순읍,경상사고,0,0,1,0,차대사람 - 횡단중,안전운전불이행,건조,맑음,교차로 - 교차로부근,승용,남,30세,상해없음,보행자,남,14세,경상
2017030600100464,2017년 3월 6일 19시,월요일,전라남도 목포시 산정동,경상사고,0,0,3,0,차대차 - 정면충돌,안전운전불이행,건조,흐림,단일로 - 기타,승용,남,62세,경상,승용,여,49세,경상
2017030600100465,2017년 3월 6일 19시,월요일,전라남도 여수시 선원동,중상사고,0,1,0,0,차대사람 - 횡단중,안전운전불이행,건조,맑음,단일로 - 기타,화물,남,27세,상해없음,보행자,남,48세,중상
2017030600100499,2017년 3월 6일 20시,월요일,전라남도 목포시 상동,경상사고,0,0,6,0,차대차 - 정면충돌,안전운전불이행,건조,맑음,단일로 - 기타,승용,여,33세,경상,승용,남,20세,경상
2017030600100546,2017년 3월 6일 22시,월요일,전라남도 여수시 여서동,중상사고,0,1,0,0,차대사람 - 횡단중,안전운전불이행,건조,맑음,단일로 - 기타,승용,남,35세,상해없음,보행자,남,29세,중상
2017030700100079,2017년 3월 7일 07시,화요일,전라남도 장성군 삼계면,경상사고,0,0,1,0,차대차 - 기타,안전운전불이행,적설,눈,교차로 - 교차로안,승합,남,68세,상해없음,승용,여,31세,경상
2017030700100080,2017년 3월 7일 07시,화요일,전라남도 강진군 강진읍,경상사고,0,0,1,0,차대차 - 측면충돌,교차로운행방법위반,건조,맑음,교차로 - 교차로안,승용,남,71세,상해없음,자전거,남,13세,경상
2017030700100127,2017년 3월 7일 08시,화요일,전라남도 여수시 둔덕동,경상사고,0,0,1,0,차대차 - 추돌,안전운전불이행,건조,맑음,교차로 - 교차로안,화물,남,60세,상해없음,승용,여,43세,경상
2017030700100128,2017년 3월 7일 08시,화요일,전라남도 나주시 빛가람동,중상사고,0,1,0,0,차대차 - 측면충돌,중앙선침범,젖음/습기,눈,교차로 - 교차로부근,승용,여,59세,상해없음,승용,여,37세,중상
2017030700100129,2017년 3월 7일 08시,화요일,전라남도 강진군 성전면,중상사고,0,2,0,0,차량단독 - 기타,안전운전불이행,적설,눈,단일로 - 기타,화물,남,63세,중상,,,,
2017030700100164,2017년 3월 7일 09시,화요일,전라남도 함평군 함평읍,부상신고사고,0,0,0,1,차대차 - 측면충돌,신호위반,젖음/습기,맑음,교차로 - 교차로안,이륜,남,70세,부상신고,화물,남,25세,상해없음
2017030700100189,2017년 3월 7일 10시,화요일,전라남도 순천시 연향동,경상사고,0,0,1,0,차대차 - 기타,안전운전불이행,건조,맑음,단일로 - 기타,화물,남,57세,상해없음,자전거,남,67세,경상
2017030700100217,2017년 3월 7일 11시,화요일,전라남도 보성군 조성면,경상사고,0,0,1,0,차대차 - 측면충돌,안전운전불이행,건조,맑음,단일로 - 기타,화물,남,66세,상해없음,농기계,남,85세,경상
2017030700100218,2017년 3월 7일 11시,화요일,전라남도 담양군 봉산면,사망사고,1,1,0,0,차대차 - 추돌,안전거리미확보,건조,맑음,단일로 - 기타,화물,남,62세,사망,승용,남,59세,중상
2017030700100244,2017년 3월 7일 12시,화요일,전라남도 목포시 상동,경상사고,0,0,4,0,차대차 - 기타,신호위반,건조,맑음,교차로 - 교차로안,이륜,남,23세,상해없음,승용,여,23세,경상
2017030700100245,2017년 3월 7일 12시,화요일,전라남도 여수시 미평동,경상사고,0,0,1,0,차대차 - 측면충돌,불법유턴,건조,맑음,단일로 - 기타,승용,남,65세,상해없음,원동기,남,22세,경상
2017030700100260,2017년 3월 7일 13시,화요일,전라남도 화순군 동복면,사망사고,1,1,0,0,차대차 - 정면충돌,중앙선침범,건조,맑음,단일로 - 기타,화물,남,51세,사망,화물,남,47세,중상
2017030700100261,2017년 3월 7일 13시,화요일,전라남도 담양군 용면,경상사고,0,0,2,0,차대차 - 측면충돌,중앙선침범,건조,맑음,단일로 - 기타,화물,남,56세,상해없음,화물,남,49세,경상
2017030700100311,2017년 3월 7일 15시,화요일,전라남도 강진군 강진읍,중상사고,0,1,1,0,차대차 - 측면충돌,교차로운행방법위반,건조,맑음,교차로 - 교차로안,승용,여,62세,상해없음,화물,남,62세,경상
2017030700100312,2017년 3월 7일 15시,화요일,전라남도 무안군 삼향읍,경상사고,0,0,1,0,차대차 - 측면충돌,신호위반,건조,맑음,교차로 - 교차로안,승용,여,47세,상해없음,승용,남,41세,경상
2017030700100334,2017년 3월 7일 16시,화요일,전라남도 장성군 북하면,경상사고,0,0,2,0,차대차 - 측면충돌,신호위반,건조,맑음,교차로 - 교차로안,화물,남,65세,경상,승용,여,25세,경상
2017030700100374,2017년 3월 7일 17시,화요일,전라남도 여수시 화장동,경상사고,0,0,1,0,차대차 - 측면충돌,교차로운행방법위반,건조,맑음,교차로 - 교차로안,승용,여,57세,상해없음,승용,남,63세,경상
2017030700100375,2017년 3월 7일 17시,화요일,전라남도 여수시 학동,경상사고,0,0,1,0,차대차 - 측면충돌,교차로운행방법위반,건조,맑음,교차로 - 교차로안,승용,여,48세,상해없음,승용,여,45세,경상
2017030700100376,2017년 3월 7일 17시,화요일,전라남도 광양시 광양읍,경상사고,0,0,1,0,차대사람 - 횡단중,안전운전불이행,건조,맑음,단일로 - 기타,승용,여,23세,상해없음,보행자,남,8세,경상
2017030700100436,2017년 3월 7일 19시,화요일,전라남도 순천시 연향동,경상사고,0,0,1,0,차대사람 - 길가장자리구역통행중,안전운전불이행,건조,맑음,단일로 - 기타,승용,남,80세,상해없음,보행자,여,54세,경상
2017030700100472,2017년 3월 7일 20시,화요일,전라남도 목포시 산정동,경상사고,0,0,3,0,차대차 - 기타,안전운전불이행,건조,맑음,기타 - 기타,승용,남,55세,상해없음,승용,남,42세,경상
2017030700100473,2017년 3월 7일 20시,화요일,전라남도 강진군 강진읍,경상사고,0,0,3,0,차대차 - 측면충돌,신호위반,건조,맑음,교차로 - 교차로안,승용,남,40세,상해없음,승용,남,66세,경상
2017030700100503,2017년 3월 7일 21시,화요일,전라남도 여수시 학동,경상사고,0,0,2,0,차대차 - 추돌,안전운전불이행,건조,맑음,교차로 - 교차로부근,승용,남,48세,상해없음,승용,여,39세,경상
2017030700100531,2017년 3월 7일 22시,화요일,전라남도 순천시 매곡동,경상사고,0,0,1,0,차대차 - 추돌,안전운전불이행,건조,맑음,단일로 - 기타,승용,남,50세,상해없음,승용,여,56세,경상
2017030700100559,2017년 3월 7일 23시,화요일,전라남도 나주시 송월동,경상사고,0,0,1,0,차대차 - 측면충돌,신호위반,건조,기타,교차로 - 교차로안,승용,남,27세,상해없음,승용,여,52세,경상
2017030800100040,2017년 3월 8일 01시,수요일,전라남도 여수시 학동,경상사고,0,0,1,0,차대사람 - 기타,안전운전불이행,건조,맑음,단일로 - 기타,승용,남,57세,상해없음,보행자,여,19세,경상
2017030800100041,2017년 3월 8일 01시,수요일,전라남도 무안군 무안읍,경상사고,0,0,4,0,차대차 - 측면충돌,안전운전불이행,건조,흐림,교차로 - 교차로안,승용,남,19세,경상,승용,남,38세,경상