사고번호,사고일시,요일,시군구,사고내용,사망자수,중상자수,경상자수,부상신고자수,사고유형,법규위반,노면상태,기상상태,도로형태,가해운전자 차종,가해운전자 성별,가해운전자 연령,가해운전자 상해정도,피해운전자 차종,피해운전자 성별,피해운전자 연령,피해운전자 상해정도
2017030800100052,2017년 3월 8일 03시,수요일,전라남도 목포시 용당동,중상사고,0,1,1,0,차대차 - 기타,안전운전불이행,건조,맑음,교차로 - 교차로안,승용,남,21세,경상,승용,남,51세,중상
2017030800100053,2017년 3월 8일 03시,수요일,전라남도 화순군 화순읍,경상사고,0,0,1,0,차대사람 - 기타,안전운전불이행,건조,맑음,교차로 - 교차로부근,승용,여,38세,상해없음,보행자,남,47세,경상
2017030800100078,2017년 3월 8일 06시,수요일,전라남도 순천시 해룡면,중상사고,0,1,0,0,차대사람 - 길가장자리구역통행중,안전운전불이행,건조,맑음,단일로 - 기타,승용,여,61세,상해없음,보행자,여,27세,중상
2017030800100101,2017년 3월 8일 07시,수요일,전라남도 순천시 별량면,중상사고,0,2,4,0,차량단독 - 전도전복 - 전도,안전운전불이행,건조,맑음,단일로 - 기타,승용,남,67세,경상,,,,
2017030800100102,2017년 3월 8일 07시,수요일,전라남도 나주시 금천면,중상사고,0,3,3,0,차량단독 - 기타,안전운전불이행,젖음/습기,흐림,기타 - 기타,화물,남,66세,경상,,,,
2017030800100201,2017년 3월 8일 11시,수요일,전라남도 목포시 옥암동,경상사고,0,0,2,0,차대차 - 기타,안전거리미확보,건조,맑음,단일로 - 기타,승용,여,32세,상해없음,승용,여,28세,경상
2017030800100202,2017년 3월 8일 11시,수요일,전라남도 해남군 북평면,경상사고,0,0,1,0,차대사람 - 길가장자리구역통행중,안전운전불이행,건조,맑음,기타 - 기타,승용,남,63세,상해없음,보행자,여,75세,경상
2017030800100226,2017년 3월 8일 12시,수요일,전라남도 완도군 노화읍,부상신고사고,0,0,0,1,차대차 - 측면충돌,안전운전불이행,건조,맑음,단일로 - 기타,원동기,남,79세,부상신고,승용,남,34세,상해없음
2017030800100264,2017년 3월 8일 14시,수요일,전라남도 목포시 대성동,중상사고,0,1,0,0,차대사람 - 횡단중,보행자보호의무위반,건조,맑음,교차로 - 교차로안,승용,여,54세,상해없음,보행자,여,70세,중상
2017030800100265,2017년 3월 8일 14시,수요일,전라남도 순천시 낙안면,중상사고,0,1,0,0,차대차 - 측면충돌,직진우회전진행방해,건조,맑음,교차로 - 교차로안,이륜,여,57세,중상,승용,남,59세,상해없음
2017030800100285,2017년 3월 8일 15시,수요일,전라남도 목포시 산정동,경상사고,0,0,1,0,차대차 - 기타,안전운전불이행,건조,맑음,단일로 - 기타,승용,여,65세,경상,승용,남,25세,상해없음
2017030800100286,2017년 3월 8일 15시,수요일,전라남도 신안군 자은면,중상사고,0,1,0,0,차대차 - 기타,안전운전불이행,건조,맑음,단일로 - 기타,이륜,남,81세,중상,승용,여,36세,상해없음
2017030800100287,2017년 3월 8일 15시,수요일,전라남도 장성군 진원면,경상사고,0,0,2,0,차대차 - 측면충돌,교차로운행방법위반,건조,맑음,교차로 - 교차로안,승용,남,66세,경상,승용,남,63세,경상
2017030800100315,2017년 3월 8일 16시,수요일,전라남도 영광군 영광읍,중상사고,0,1,0,0,차대차 - 추돌,안전운전불이행,건조,맑음,단일로 - 기타,화물,남,55세,상해없음,원동기,남,75세,중상
2017030800100316,2017년 3월 8일 16시,수요일,전라남도 광양시 광양읍,경상사고,0,0,2,0,차대차 - 추돌,안전운전불이행,건조,맑음,단일로 - 기타,승용,남,26세,상해없음,승용,여,39세,경상
2017030800100439,2017년 3월 8일 20시,수요일,전라남도 무안군 무안읍,경상사고,0,0,1,0,차대차 - 측면충돌,교차로운행방법위반,건조,맑음,교차로 - 교차로안,승용,남,43세,상해없음,승용,여,42세,경상
2017030800100511,2017년 3월 8일 23시,수요일,전라남도 목포시 동명동,중상사고,0,1,3,0,차대차 - 기타,교차로운행방법위반,건조,맑음,교차로 - 교차로안,승용,여,51세,경상,승용,남,26세,경상
2017030800100512,2017년 3월 8일 23시,수요일,전라남도 목포시 상동,경상사고,0,0,1,0,차대차 - 추돌,안전운전불이행,건조,맑음,단일로 - 기타,승용,남,28세,상해없음,승용,여,50세,경상
2017030900100053,2017년 3월 9일 03시,목요일,전라남도 진도군 고군면,사망사고,1,0,0,0,차량단독 - 전도전복 - 전도,안전운전불이행,건조,맑음,단일로 - 기타,화물,남,34세,사망,,,,
2017030900100080,2017년 3월 9일 06시,목요일,전라남도 나주시 세지면,중상사고,0,1,0,0,차대차 - 추돌,안전운전불이행,건조,맑음,단일로 - 기타,화물,남,48세,중상,화물,남,55세,상해없음
2017030900100094,2017년 3월 9일 07시,목요일,전라남도 영암군 삼호읍,경상사고,0,0,5,0,차대차 - 기타,안전거리미확보,건조,맑음,교차로 - 교차로부근,화물,남,60세,경상,승용,남,37세,경상
2017030900100141,2017년 3월 9일 08시,목요일,전라남도 목포시 상동,경상사고,0,0,2,0,차대차 - 정면충돌,안전운전불이행,건조,맑음,단일로 - 터널,승용,남,75세,상해없음,승용,남,41세,경상
2017030900100142,2017년 3월 9일 08시,목요일,전라남도 화순군 화순읍,경상사고,0,0,2,0,차대차 - 측면충돌,교차로운행방법위반,건조,맑음,교차로 - 교차로안,승용,여,66세,경상,화물,남,38세,경상
2017030900100143,2017년 3월 9일 08시,목요일,전라남도 광양시 광영동,경상사고,0,0,3,0,차대사람 - 횡단중,보행자보호의무위반,건조,맑음,교차로 - 교차로횡단보도내,승용,여,43세,상해없음,보행자,남,1세,경상
2017030900100180,2017년 3월 9일 09시,목요일,전라남도 순천시 석현동,경상사고,0,0,1,0,차대차 - 측면충돌,교차로운행방법위반,건조,맑음,교차로 - 교차로안,승용,여,20세,상해없음,승합,남,65세,경상
2017030900100181,2017년 3월 9일 09시,목요일,전라남도 고흥군 동강면,중상사고,0,1,0,0,차대차 - 측면충돌,안전운전불이행,건조,맑음,교차로 - 교차로안,승용,남,69세,상해없음,이륜,남,76세,중상
2017030900100209,2017년 3월 9일 10시,목요일,전라남도 순천시 덕암동,경상사고,0,0,2,0,차대차 - 추돌,안전운전불이행,건조,맑음,단일로 - 기타,이륜,남,18세,경상,승용,여,59세,경상
2017030900100210,2017년 3월 9일 10시,목요일,전라남도 광양시 도이동,경상사고,0,0,2,0,차대차 - 측면충돌,차로위반,건조,맑음,교차로 - 교차로부근,승용,남,61세,경상,승용,남,23세,경상
2017030900100236,2017년 3월 9일 11시,목요일,전라남도 장흥군 장흥읍,경상사고,0,0,1,0,차대차 - 측면충돌,기타,건조,맑음,교차로 - 교차로안,승용,남,65세,상해없음,승용,여,46세,경상
2017030900100237,2017년 3월 9일 11시,목요일,전라남도 화순군 이양면,중상사고,0,1,0,0,차대차 - 측면충돌,중앙선침범,건조,맑음,단일로 - 기타,화물,남,78세,상해없음,사륜오토바이(ATV),남,83세,중상
2017030900100238,2017년 3월 9일 11시,목요일,전라남도 장성군 장성읍,중상사고,0,1,0,0,차대차 - 측면충돌,안전운전불이행,건조,맑음,교차로 - 교차로안,승용,여,45세,상해없음,원동기,남,87세,중상
2017030900100304,2017년 3월 9일 14시,목요일,전라남도 순천시 오천동,중상사고,0,1,0,0,차대차 - 정면충돌,교차로운행방법위반,건조,맑음,교차로 - 교차로안,승용,남,53세,상해없음,원동기,남,37세,중상
2017030900100305,2017년 3월 9일 14시,목요일,전라남도 나주시 이창동,경상사고,0,0,1,0,차대차 - 측면충돌,안전거리미확보,건조,맑음,교차로 - 교차로부근,화물,남,42세,상해없음,승용,남,58세,경상
2017030900100306,2017년 3월 9일 14시,목요일,전라남도 나주시 남평읍,중상사고,0,1,0,0,차량단독 - 기타,안전운전불이행,건조,맑음,단일로 - 기타,사륜오토바이(ATV),여,52세,중상,,,,
2017030900100392,2017년 3월 9일 17시,목요일,전라남도 신안군 하의면,부상신고사고,0,0,0,1,차량단독 - 전도전복,안전운전불이행,건조,맑음,단일로 - 기타,이륜,남,65세,부상신고,미분류,미분류,미분류,미분류
2017030900100430,2017년 3월 9일 18시,목요일,전라남도 고흥군 점암면,경상사고,0,0,1,0,차대차 - 측면충돌,교차로운행방법위반,건조,맑음,교차로 - 교차로안,원동기,남,73세,경상,화물,남,65세,상해없음
2017030900100464,2017년 3월 9일 19시,목요일,전라남도 나주시 성북동,경상사고,0,0,1,0,차대사람 - 횡단중,보행자보호의무위반,건조,맑음,교차로 - 교차로안,화물,여,61세,상해없음,보행자,남,54세,경상
2017030900100561,2017년 3월 9일 23시,목요일,전라남도 순천시 조곡동,경상사고,0,0,1,0,차대차 - 정면충돌,안전운전불이행,건조,맑음,단일로 - 기타,원동기,남,25세,상해없음,승용,남,33세,경상
2017031000100024,2017년 3월 10일 00시,금요일,전라남도 담양군 월산면,경상사고,0,0,1,0,차량단독 - 전도전복 - 전도,안전운전불이행,건조,맑음,교차로 - 교차로부근,원동기,남,82세,경상,,,,
2017031000100029,2017년 3월 10일 01시,금요일,전라남도 목포시 상동,경상사고,0,0,4,0,차대차 - 측면충돌,직진우회전진행방해,건조,맑음,교차로 - 교차로안,승용,남,22세,경상,승용,여,46세,경상
2017031000100050,2017년 3월 10일 03시,금요일,전라남도 영암군 영암읍,경상사고,0,0,1,0,차량단독 - 공작물충돌,안전운전불이행,건조,맑음,단일로 - 고가도로위,승용,남,24세,경상,,,,
2017031000100091,2017년 3월 10일 07시,금요일,전라남도 영광군 홍농읍,경상사고,0,0,1,0,차대차 - 측면충돌,중앙선침범,건조,맑음,단일로 - 기타,승용,여,56세,상해없음,승용,여,25세,경상
2017031000100131,2017년 3월 10일 08시,금요일,전라남도 목포시 산정동,중상사고,0,1,0,0,차대사람 - 횡단중,보행자보호의무위반,건조,맑음,교차로 - 교차로횡단보도내,승용,여,51세,상해없음,보행자,여,20세,중상
2017031000100174,2017년 3월 10일 09시,금요일,전라남도 순천시 가곡동,경상사고,0,0,1,0,차대차 - 기타,안전운전불이행,건조,맑음,단일로 - 기타,승용,여,52세,경상,승용,남,60세,상해없음
2017031000100204,2017년 3월 10일 10시,금요일,전라남도 목포시 옥암동,경상사고,0,0,2,0,차대차 - 추돌,안전거리미확보,건조,맑음,단일로 - 기타,승합,남,48세,상해없음,승용,여,41세,경상
2017031000100205,2017년 3월 10일 10시,금요일,전라남도 해남군 해남읍,중상사고,0,1,0,0,차대사람 - 횡단중,안전운전불이행,건조,맑음,단일로 - 기타,승용,여,42세,상해없음,보행자,남,72세,중상
2017031000100225,2017년 3월 10일 11시,금요일,전라남도 목포시 상동,경상사고,0,0,3,0,차대차 - 기타,교차로운행방법위반,건조,맑음,교차로 - 교차로안,승용,남,58세,경상,승용,남,67세,경상
2017031000100226,2017년 3월 10일 11시,금요일,전라남도 장흥군 관산읍,중상사고,0,2,1,0,차대차 - 측면충돌,직진우회전진행방해,건조,맑음,교차로 - 교차로안,화물,여,60세,경상,승용,여,51세,중상
2017031000100284,2017년 3월 10일 13시,금요일,전라남도 여수시 국동,경상사고,0,0,1,0,차대사람 - 길가장자리구역통행중,안전운전불이행,건조,맑음,단일로 - 기타,승용,남,29세,상해없음,보행자,남,69세,경상
2017031000100285,2017년 3월 10일 13시,금요일,전라남도 해남군 옥천면,중상사고,0,1,0,0,차량단독 - 공작물충돌,안전운전불이행,건조,맑음,단일로 - 기타,농기계,남,47세,중상,,,,
2017031000100286,2017년 3월 10일 13시,금요일,전라남도 담양군 담양읍,경상사고,0,0,1,0,차대차 - 측면충돌,직진우회전진행방해,건조,맑음,교차로 - 교차로안,승용,여,65세,상해없음,승용,남,66세,경상
2017031000100305,2017년 3월 10일 14시,금요일,전라남도 목포시 상락동2가,중상사고,0,1,0,0,차대사람 - 횡단중,보행자보호의무위반,건조,맑음,교차로 - 교차로횡단보도내,승용,남,45세,상해없음,보행자,여,66세,중상
2017031000100306,2017년 3월 10일 14시,금요일,전라남도 광양시 옥곡면,경상사고,0,0,2,0,차대차 - 측면충돌,직진우회전진행방해,건조,맑음,교차로 - 교차로안,승용,남,50세,상해없음,화물,여,54세,상해없음
2017031000100334,2017년 3월 10일 15시,금요일,전라남도 여수시 학동,경상사고,0,0,3,0,차대차 - 측면충돌,중앙선침범,건조,맑음,단일로 - 기타,승용,남,79세,상해없음,승용,남,65세,경상
2017031000100335,2017년 3월 10일 15시,금요일,전라남도 여수시 서교동,중상사고,0,1,0,0,차대사람 - 기타,안전운전불이행,건조,맑음,단일로 - 기타,승합,남,52세,기타불명,보행자,여,77세,중상
2017031000100336,2017년 3월 10일 15시,금요일,전라남도 순천시 조례동,중상사고,0,1,0,0,차대차 - 측면충돌,안전운전불이행,건조,맑음,단일로 - 기타,승용,남,26세,상해없음,승용,여,58세,중상
2017031000100337,2017년 3월 10일 15시,금요일,전라남도 나주시 이창동,경상사고,0,0,2,0,차대차 - 기타,중앙선침범,건조,맑음,교차로 - 교차로부근,승용,여,66세,상해없음,원동기,남,84세,경상
2017031000100374,2017년 3월 10일 16시,금요일,전라남도 여수시 둔덕동,경상사고,0,0,2,0,차대차 - 측면충돌,신호위반,건조,맑음,단일로 - 기타,승합,남,70세,상해없음,승용,남,27세,경상
2017031000100375,2017년 3월 10일 16시,금요일,전라남도 나주시 동강면,중상사고,0,1,0,0,차대차 - 정면충돌,안전운전불이행,건조,맑음,단일로 - 기타,농기계,남,33세,상해없음,원동기,남,57세,중상
2017031000100409,2017년 3월 10일 17시,금요일,전라남도 목포시 산정동,경상사고,0,0,1,0,차대사람 - 길가장자리구역통행중,안전운전불이행,건조,맑음,단일로 - 기타,승용,남,56세,상해없음,보행자,남,27세,경상
2017031000100491,2017년 3월 10일 19시,금요일,전라남도 목포시 산정동,중상사고,0,1,0,0,차대차 - 측면충돌,안전운전불이행,건조,맑음,교차로 - 교차로안,기타불명,기타불명,미분류,기타불명,이륜,남,66세,중상
2017031000100588,2017년 3월 10일 22시,금요일,전라남도 장성군 장성읍,경상사고,0,0,1,0,차대차 - 정면충돌,직진우회전진행방해,건조,맑음,교차로 - 교차로안,승용,남,44세,상해없음,승용,남,51세,상해없음
2017031000100617,2017년 3월 10일 23시,금요일,전라남도 여수시 여서동,경상사고,0,0,1,0,차대차 - 측면충돌,직진우회전진행방해,건조,맑음,교차로 - 교차로안,승용,남,33세,상해없음,승용,남,52세,경상
2017031000100618,2017년 3월 10일 23시,금요일,전라남도 순천시 해룡면,경상사고,0,0,1,0,차대사람 - 횡단중,안전운전불이행,건조,맑음,교차로 - 교차로안,승용,남,46세,상해없음,보행자,남,50세,경상
2017031100100048,2017년 3월 11일 01시,토요일,전라남도 광양시 광양읍,부상신고사고,0,0,0,1,차량단독 - 도로외이탈 - 추락,안전운전불이행,건조,맑음,단일로 - 기타,승용,남,52세,부상신고,,,,
2017031100100064,2017년 3월 11일 02시,토요일,전라남도 광양시 광양읍,경상사고,0,0,1,0,차대차 - 추돌,안전운전불이행,건조,맑음,단일로 - 기타,승용,남,25세,상해없음,특수,남,48세,경상
2017031100100074,2017년 3월 11일 03시,토요일,전라남도 여수시 여서동,경상사고,0,0,1,0,차대차 - 측면충돌,안전운전불이행,건조,맑음,단일로 - 기타,승용,남,34세,상해없음,이륜,남,26세,경상
2017031100100079,2017년 3월 11일 04시,토요일,전라남도 여수시 학동,사망사고,1,0,0,0,차대사람 - 횡단중,과속,건조,맑음,교차로 - 교차로횡단보도내,승용,남,39세,상해없음,보행자,남,24세,사망
2017031100100110,2017년 3월 11일 07시,토요일,전라남도 순천시 풍덕동,경상사고,0,0,1,0,차대차 - 기타,안전운전불이행,건조,맑음,단일로 - 기타,원동기,남,42세,경상,승용,기타불명,미분류,기타불명
2017031100100177,2017년 3월 11일 10시,토요일,전라남도 광양시 중동,경상사고,0,0,3,0,차대차 - 측면충돌,직진우회전진행방해,건조,맑음,교차로 - 교차로안,승용,여,27세,경상,승용,여,40세,경상
2017031100100206,2017년 3월 11일 11시,토요일,전라남도 목포시 석현동,경상사고,0,0,4,0,차대차 - 측면충돌,안전운전불이행,건조,맑음,교차로 - 교차로안,승용,남,57세,상해없음,화물,남,62세,경상
2017031100100207,2017년 3월 11일 11시,토요일,전라남도 여수시 남산동,경상사고,0,0,1,0,차대사람 - 길가장자리구역통행중,안전운전불이행,건조,맑음,단일로 - 기타,승용,남,52세,상해없음,보행자,남,32세,경상
2017031100100233,2017년 3월 11일 12시,토요일,전라남도 화순군 남면,부상신고사고,0,0,0,1,차대차 - 기타,안전운전불이행,건조,맑음,단일로 - 기타,화물,남,57세,상해없음,자전거,남,74세,부상신고
2017031100100262,2017년 3월 11일 13시,토요일,전라남도 보성군 미력면,경상사고,0,0,3,0,차대차 - 추돌,안전거리미확보,건조,맑음,단일로 - 기타,승용,남,59세,경상,승용,남,30세,경상
2017031100100304,2017년 3월 11일 14시,토요일,전라남도 목포시 측후동,경상사고,0,0,1,0,차대사람 - 기타,안전운전불이행,건조,맑음,단일로 - 기타,승용,여,54세,상해없음,보행자,남,46세,경상
2017031100100305,2017년 3월 11일 14시,토요일,전라남도 목포시 대성동,경상사고,0,0,2,0,차대차 - 기타,안전운전불이행,건조,맑음,단일로 - 기타,승용,남,49세,상해없음,특수,남,33세,경상
2017031100100306,2017년 3월 11일 14시,토요일,전라남도 여수시 남산동,경상사고,0,0,1,0,차대차 - 측면충돌,안전운전불이행,건조,맑음,교차로 - 교차로안,승용,남,65세,상해없음,승용,남,61세,경상
2017031100100391,2017년 3월 11일 16시,토요일,전라남도 목포시 상동,경상사고,0,0,2,0,차대차 - 후진중충돌,안전운전불이행,건조,맑음,단일로 - 기타,승용,남,61세,상해없음,승용,남,67세,경상
2017031100100409,2017년 3월 11일 17시,토요일,전라남도 목포시 용당동,경상사고,0,0,2,0,차대차 - 기타,교차로운행방법위반,건조,맑음,교차로 - 교차로안,이륜,남,50세,경상,승용,남,49세,경상
2017031100100410,2017년 3월 11일 17시,토요일,전라남도 순천시 해룡면,경상사고,0,0,1,0,차대사람 - 기타,안전운전불이행,건조,맑음,단일로 - 기타,승합,남,58세,상해없음,보행자,여,17세,경상
2017031100100433,2017년 3월 11일 18시,토요일,전라남도 진도군 진도읍,경상사고,0,0,1,0,차대차 - 정면충돌,안전운전불이행,건조,맑음,교차로 - 교차로부근,승용,여,52세,상해없음,이륜,여,63세,경상
2017031100100472,2017년 3월 11일 19시,토요일,전라남도 목포시 상동,경상사고,0,0,1,0,차대차 - 기타,직진우회전진행방해,건조,맑음,교차로 - 교차로안,승용,남,37세,상해없음,승용,남,34세,경상
2017031100100473,2017년 3월 11일 19시,토요일,전라남도 순천시 조례동,경상사고,0,0,1,0,차대차 - 측면충돌,안전운전불이행,건조,맑음,교차로 - 교차로부근,이륜,남,16세,경상,승용,남,54세,상해없음
2017031100100504,2017년 3월 11일 20시,토요일,전라남도 여수시 여천동,경상사고,0,0,1,0,차대차 - 측면충돌,차로위반,건조,맑음,교차로 - 교차로부근,이륜,남,67세,경상,승용,남,63세,상해없음
2017031100100505,2017년 3월 11일 20시,토요일,전라남도 순천시 해룡면,중상사고,0,3,0,0,차대차 - 측면충돌,안전거리미확보,건조,맑음,단일로 - 기타,승용,여,23세,상해없음,승용,남,22세,상해없음
2017031100100529,2017년 3월 11일 21시,토요일,전라남도 무안군 무안읍,경상사고,0,0,3,0,차대차 - 추돌,안전운전불이행,건조,맑음,단일로 - 기타,화물,남,54세,상해없음,승용,남,18세,경상
2017031200100019,2017년 3월 12일 00시,일요일,전라남도 순천시 해룡면,경상사고,0,0,2,0,차대차 - 기타,직진우회전진행방해,건조,맑음,교차로 - 교차로안,승용,남,40세,경상,승용,여,46세,경상
2017031200100101,2017년 3월 12일 08시,일요일,전라남도 목포시 용해동,경상사고,0,0,3,0,차대차 - 측면충돌,신호위반,건조,맑음,단일로 - 기타,승용,여,52세,상해없음,승용,남,52세,경상
2017031200100102,2017년 3월 12일 08시,일요일,전라남도 순천시 남정동,중상사고,0,1,0,0,차대차 - 측면충돌,안전운전불이행,건조,맑음,교차로 - 교차로안,자전거,남,85세,중상,화물,남,38세,상해없음
2017031200100133,2017년 3월 12일 10시,일요일,전라남도 순천시 주암면,중상사고,0,1,0,0,차대사람 - 횡단중,중앙선침범,건조,맑음,단일로 - 기타,승용,남,54세,상해없음,보행자,여,77세,중상
2017031200100154,2017년 3월 12일 11시,일요일,전라남도 여수시 소호동,경상사고,0,0,1,0,차대차 - 측면충돌,안전운전불이행,건조,맑음,주차장 - 주차장,승용,남,29세,상해없음,승용,남,33세,상해없음
2017031200100155,2017년 3월 12일 11시,일요일,전라남도 순천시 조례동,경상사고,0,0,1,0,차대차 - 추돌,안전운전불이행,건조,맑음,교차로 - 교차로부근,승용,남,35세,상해없음,승용,남,40세,상해없음
2017031200100192,2017년 3월 12일 13시,일요일,전라남도 여수시 서교동,사망사고,1,0,0,0,차대차 - 측면충돌,안전거리미확보,건조,맑음,단일로 - 기타,원동기,남,71세,상해없음,승용,여,46세,상해없음
2017031200100193,2017년 3월 12일 13시,일요일,전라남도 순천시 황전면,경상사고,0,0,1,0,차대차 - 측면충돌,안전운전불이행,건조,맑음,단일로 - 기타,승용,남,24세,상해없음,원동기,남,86세,경상
2017031200100237,2017년 3월 12일 15시,일요일,전라남도 진도군 진도읍,경상사고,0,0,3,0,차대차 - 기타,중앙선침범,건조,맑음,교차로 - 교차로부근,화물,남,68세,상해없음,승용,남,51세,경상
2017031200100238,2017년 3월 12일 15시,일요일,전라남도 구례군 토지면,중상사고,0,1,0,0,차대차 - 기타,안전운전불이행,건조,맑음,교차로 - 교차로안,승용,남,50세,상해없음,자전거,남,26세,중상
2017031200100264,2017년 3월 12일 16시,일요일,전라남도 목포시 산정동,경상사고,0,0,3,0,차대차 - 측면충돌,안전운전불이행,건조,맑음,단일로 - 기타,승용,남,69세,상해없음,승용,남,36세,경상
2017031200100265,2017년 3월 12일 16시,일요일,전라남도 여수시 학동,경상사고,0,0,2,0,차대차 - 측면충돌,안전거리미확보,건조,맑음,단일로 - 기타,승용,여,34세,상해없음,승용,여,55세,경상
2017031200100266,2017년 3월 12일 16시,일요일,전라남도 나주시 왕곡면,중상사고,0,1,0,0,차대차 - 추돌,차로위반,건조,맑음,단일로 - 기타,승용,남,39세,상해없음,원동기,남,65세,중상
2017031200100322,2017년 3월 12일 18시,일요일,전라남도 영광군 법성면,경상사고,0,0,3,0,차대차 - 측면충돌,직진우회전진행방해,건조,맑음,교차로 - 교차로안,승용,남,45세,상해없음,승합,여,34세,경상
2017031200100323,2017년 3월 12일 18시,일요일,전라남도 광양시 광양읍,중상사고,0,1,4,0,차대차 - 측면충돌,교차로운행방법위반,건조,맑음,교차로 - 교차로안,승용,여,42세,경상,승용,남,32세,경상
2017031200100362,2017년 3월 12일 19시,일요일,전라남도 보성군 벌교읍,중상사고,0,1,0,0,차대사람 - 횡단중,안전운전불이행,건조,맑음,교차로 - 교차로횡단보도내,승용,여,31세,상해없음,보행자,남,63세,중상
2017031200100363,2017년 3월 12일 19시,일요일,전라남도 보성군 벌교읍,사망사고,1,2,0,0,차대차 - 추돌,안전운전불이행,건조,맑음,교차로 - 교차로부근,화물,남,43세,사망,승합,남,53세,중상
2017031200100384,2017년 3월 12일 20시,일요일,전라남도 무안군 해제면,중상사고,0,1,0,0,차대사람 - 횡단중,중앙선침범,건조,맑음,교차로 - 교차로부근,승용,남,46세,상해없음,보행자,남,49세,중상
2017031200100428,2017년 3월 12일 22시,일요일,전라남도 목포시 용당동,경상사고,0,0,1,0,차대차 - 측면충돌,안전운전불이행,건조,맑음,단일로 - 기타,승용,남,37세,상해없음,이륜,남,19세,경상
2017031200100429,2017년 3월 12일 22시,일요일,전라남도 영광군 묘량면,중상사고,0,1,1,0,차대차 - 추돌,안전운전불이행,건조,맑음,단일로 - 기타,승용,여,27세,상해없음,승용,남,23세,중상
2017031300100042,2017년 3월 13일 04시,월요일,전라남도 구례군 구례읍,중상사고,0,1,0,0,차대사람 - 기타,안전운전불이행,건조,맑음,교차로 - 교차로부근,승용,여,57세,상해없음,보행자,여,83세,중상
2017031300100080,2017년 3월 13일 07시,월요일,전라남도 나주시 왕곡면,경상사고,0,0,2,0,차량단독 - 전도전복 - 전도,안전운전불이행,건조,맑음,단일로 - 기타,승용,남,46세,경상,,,,
2017031300100119,2017년 3월 13일 08시,월요일,전라남도 나주시 용산동,경상사고,0,0,5,0,차대차 - 측면충돌,신호위반,건조,맑음,교차로 - 교차로안,승용,남,24세,경상,승용,여,34세,경상
2017031300100167,2017년 3월 13일 09시,월요일,전라남도 목포시 용당동,경상사고,0,0,1,1,차대차 - 기타,교차로운행방법위반,건조,맑음,교차로 - 교차로안,승용,남,52세,부상신고,승용,여,51세,경상
2017031300100168,2017년 3월 13일 09시,월요일,전라남도 장성군 남면,경상사고,0,0,2,0,차대차 - 추돌,안전운전불이행,건조,맑음,단일로 - 기타,화물,남,52세,상해없음,승용,남,34세,경상
2017031300100197,2017년 3월 13일 10시,월요일,전라남도 목포시 금동1가,사망사고,1,0,0,0,차대사람 - 횡단중,안전운전불이행,건조,맑음,교차로 - 교차로부근,승용,남,36세,상해없음,보행자,여,74세,사망
2017031300100198,2017년 3월 13일 10시,월요일,전라남도 무안군 몽탄면,중상사고,0,1,1,0,차대차 - 측면충돌,안전운전불이행,건조,맑음,교차로 - 교차로안,승용,남,40세,상해없음,화물,남,79세,경상
2017031300100246,2017년 3월 13일 12시,월요일,전라남도 보성군 노동면,사망사고,1,0,0,0,차량단독 - 전도전복 - 전도,안전운전불이행,건조,맑음,기타 - 기타,화물,남,75세,사망,,,,
2017031300100265,2017년 3월 13일 13시,월요일,전라남도 순천시 덕월동,중상사고,0,1,1,0,차대차 - 측면충돌,안전운전불이행,건조,맑음,단일로 - 기타,승용,여,64세,경상,승용,여,56세,중상
2017031300100266,2017년 3월 13일 13시,월요일,전라남도 장성군 황룡면,경상사고,0,0,1,0,차대차 - 추돌,안전운전불이행,건조,맑음,단일로 - 기타,화물,남,32세,상해없음,승용,여,46세,경상
2017031300100291,2017년 3월 13일 14시,월요일,전라남도 목포시 용해동,중상사고,0,1,0,0,차대차 - 기타,신호위반,건조,맑음,교차로 - 교차로부근,승용,여,49세,상해없음,원동기,남,60세,중상
2017031300100292,2017년 3월 13일 14시,월요일,전라남도 순천시 조례동,중상사고,0,1,0,0,차대사람 - 횡단중,교차로운행방법위반,건조,맑음,교차로 - 교차로안,승용,남,62세,상해없음,보행자,여,68세,중상
2017031300100293,2017년 3월 13일 14시,월요일,전라남도 함평군 함평읍,부상신고사고,0,0,0,1,차대차 - 측면충돌,안전운전불이행,건조,맑음,교차로 - 교차로안,사륜오토바이(ATV),남,63세,부상신고,승용,여,28세,상해없음
2017031300100294,2017년 3월 13일 14시,월요일,전라남도 장성군 북하면,경상사고,0,0,4,0,차대차 - 측면충돌,교차로운행방법위반,건조,맑음,교차로 - 교차로안,승용,남,71세,기타불명,승용,여,54세,경상
2017031300100321,2017년 3월 13일 15시,월요일,전라남도 목포시 연산동,경상사고,0,0,1,0,차대차 - 후진중충돌,안전운전불이행,건조,맑음,주차장 - 주차장,화물,남,71세,상해없음,승용,여,55세,경상
2017031300100358,2017년 3월 13일 16시,월요일,전라남도 여수시 선원동,경상사고,0,0,1,0,차대사람 - 기타,안전운전불이행,건조,맑음,단일로 - 기타,승합,남,53세,상해없음,보행자,남,64세,경상
2017031300100359,2017년 3월 13일 16시,월요일,전라남도 광양시 광양읍,경상사고,0,0,1,0,차대차 - 기타,안전운전불이행,건조,맑음,단일로 - 기타,화물,남,60세,상해없음,승합,남,39세,상해없음
2017031300100390,2017년 3월 13일 17시,월요일,전라남도 순천시 조례동,경상사고,0,0,2,0,차대차 - 측면충돌,차로위반,건조,맑음,교차로 - 교차로부근,승용,여,59세,기타불명,승용,여,43세,상해없음