사고번호,사고일시,요일,시군구,사고내용,사망자수,중상자수,경상자수,부상신고자수,사고유형,법규위반,노면상태,기상상태,도로형태,가해운전자 차종,가해운전자 성별,가해운전자 연령,가해운전자 상해정도,피해운전자 차종,피해운전자 성별,피해운전자 연령,피해운전자 상해정도
2017031300100414,2017년 3월 13일 18시,월요일,전라남도 여수시 선원동,경상사고,0,0,1,0,차대차 - 추돌,안전운전불이행,건조,맑음,단일로 - 기타,화물,남,61세,상해없음,승용,남,67세,경상
2017031300100415,2017년 3월 13일 18시,월요일,전라남도 나주시 남평읍,경상사고,0,0,1,0,차량단독 - 기타,안전운전불이행,건조,맑음,단일로 - 기타,승합,남,59세,상해없음,,,,
2017031300100449,2017년 3월 13일 19시,월요일,전라남도 광양시 광양읍,부상신고사고,0,0,0,1,차대차 - 측면충돌,안전운전불이행,건조,맑음,단일로 - 기타,승용,남,51세,상해없음,원동기,남,43세,부상신고
2017031300100473,2017년 3월 13일 20시,월요일,전라남도 순천시 장천동,중상사고,0,1,0,0,차대사람 - 기타,안전운전불이행,건조,맑음,단일로 - 기타,승용,남,44세,상해없음,보행자,남,50세,중상
2017031300100519,2017년 3월 13일 22시,월요일,전라남도 순천시 조례동,중상사고,0,1,0,0,차대사람 - 횡단중,안전운전불이행,건조,맑음,단일로 - 기타,승용,남,63세,상해없음,보행자,남,46세,중상
2017031300100520,2017년 3월 13일 22시,월요일,전라남도 고흥군 고흥읍,경상사고,0,0,2,0,차대사람 - 길가장자리구역통행중,안전운전불이행,건조,맑음,단일로 - 기타,승용,남,38세,상해없음,보행자,남,28세,경상
2017031400100017,2017년 3월 14일 00시,화요일,전라남도 나주시 산포면,사망사고,1,0,0,0,차대사람 - 차도통행중,안전운전불이행,건조,맑음,교차로 - 교차로부근,승용,남,36세,상해없음,보행자,남,26세,사망
2017031400100018,2017년 3월 14일 00시,화요일,전라남도 담양군 수북면,경상사고,0,0,3,0,차대차 - 측면충돌,안전운전불이행,건조,맑음,단일로 - 기타,화물,남,52세,경상,화물,남,63세,상해없음
2017031400100044,2017년 3월 14일 04시,화요일,전라남도 목포시 용당동,경상사고,0,0,1,0,차대차 - 추돌,안전운전불이행,건조,흐림,단일로 - 기타,승용,남,24세,상해없음,승용,남,28세,경상
2017031400100067,2017년 3월 14일 06시,화요일,전라남도 목포시 산정동,중상사고,0,1,0,0,차대사람 - 횡단중,보행자보호의무위반,건조,맑음,단일로 - 기타,이륜,남,67세,상해없음,보행자,여,65세,중상
2017031400100076,2017년 3월 14일 07시,화요일,전라남도 목포시 대양동,경상사고,0,0,1,0,차대차 - 기타,직진우회전진행방해,건조,맑음,교차로 - 교차로안,승용,남,56세,상해없음,화물,남,43세,경상
2017031400100077,2017년 3월 14일 07시,화요일,전라남도 보성군 보성읍,중상사고,0,1,1,0,차대차 - 측면충돌,신호위반,건조,맑음,교차로 - 교차로안,승용,여,54세,경상,화물,남,69세,중상
2017031400100112,2017년 3월 14일 08시,화요일,전라남도 여수시 안산동,경상사고,0,0,1,0,차대차 - 측면충돌,신호위반,건조,맑음,교차로 - 교차로안,승용,여,46세,상해없음,승용,남,24세,경상
2017031400100113,2017년 3월 14일 08시,화요일,전라남도 순천시 연향동,경상사고,0,0,2,0,차대차 - 기타,안전운전불이행,건조,맑음,교차로 - 교차로부근,승용,여,28세,경상,승용,남,31세,경상
2017031400100114,2017년 3월 14일 08시,화요일,전라남도 순천시 조례동,경상사고,0,0,1,0,차대차 - 기타,안전운전불이행,건조,맑음,주차장 - 주차장,화물,남,43세,기타불명,승용,여,45세,경상
2017031400100115,2017년 3월 14일 08시,화요일,전라남도 나주시 빛가람동,경상사고,0,0,2,0,차대사람 - 횡단중,보행자보호의무위반,건조,맑음,교차로 - 교차로횡단보도내,승용,여,37세,상해없음,보행자,여,38세,경상
2017031400100116,2017년 3월 14일 08시,화요일,전라남도 해남군 마산면,경상사고,0,0,1,0,차대차 - 추돌,안전거리미확보,건조,맑음,교차로 - 교차로부근,승용,여,44세,상해없음,승용,여,47세,경상
2017031400100149,2017년 3월 14일 09시,화요일,전라남도 여수시 신월동,중상사고,0,1,1,0,차대차 - 측면충돌,교차로운행방법위반,건조,맑음,교차로 - 교차로안,승용,남,37세,경상,승용,남,65세,중상
2017031400100171,2017년 3월 14일 10시,화요일,전라남도 신안군 압해읍,경상사고,0,0,1,0,차대차 - 기타,교차로운행방법위반,건조,맑음,교차로 - 교차로안,화물,남,79세,상해없음,승합,남,58세,상해없음
2017031400100172,2017년 3월 14일 10시,화요일,전라남도 강진군 강진읍,경상사고,0,0,1,0,차량단독 - 전도전복 - 전도,안전운전불이행,건조,맑음,단일로 - 기타,화물,남,70세,경상,,,,
2017031400100173,2017년 3월 14일 10시,화요일,전라남도 담양군 담양읍,중상사고,0,1,0,0,차대차 - 측면충돌,안전거리미확보,건조,맑음,단일로 - 기타,원동기,남,75세,중상,화물,남,76세,상해없음
2017031400100174,2017년 3월 14일 10시,화요일,전라남도 무안군 청계면,경상사고,0,0,1,0,차대차 - 추돌,안전운전불이행,건조,맑음,단일로 - 기타,건설기계,남,46세,상해없음,승합,여,53세,경상
2017031400100196,2017년 3월 14일 11시,화요일,전라남도 여수시 소라면,경상사고,0,0,2,0,차대차 - 측면충돌,안전운전불이행,건조,맑음,단일로 - 기타,승용,남,71세,상해없음,승용,남,43세,경상
2017031400100197,2017년 3월 14일 11시,화요일,전라남도 장흥군 장흥읍,경상사고,0,0,1,0,차대사람 - 횡단중,안전운전불이행,건조,맑음,교차로 - 교차로안,승용,남,27세,상해없음,보행자,여,63세,경상
2017031400100198,2017년 3월 14일 11시,화요일,전라남도 고흥군 도양읍,경상사고,0,0,1,0,차대차 - 기타,안전운전불이행,건조,맑음,교차로 - 교차로안,이륜,여,64세,경상,승용,남,65세,상해없음
2017031400100223,2017년 3월 14일 12시,화요일,전라남도 함평군 엄다면,중상사고,0,1,0,0,차대차 - 측면충돌,중앙선침범,건조,맑음,교차로 - 교차로부근,화물,남,54세,상해없음,이륜,남,78세,중상
2017031400100283,2017년 3월 14일 14시,화요일,전라남도 여수시 월하동,경상사고,0,0,1,0,차대차 - 측면충돌,교차로운행방법위반,건조,맑음,교차로 - 교차로안,건설기계,남,52세,상해없음,승용,남,30세,경상
2017031400100284,2017년 3월 14일 14시,화요일,전라남도 영광군 영광읍,경상사고,0,0,2,0,차대차 - 측면충돌,안전거리미확보,건조,맑음,단일로 - 기타,승용,여,33세,경상,승용,여,58세,경상
2017031400100340,2017년 3월 14일 16시,화요일,전라남도 순천시 조례동,경상사고,0,0,2,0,차대차 - 측면충돌,안전운전불이행,건조,맑음,단일로 - 기타,승용,남,44세,경상,승용,남,51세,경상
2017031400100341,2017년 3월 14일 16시,화요일,전라남도 화순군 화순읍,경상사고,0,0,1,0,차대사람 - 길가장자리구역통행중,안전운전불이행,건조,맑음,단일로 - 기타,승용,남,52세,상해없음,보행자,남,13세,경상
2017031400100342,2017년 3월 14일 16시,화요일,전라남도 광양시 중동,경상사고,0,0,1,0,차대사람 - 기타,안전운전불이행,건조,맑음,주차장 - 주차장,승용,여,50세,상해없음,보행자,남,32세,경상
2017031400100410,2017년 3월 14일 18시,화요일,전라남도 여수시 화양면,중상사고,0,1,0,0,차량단독 - 전도전복 - 전도,안전운전불이행,건조,맑음,단일로 - 기타,원동기,남,65세,중상,,,,
2017031400100497,2017년 3월 14일 21시,화요일,전라남도 진도군 지산면,경상사고,0,0,1,0,차량단독 - 공작물충돌,안전운전불이행,건조,맑음,단일로 - 기타,승용,남,68세,경상,,,,
2017031400100526,2017년 3월 14일 22시,화요일,전라남도 신안군 증도면,사망사고,1,0,0,0,차대차 - 기타,안전운전불이행,건조,맑음,단일로 - 기타,화물,남,52세,상해없음,화물,남,50세,기타불명
2017031400100547,2017년 3월 14일 23시,화요일,전라남도 여수시 문수동,중상사고,0,1,0,0,차대사람 - 횡단중,안전운전불이행,건조,맑음,단일로 - 기타,승용,남,51세,상해없음,보행자,여,20세,중상
2017031500100027,2017년 3월 15일 00시,수요일,전라남도 순천시 풍덕동,사망사고,1,0,0,0,차대사람 - 횡단중,보행자보호의무위반,건조,맑음,교차로 - 교차로횡단보도내,승용,여,53세,상해없음,보행자,여,31세,사망
2017031500100049,2017년 3월 15일 02시,수요일,전라남도 진도군 군내면,사망사고,1,0,0,0,차량단독 - 기타,안전운전불이행,건조,맑음,단일로 - 기타,승용,남,38세,사망,,,,
2017031500100094,2017년 3월 15일 07시,수요일,전라남도 순천시 주암면,중상사고,0,2,0,0,차량단독 - 전도전복 - 전도,안전운전불이행,건조,맑음,단일로 - 기타,승용,남,76세,중상,,,,
2017031500100129,2017년 3월 15일 08시,수요일,전라남도 순천시 덕암동,중상사고,0,1,0,0,차대차 - 기타,직진우회전진행방해,건조,맑음,교차로 - 교차로안,원동기,남,73세,중상,화물,남,57세,상해없음
2017031500100130,2017년 3월 15일 08시,수요일,전라남도 나주시 빛가람동,경상사고,0,0,2,0,차대차 - 측면충돌,안전거리미확보,건조,맑음,단일로 - 기타,화물,남,57세,경상,승용,여,46세,경상
2017031500100131,2017년 3월 15일 08시,수요일,전라남도 해남군 문내면,중상사고,0,1,0,0,차대차 - 측면충돌,신호위반,건조,맑음,교차로 - 교차로안,건설기계,남,57세,상해없음,승용,여,30세,중상
2017031500100172,2017년 3월 15일 09시,수요일,전라남도 나주시 공산면,중상사고,0,3,2,0,차대차 - 측면충돌,직진우회전진행방해,건조,맑음,교차로 - 교차로안,건설기계,남,56세,경상,화물,남,74세,중상
2017031500100214,2017년 3월 15일 10시,수요일,전라남도 여수시 교동,중상사고,0,1,0,0,차대사람 - 횡단중,안전운전불이행,건조,맑음,단일로 - 기타,승용,남,74세,상해없음,보행자,남,47세,중상
2017031500100240,2017년 3월 15일 11시,수요일,전라남도 신안군 지도읍,경상사고,0,0,1,0,차대차 - 측면충돌,기타,건조,맑음,교차로 - 교차로안,화물,남,55세,상해없음,원동기,남,87세,경상
2017031500100269,2017년 3월 15일 12시,수요일,전라남도 순천시 해룡면,경상사고,0,0,3,0,차대차 - 정면충돌,안전운전불이행,건조,맑음,교차로 - 교차로안,승용,여,47세,경상,승용,남,41세,경상
2017031500100270,2017년 3월 15일 12시,수요일,전라남도 담양군 창평면,경상사고,0,0,1,0,차대차 - 측면충돌,신호위반,건조,맑음,교차로 - 교차로부근,이륜,남,75세,경상,승용,남,40세,상해없음
2017031500100300,2017년 3월 15일 13시,수요일,전라남도 함평군 나산면,경상사고,0,0,1,0,차대사람 - 횡단중,안전운전불이행,건조,맑음,단일로 - 기타,승용,남,83세,상해없음,보행자,남,77세,경상
2017031500100301,2017년 3월 15일 13시,수요일,전라남도 광양시 중동,경상사고,0,0,1,0,차대차 - 추돌,안전거리미확보,건조,맑음,기타 - 기타,승용,여,64세,상해없음,승용,여,37세,경상
2017031500100329,2017년 3월 15일 14시,수요일,전라남도 여수시 둔덕동,경상사고,0,0,1,0,차대차 - 기타,안전거리미확보,건조,맑음,단일로 - 기타,승용,남,51세,상해없음,승용,여,28세,경상
2017031500100330,2017년 3월 15일 14시,수요일,전라남도 나주시 남평읍,경상사고,0,0,2,1,차대차 - 측면충돌,안전운전불이행,건조,맑음,단일로 - 기타,승용,여,55세,경상,승합,남,44세,부상신고
2017031500100331,2017년 3월 15일 14시,수요일,전라남도 무안군 몽탄면,경상사고,0,0,1,1,차대차 - 측면충돌,중앙선침범,건조,맑음,교차로 - 교차로부근,승용,남,74세,부상신고,화물,남,53세,경상
2017031500100363,2017년 3월 15일 15시,수요일,전라남도 여수시 여서동,중상사고,0,1,0,0,차대사람 - 횡단중,보행자보호의무위반,건조,맑음,교차로 - 교차로횡단보도내,승용,남,51세,상해없음,보행자,여,81세,중상
2017031500100364,2017년 3월 15일 15시,수요일,전라남도 무안군 운남면,경상사고,0,0,1,0,차량단독 - 전도전복,안전운전불이행,건조,맑음,단일로 - 기타,사륜오토바이(ATV),남,75세,경상,미분류,미분류,미분류,미분류
2017031500100423,2017년 3월 15일 17시,수요일,전라남도 순천시 남정동,경상사고,0,0,1,0,차대차 - 측면충돌,기타,건조,맑음,단일로 - 기타,승용,남,34세,경상,승용,여,31세,상해없음
2017031500100424,2017년 3월 15일 17시,수요일,전라남도 광양시 태인동,경상사고,0,0,1,0,차대차 - 측면충돌,안전운전불이행,건조,맑음,교차로 - 교차로안,화물,남,26세,경상,건설기계,남,57세,상해없음
2017031500100566,2017년 3월 15일 21시,수요일,전라남도 순천시 서면,중상사고,0,3,1,0,차대차 - 측면충돌,교차로운행방법위반,건조,맑음,교차로 - 교차로안,승용,남,62세,상해없음,화물,남,43세,경상
2017031500100567,2017년 3월 15일 21시,수요일,전라남도 화순군 화순읍,중상사고,0,1,0,0,차대사람 - 횡단중,안전운전불이행,건조,맑음,교차로 - 교차로안,승용,여,29세,상해없음,보행자,여,68세,중상
2017031500100568,2017년 3월 15일 21시,수요일,전라남도 영암군 삼호읍,중상사고,0,1,0,0,차대차 - 측면충돌,안전운전불이행,건조,맑음,교차로 - 교차로안,원동기,남,48세,중상,승용,남,40세,상해없음
2017031500100592,2017년 3월 15일 22시,수요일,전라남도 목포시 산정동,경상사고,0,0,2,0,차대차 - 추돌,안전운전불이행,건조,맑음,단일로 - 기타,승용,남,45세,상해없음,승용,남,64세,경상
2017031500100593,2017년 3월 15일 22시,수요일,전라남도 영암군 신북면,경상사고,0,0,1,0,차량단독 - 공작물충돌,안전운전불이행,젖음/습기,맑음,단일로 - 기타,화물,남,51세,경상,,,,
2017031500100617,2017년 3월 15일 23시,수요일,전라남도 광양시 광영동,중상사고,0,1,0,0,차대차 - 기타,안전운전불이행,건조,맑음,교차로 - 교차로횡단보도내,승용,남,36세,상해없음,자전거,남,44세,중상
2017031600100043,2017년 3월 16일 02시,목요일,전라남도 여수시 소라면,경상사고,0,0,1,0,차량단독 - 공작물충돌,안전운전불이행,건조,맑음,단일로 - 기타,승용,남,30세,경상,,,,
2017031600100072,2017년 3월 16일 06시,목요일,전라남도 고흥군 대서면,중상사고,0,1,0,0,차대차 - 측면충돌,안전운전불이행,건조,맑음,단일로 - 기타,승용,남,21세,상해없음,화물,남,50세,중상
2017031600100090,2017년 3월 16일 07시,목요일,전라남도 영광군 영광읍,경상사고,0,0,1,0,차대차 - 정면충돌,직진우회전진행방해,건조,맑음,교차로 - 교차로안,화물,남,64세,상해없음,원동기,남,72세,경상
2017031600100091,2017년 3월 16일 07시,목요일,전라남도 화순군 춘양면,경상사고,0,0,1,0,차대차 - 측면충돌,중앙선침범,건조,맑음,단일로 - 기타,화물,남,52세,상해없음,승용,여,30세,경상
2017031600100152,2017년 3월 16일 09시,목요일,전라남도 목포시 산정동,경상사고,0,0,1,0,차대사람 - 길가장자리구역통행중,안전운전불이행,건조,맑음,단일로 - 기타,화물,여,61세,상해없음,보행자,여,58세,경상
2017031600100179,2017년 3월 16일 10시,목요일,전라남도 해남군 해남읍,경상사고,0,0,1,0,차대사람 - 기타,안전운전불이행,건조,맑음,교차로 - 교차로안,화물,남,73세,상해없음,보행자,여,81세,경상
2017031600100212,2017년 3월 16일 11시,목요일,전라남도 함평군 월야면,경상사고,0,0,1,0,차대차 - 측면충돌,교차로운행방법위반,건조,맑음,교차로 - 교차로안,건설기계,남,61세,상해없음,승용,남,64세,경상
2017031600100213,2017년 3월 16일 11시,목요일,전라남도 영암군 덕진면,중상사고,0,1,0,0,차량단독 - 공작물충돌,안전운전불이행,건조,맑음,단일로 - 기타,화물,남,24세,중상,,,,
2017031600100214,2017년 3월 16일 11시,목요일,전라남도 무안군 일로읍,중상사고,0,1,1,0,차대차 - 측면충돌,교차로운행방법위반,건조,맑음,교차로 - 교차로안,이륜,남,88세,중상,승용,남,67세,경상
2017031600100237,2017년 3월 16일 12시,목요일,전라남도 장성군 남면,경상사고,0,0,1,1,차대차 - 측면충돌,신호위반,건조,맑음,교차로 - 교차로안,승용,남,58세,부상신고,승용,남,24세,경상
2017031600100265,2017년 3월 16일 13시,목요일,전라남도 여수시 오림동,중상사고,0,1,0,0,차량단독 - 공작물충돌,안전운전불이행,건조,맑음,단일로 - 기타,화물,남,76세,상해없음,,,,
2017031600100266,2017년 3월 16일 13시,목요일,전라남도 고흥군 도양읍,경상사고,0,0,1,0,차대차 - 기타,교차로운행방법위반,건조,맑음,교차로 - 교차로안,자전거,남,13세,경상,화물,남,69세,상해없음
2017031600100267,2017년 3월 16일 13시,목요일,전라남도 화순군 화순읍,경상사고,0,0,1,0,차대차 - 측면충돌,직진우회전진행방해,건조,맑음,교차로 - 교차로안,승용,남,55세,상해없음,승용,남,75세,경상
2017031600100316,2017년 3월 16일 15시,목요일,전라남도 목포시 산정동,중상사고,0,1,0,0,차대사람 - 기타,안전운전불이행,건조,맑음,교차로 - 교차로안,승용,남,69세,상해없음,보행자,여,65세,중상
2017031600100317,2017년 3월 16일 15시,목요일,전라남도 순천시 해룡면,경상사고,0,0,1,1,차대차 - 추돌,안전운전불이행,건조,맑음,단일로 - 기타,승용,여,47세,부상신고,승용,남,62세,경상
2017031600100348,2017년 3월 16일 16시,목요일,전라남도 무안군 무안읍,경상사고,0,0,1,0,차대차 - 기타,안전운전불이행,건조,맑음,교차로 - 교차로부근,이륜,남,50세,경상,승용,남,29세,상해없음
2017031600100381,2017년 3월 16일 17시,목요일,전라남도 목포시 산정동,중상사고,0,1,1,0,차대차 - 측면충돌,안전운전불이행,기타,기타,기타 - 기타,승용,여,62세,중상,승용,남,32세,경상
2017031600100382,2017년 3월 16일 17시,목요일,전라남도 여수시 적량동,중상사고,0,1,1,0,차대차 - 정면충돌,교차로운행방법위반,건조,맑음,교차로 - 교차로안,화물,남,36세,경상,승용,남,68세,중상
2017031600100383,2017년 3월 16일 17시,목요일,전라남도 완도군 완도읍,중상사고,0,1,0,0,차대사람 - 횡단중,안전운전불이행,건조,맑음,교차로 - 교차로안,화물,남,58세,상해없음,보행자,남,61세,중상
2017031600100425,2017년 3월 16일 18시,목요일,전라남도 나주시 금천면,경상사고,0,0,2,0,차대차 - 기타,안전운전불이행,건조,맑음,교차로 - 교차로안,승용,여,61세,경상,승용,남,40세,경상
2017031600100426,2017년 3월 16일 18시,목요일,전라남도 나주시 금천면,경상사고,0,0,5,0,차대차 - 기타,안전운전불이행,건조,맑음,교차로 - 교차로안,승용,남,40세,경상,승합,남,56세,경상
2017031600100427,2017년 3월 16일 18시,목요일,전라남도 강진군 강진읍,경상사고,0,0,1,0,차대사람 - 차도통행중,안전운전불이행,건조,맑음,단일로 - 기타,승용,남,71세,상해없음,보행자,남,68세,경상
2017031600100428,2017년 3월 16일 18시,목요일,전라남도 진도군 고군면,경상사고,0,0,2,0,차대사람 - 차도통행중,안전운전불이행,건조,맑음,단일로 - 기타,이륜,남,59세,경상,보행자,남,48세,경상
2017031600100448,2017년 3월 16일 19시,목요일,전라남도 순천시 용당동,경상사고,0,0,1,0,차대사람 - 횡단중,보행자보호의무위반,건조,맑음,기타 - 기타,승용,남,64세,상해없음,보행자,여,7세,경상
2017031600100449,2017년 3월 16일 19시,목요일,전라남도 함평군 엄다면,부상신고사고,0,0,0,1,차대차 - 기타,안전운전불이행,건조,맑음,교차로 - 교차로부근,화물,남,59세,부상신고,화물,남,59세,기타불명
2017031600100509,2017년 3월 16일 21시,목요일,전라남도 여수시 화장동,경상사고,0,0,1,0,차대사람 - 횡단중,보행자보호의무위반,건조,맑음,교차로 - 교차로횡단보도내,승용,여,27세,상해없음,보행자,남,53세,경상
2017031600100510,2017년 3월 16일 21시,목요일,전라남도 순천시 조례동,경상사고,0,0,1,0,차대차 - 측면충돌,불법유턴,건조,맑음,단일로 - 기타,화물,남,44세,상해없음,이륜,남,20세,경상
2017031600100511,2017년 3월 16일 21시,목요일,전라남도 나주시 평산동,사망사고,1,0,0,0,차량단독 - 전도전복 - 전복,안전운전불이행,건조,맑음,단일로 - 기타,화물,남,51세,사망,,,,
2017031700100038,2017년 3월 17일 01시,금요일,전라남도 광양시 광양읍,경상사고,0,0,1,1,차대차 - 기타,교차로운행방법위반,건조,맑음,교차로 - 교차로안,승용,여,28세,부상신고,승용,여,24세,경상
2017031700100058,2017년 3월 17일 03시,금요일,전라남도 순천시 덕암동,경상사고,0,0,1,0,차대차 - 추돌,안전운전불이행,건조,맑음,단일로 - 기타,기타불명,기타불명,미분류,기타불명,화물,남,51세,경상
2017031700100078,2017년 3월 17일 05시,금요일,전라남도 담양군 창평면,경상사고,0,0,1,0,차대차 - 기타,중앙선침범,건조,맑음,단일로 - 기타,화물,남,33세,상해없음,화물,남,44세,경상
2017031700100102,2017년 3월 17일 07시,금요일,전라남도 함평군 학교면,경상사고,0,0,1,0,차대차 - 추돌,안전운전불이행,건조,맑음,단일로 - 기타,화물,남,68세,상해없음,건설기계,남,47세,경상
2017031700100134,2017년 3월 17일 08시,금요일,전라남도 순천시 석현동,경상사고,0,0,3,0,차대차 - 측면충돌,안전운전불이행,건조,맑음,단일로 - 기타,승용,여,50세,경상,승용,여,30세,경상
2017031700100135,2017년 3월 17일 08시,금요일,전라남도 화순군 화순읍,경상사고,0,0,1,0,차대차 - 정면충돌,직진우회전진행방해,건조,맑음,교차로 - 교차로안,화물,남,33세,상해없음,승용,여,42세,경상
2017031700100172,2017년 3월 17일 09시,금요일,전라남도 무안군 무안읍,사망사고,1,0,0,0,차대차 - 측면충돌,안전운전불이행,건조,맑음,교차로 - 교차로부근,화물,남,70세,상해없음,자전거,남,21세,사망
2017031700100195,2017년 3월 17일 10시,금요일,전라남도 진도군 진도읍,경상사고,0,0,1,0,차대차 - 기타,안전운전불이행,건조,맑음,단일로 - 기타,승용,여,42세,상해없음,이륜,남,37세,경상
2017031700100222,2017년 3월 17일 11시,금요일,전라남도 영광군 영광읍,중상사고,0,1,1,0,차대차 - 측면충돌,직진우회전진행방해,건조,맑음,교차로 - 교차로안,승합,남,78세,상해없음,승용,남,62세,경상
2017031700100223,2017년 3월 17일 11시,금요일,전라남도 광양시 중동,경상사고,0,0,1,0,차대사람 - 기타,안전운전불이행,건조,맑음,단일로 - 기타,승용,여,37세,상해없음,보행자,여,미분류,경상
2017031700100278,2017년 3월 17일 13시,금요일,전라남도 목포시 산정동,경상사고,0,0,1,0,차대차 - 측면충돌,직진우회전진행방해,건조,맑음,교차로 - 교차로안,승용,남,40세,상해없음,이륜,남,76세,경상
2017031700100279,2017년 3월 17일 13시,금요일,전라남도 목포시 용당동,경상사고,0,0,1,0,차대차 - 기타,안전운전불이행,건조,맑음,교차로 - 교차로안,자전거,남,15세,경상,승용,남,40세,상해없음
2017031700100280,2017년 3월 17일 13시,금요일,전라남도 광양시 옥곡면,경상사고,0,0,1,0,차대차 - 추돌,교차로운행방법위반,건조,맑음,교차로 - 교차로안,승용,남,57세,상해없음,승용,여,56세,경상
2017031700100314,2017년 3월 17일 14시,금요일,전라남도 순천시 연향동,경상사고,0,0,1,0,차대차 - 측면충돌,교차로운행방법위반,건조,맑음,교차로 - 교차로안,승용,여,54세,상해없음,승용,남,43세,경상
2017031700100346,2017년 3월 17일 15시,금요일,전라남도 여수시 광무동,경상사고,0,0,1,0,차대차 - 측면충돌,신호위반,건조,맑음,교차로 - 교차로안,승합,남,42세,상해없음,원동기,남,61세,경상
2017031700100347,2017년 3월 17일 15시,금요일,전라남도 장흥군 장흥읍,경상사고,0,0,2,0,차대차 - 측면충돌,안전운전불이행,건조,맑음,단일로 - 기타,승용,남,62세,상해없음,화물,남,39세,경상
2017031700100348,2017년 3월 17일 15시,금요일,전라남도 곡성군 오곡면,중상사고,0,1,2,1,차대차 - 측면충돌,직진우회전진행방해,건조,맑음,교차로 - 교차로안,승용,남,23세,부상신고,승용,여,54세,경상
2017031700100375,2017년 3월 17일 16시,금요일,전라남도 여수시 학동,중상사고,0,1,0,0,차대사람 - 길가장자리구역통행중,안전운전불이행,건조,맑음,단일로 - 기타,화물,남,23세,상해없음,보행자,남,53세,중상
2017031700100376,2017년 3월 17일 16시,금요일,전라남도 보성군 보성읍,중상사고,0,1,0,0,차대사람 - 횡단중,안전운전불이행,건조,맑음,단일로 - 기타,이륜,남,17세,상해없음,보행자,남,66세,중상
2017031700100377,2017년 3월 17일 16시,금요일,전라남도 화순군 화순읍,경상사고,0,0,1,0,차대차 - 정면충돌,신호위반,건조,맑음,교차로 - 교차로안,승용,남,62세,상해없음,승용,남,53세,경상
2017031700100378,2017년 3월 17일 16시,금요일,전라남도 장성군 북이면,경상사고,0,0,2,0,차대차 - 정면충돌,중앙선침범,건조,맑음,단일로 - 기타,승용,남,65세,상해없음,승용,여,43세,경상
2017031700100379,2017년 3월 17일 16시,금요일,전라남도 담양군 대전면,중상사고,0,1,0,0,차량단독 - 전도전복,안전운전불이행,건조,맑음,교차로 - 교차로부근,원동기,남,75세,중상,미분류,미분류,미분류,미분류
2017031700100488,2017년 3월 17일 19시,금요일,전라남도 화순군 능주면,중상사고,0,1,0,0,차대사람 - 차도통행중,안전운전불이행,건조,맑음,단일로 - 기타,승용,남,70세,상해없음,보행자,여,41세,중상
2017031700100533,2017년 3월 17일 20시,금요일,전라남도 목포시 옥암동,경상사고,0,0,1,0,차대차 - 기타,기타,건조,맑음,단일로 - 기타,승용,남,28세,상해없음,자전거,남,37세,경상
2017031700100534,2017년 3월 17일 20시,금요일,전라남도 곡성군 삼기면,중상사고,0,1,0,0,차대사람 - 횡단중,보행자보호의무위반,건조,맑음,교차로 - 교차로부근,승용,남,36세,상해없음,보행자,여,79세,중상
2017031700100568,2017년 3월 17일 21시,금요일,전라남도 나주시 금천면,경상사고,0,0,1,0,차대차 - 측면충돌,안전운전불이행,건조,맑음,단일로 - 기타,승용,남,28세,상해없음,원동기,남,16세,경상
2017031800100051,2017년 3월 18일 01시,토요일,전라남도 영광군 영광읍,중상사고,0,1,0,0,차량단독 - 전도전복 - 전도,안전운전불이행,건조,맑음,단일로 - 기타,원동기,남,70세,중상,,,,
2017031800100068,2017년 3월 18일 02시,토요일,전라남도 순천시 서면,중상사고,0,1,0,0,차대사람 - 횡단중,보행자보호의무위반,건조,맑음,교차로 - 교차로횡단보도내,승용,남,58세,상해없음,보행자,남,19세,중상
2017031800100069,2017년 3월 18일 02시,토요일,전라남도 광양시 중동,경상사고,0,0,1,0,차대차 - 기타,안전운전불이행,건조,맑음,단일로 - 기타,승용,남,40세,경상,승용,여,42세,상해없음
2017031800100084,2017년 3월 18일 03시,토요일,전라남도 광양시 중동,경상사고,0,0,1,0,차대차 - 측면충돌,신호위반,건조,맑음,교차로 - 교차로안,승용,남,29세,상해없음,승용,남,65세,경상
2017031800100168,2017년 3월 18일 09시,토요일,전라남도 순천시 연향동,경상사고,0,0,1,0,차대차 - 측면충돌,안전운전불이행,건조,맑음,단일로 - 기타,승용,남,41세,상해없음,승용,남,34세,경상
2017031800100169,2017년 3월 18일 09시,토요일,전라남도 강진군 강진읍,중상사고,0,2,1,0,차대차 - 측면충돌,직진우회전진행방해,건조,맑음,교차로 - 교차로안,승용,남,78세,중상,화물,여,48세,경상
2017031800100194,2017년 3월 18일 10시,토요일,전라남도 장성군 장성읍,경상사고,0,0,1,0,차대차 - 측면충돌,교차로운행방법위반,건조,맑음,교차로 - 교차로안,승용,남,34세,상해없음,승용,남,54세,경상
2017031800100195,2017년 3월 18일 10시,토요일,전라남도 구례군 구례읍,경상사고,0,0,1,0,차대차 - 측면충돌,안전운전불이행,건조,맑음,주차장 - 주차장,승용,남,63세,상해없음,화물,기타불명,미분류,기타불명