사고번호,사고일시,요일,시군구,사고내용,사망자수,중상자수,경상자수,부상신고자수,사고유형,법규위반,노면상태,기상상태,도로형태,가해운전자 차종,가해운전자 성별,가해운전자 연령,가해운전자 상해정도,피해운전자 차종,피해운전자 성별,피해운전자 연령,피해운전자 상해정도
2017031800100230,2017년 3월 18일 11시,토요일,전라남도 목포시 산정동,경상사고,0,0,2,0,차대차 - 측면충돌,직진우회전진행방해,건조,맑음,교차로 - 교차로안,승용,남,29세,상해없음,승용,여,46세,경상
2017031800100257,2017년 3월 18일 12시,토요일,전라남도 순천시 장천동,중상사고,0,1,0,0,차량단독 - 기타,안전운전불이행,건조,맑음,단일로 - 기타,승합,남,55세,상해없음,,,,
2017031800100288,2017년 3월 18일 13시,토요일,전라남도 진도군 임회면,경상사고,0,0,1,0,차대차 - 기타,중앙선침범,건조,맑음,단일로 - 기타,승용,남,45세,상해없음,승용,여,54세,경상
2017031800100326,2017년 3월 18일 14시,토요일,전라남도 장성군 장성읍,경상사고,0,0,2,0,차대차 - 추돌,안전운전불이행,건조,맑음,단일로 - 기타,승용,남,23세,상해없음,승용,여,58세,경상
2017031800100362,2017년 3월 18일 15시,토요일,전라남도 목포시 옥암동,경상사고,0,0,1,0,차대사람 - 횡단중,안전운전불이행,건조,맑음,단일로 - 기타,기타불명,기타불명,미분류,기타불명,보행자,여,31세,경상
2017031800100363,2017년 3월 18일 15시,토요일,전라남도 목포시 상동,경상사고,0,0,1,0,차대차 - 기타,안전운전불이행,건조,맑음,교차로 - 교차로부근,승용,여,52세,상해없음,화물,남,50세,경상
2017031800100393,2017년 3월 18일 16시,토요일,전라남도 강진군 대구면,중상사고,0,1,0,0,차대사람 - 기타,안전운전불이행,건조,맑음,주차장 - 주차장,승용,남,68세,상해없음,보행자,여,61세,중상
2017031800100394,2017년 3월 18일 16시,토요일,전라남도 곡성군 오산면,중상사고,0,1,0,0,차대차 - 기타,안전운전불이행,건조,맑음,교차로 - 교차로안,승용,남,63세,상해없음,이륜,남,21세,중상
2017031800100395,2017년 3월 18일 16시,토요일,전라남도 광양시 금호동,부상신고사고,0,0,0,1,차대사람 - 횡단중,안전운전불이행,건조,맑음,단일로 - 기타,승용,여,35세,상해없음,보행자,여,78세,부상신고
2017031800100454,2017년 3월 18일 18시,토요일,전라남도 목포시 대성동,경상사고,0,0,1,0,차대차 - 추돌,안전운전불이행,건조,맑음,교차로 - 교차로부근,화물,남,58세,상해없음,승용,남,31세,경상
2017031800100455,2017년 3월 18일 18시,토요일,전라남도 순천시 해룡면,중상사고,0,1,0,0,차대차 - 측면충돌,안전운전불이행,건조,맑음,교차로 - 교차로안,승용,여,26세,상해없음,승합,남,36세,중상
2017031800100498,2017년 3월 18일 19시,토요일,전라남도 장성군 장성읍,경상사고,0,0,2,0,차대차 - 추돌,안전운전불이행,건조,맑음,단일로 - 기타,승용,남,58세,상해없음,이륜,남,55세,경상
2017031800100499,2017년 3월 18일 19시,토요일,전라남도 강진군 군동면,부상신고사고,0,0,0,1,차량단독 - 전도전복 - 전도,안전운전불이행,건조,맑음,단일로 - 기타,이륜,남,66세,부상신고,,,,
2017031800100537,2017년 3월 18일 20시,토요일,전라남도 여수시 학동,경상사고,0,0,1,0,차대사람 - 차도통행중,안전운전불이행,건조,맑음,단일로 - 기타,승용,여,55세,상해없음,보행자,여,62세,경상
2017031800100599,2017년 3월 18일 23시,토요일,전라남도 영광군 영광읍,중상사고,0,1,0,0,차대사람 - 길가장자리구역통행중,안전운전불이행,건조,맑음,단일로 - 기타,승용,남,55세,상해없음,보행자,남,37세,중상
2017031900100050,2017년 3월 19일 01시,일요일,전라남도 여수시 화장동,경상사고,0,0,1,0,차대사람 - 횡단중,안전운전불이행,건조,맑음,교차로 - 교차로부근,승용,남,40세,상해없음,보행자,남,36세,경상
2017031900100096,2017년 3월 19일 05시,일요일,전라남도 영암군 삼호읍,경상사고,0,0,1,0,차량단독 - 공작물충돌,안전운전불이행,건조,맑음,단일로 - 기타,승용,남,32세,경상,,,,
2017031900100115,2017년 3월 19일 07시,일요일,전라남도 고흥군 점암면,경상사고,0,0,2,0,차대차 - 측면충돌,안전운전불이행,건조,맑음,교차로 - 교차로부근,승용,여,66세,경상,화물,남,61세,경상
2017031900100160,2017년 3월 19일 10시,일요일,전라남도 순천시 조례동,경상사고,0,0,2,0,차대차 - 측면충돌,신호위반,건조,맑음,교차로 - 교차로안,승용,여,54세,상해없음,승용,남,49세,경상
2017031900100180,2017년 3월 19일 11시,일요일,전라남도 함평군 해보면,경상사고,0,0,1,0,차대차 - 측면충돌,안전운전불이행,건조,맑음,단일로 - 기타,승용,남,76세,상해없음,농기계,남,75세,경상
2017031900100181,2017년 3월 19일 11시,일요일,전라남도 담양군 담양읍,경상사고,0,0,1,0,차대차 - 추돌,안전운전불이행,건조,맑음,교차로 - 교차로부근,승용,여,30세,상해없음,승용,남,59세,경상
2017031900100206,2017년 3월 19일 12시,일요일,전라남도 목포시 상동,경상사고,0,0,3,0,차대차 - 기타,안전운전불이행,건조,맑음,교차로 - 교차로안,승용,남,29세,상해없음,승용,남,55세,경상
2017031900100207,2017년 3월 19일 12시,일요일,전라남도 여수시 서교동,경상사고,0,0,2,0,차대차 - 추돌,안전운전불이행,건조,맑음,단일로 - 기타,승용,남,48세,상해없음,승용,남,69세,경상
2017031900100230,2017년 3월 19일 13시,일요일,전라남도 여수시 학동,경상사고,0,0,1,0,차대사람 - 횡단중,안전운전불이행,건조,맑음,단일로 - 기타,승용,여,56세,상해없음,보행자,남,36세,경상
2017031900100231,2017년 3월 19일 13시,일요일,전라남도 장성군 장성읍,부상신고사고,0,0,0,1,차량단독 - 전도전복 - 전도,안전운전불이행,건조,맑음,단일로 - 기타,이륜,남,52세,부상신고,,,,
2017031900100258,2017년 3월 19일 14시,일요일,전라남도 화순군 화순읍,중상사고,0,1,0,0,차대사람 - 횡단중,안전운전불이행,건조,맑음,단일로 - 기타,화물,남,46세,상해없음,보행자,남,9세,중상
2017031900100259,2017년 3월 19일 14시,일요일,전라남도 광양시 마동,중상사고,0,1,0,0,차대차 - 측면충돌,안전운전불이행,건조,맑음,단일로 - 기타,승용,남,24세,상해없음,자전거,남,12세,중상
2017031900100309,2017년 3월 19일 16시,일요일,전라남도 목포시 옥암동,경상사고,0,0,1,0,차대차 - 추돌,안전운전불이행,건조,맑음,단일로 - 기타,승용,남,21세,상해없음,승용,여,23세,경상
2017031900100338,2017년 3월 19일 17시,일요일,전라남도 순천시 덕월동,경상사고,0,0,2,0,차대차 - 측면충돌,직진우회전진행방해,건조,맑음,교차로 - 교차로안,승용,여,29세,경상,승용,여,32세,경상
2017031900100394,2017년 3월 19일 19시,일요일,전라남도 목포시 용당동,중상사고,0,1,0,0,차대사람 - 횡단중,안전운전불이행,건조,맑음,단일로 - 기타,화물,남,58세,상해없음,보행자,여,73세,중상
2017031900100395,2017년 3월 19일 19시,일요일,전라남도 나주시 성북동,중상사고,0,1,0,0,차대차 - 측면충돌,안전운전불이행,건조,맑음,단일로 - 기타,승용,남,39세,상해없음,원동기,남,17세,중상
2017031900100471,2017년 3월 19일 22시,일요일,전라남도 담양군 용면,경상사고,0,0,1,0,차대차 - 측면충돌,불법유턴,건조,맑음,교차로 - 교차로부근,화물,남,44세,상해없음,화물,남,38세,경상
2017031900100472,2017년 3월 19일 22시,일요일,전라남도 무안군 삼향읍,경상사고,0,0,1,0,차대사람 - 횡단중,보행자보호의무위반,건조,맑음,교차로 - 교차로횡단보도내,승용,남,30세,상해없음,보행자,남,31세,경상
2017031900100484,2017년 3월 19일 23시,일요일,전라남도 나주시 빛가람동,중상사고,0,2,0,0,차대차 - 측면충돌,직진우회전진행방해,건조,맑음,교차로 - 교차로안,승용,남,53세,상해없음,승용,남,20세,중상
2017032000100070,2017년 3월 20일 07시,월요일,전라남도 여수시 오림동,경상사고,0,0,1,0,차대차 - 측면충돌,차로위반,건조,맑음,단일로 - 기타,승용,남,27세,상해없음,화물,남,31세,경상
2017032000100103,2017년 3월 20일 08시,월요일,전라남도 나주시 금계동,중상사고,0,1,0,0,차대차 - 측면충돌,직진우회전진행방해,건조,맑음,교차로 - 교차로부근,승용,여,44세,상해없음,이륜,남,58세,중상
2017032000100104,2017년 3월 20일 08시,월요일,전라남도 장흥군 용산면,중상사고,0,1,0,0,차대사람 - 횡단중,안전운전불이행,건조,맑음,단일로 - 기타,승합,여,45세,상해없음,보행자,여,78세,중상
2017032000100105,2017년 3월 20일 08시,월요일,전라남도 해남군 해남읍,경상사고,0,0,1,0,차대차 - 추돌,안전운전불이행,건조,맑음,단일로 - 기타,승용,여,62세,상해없음,승용,남,28세,경상
2017032000100154,2017년 3월 20일 10시,월요일,전라남도 화순군 화순읍,경상사고,0,0,3,0,차대차 - 측면충돌,신호위반,건조,맑음,교차로 - 교차로안,승용,남,72세,상해없음,승용,여,48세,경상
2017032000100199,2017년 3월 20일 12시,월요일,전라남도 해남군 해남읍,경상사고,0,0,1,0,차대차 - 측면충돌,안전거리미확보,건조,맑음,단일로 - 기타,화물,남,61세,상해없음,화물,남,46세,경상
2017032000100200,2017년 3월 20일 12시,월요일,전라남도 함평군 함평읍,중상사고,0,1,0,0,차대차 - 기타,기타,건조,맑음,교차로 - 교차로안,화물,남,76세,상해없음,이륜,남,58세,중상
2017032000100219,2017년 3월 20일 13시,월요일,전라남도 목포시 죽교동,경상사고,0,0,2,0,차대차 - 측면충돌,안전운전불이행,기타,기타,단일로 - 기타,승용,남,42세,경상,승용,여,56세,경상
2017032000100260,2017년 3월 20일 14시,월요일,전라남도 목포시 상동,중상사고,0,1,2,0,차대차 - 측면충돌,직진우회전진행방해,건조,맑음,단일로 - 기타,승용,남,56세,경상,화물,남,46세,경상
2017032000100261,2017년 3월 20일 14시,월요일,전라남도 나주시 경현동,경상사고,0,0,2,0,차대차 - 측면충돌,안전운전불이행,젖음/습기,비,단일로 - 기타,화물,남,40세,상해없음,승용,여,35세,경상
2017032000100289,2017년 3월 20일 15시,월요일,전라남도 순천시 장천동,경상사고,0,0,1,0,차대차 - 추돌,안전운전불이행,젖음/습기,비,교차로 - 교차로부근,승용,남,56세,상해없음,승용,남,34세,경상
2017032000100290,2017년 3월 20일 15시,월요일,전라남도 순천시 별량면,경상사고,0,0,1,0,차대차 - 추돌,안전운전불이행,젖음/습기,비,단일로 - 기타,화물,남,65세,상해없음,건설기계,남,36세,경상
2017032000100291,2017년 3월 20일 15시,월요일,전라남도 구례군 구례읍,경상사고,0,0,1,0,차대차 - 측면충돌,직진우회전진행방해,젖음/습기,비,교차로 - 교차로안,화물,남,62세,상해없음,이륜,남,84세,경상
2017032000100345,2017년 3월 20일 17시,월요일,전라남도 목포시 옥암동,경상사고,0,0,2,0,차대차 - 측면충돌,직진우회전진행방해,젖음/습기,비,교차로 - 교차로안,승용,여,29세,경상,승용,남,56세,경상
2017032000100346,2017년 3월 20일 17시,월요일,전라남도 영암군 삼호읍,경상사고,0,0,1,0,차대차 - 측면충돌,안전운전불이행,젖음/습기,비,교차로 - 교차로안,승용,남,34세,경상,승용,남,26세,상해없음
2017032000100393,2017년 3월 20일 18시,월요일,전라남도 목포시 옥암동,경상사고,0,0,2,0,차대차 - 측면충돌,직진우회전진행방해,젖음/습기,비,교차로 - 교차로안,승용,남,63세,경상,승용,남,37세,경상
2017032000100432,2017년 3월 20일 19시,월요일,전라남도 목포시 용해동,중상사고,0,1,1,0,차대사람 - 횡단중,보행자보호의무위반,기타,비,교차로 - 교차로횡단보도내,이륜,남,72세,중상,보행자,남,37세,경상
2017032000100433,2017년 3월 20일 19시,월요일,전라남도 목포시 상동,경상사고,0,0,1,0,차대차 - 추돌,안전거리미확보,젖음/습기,비,단일로 - 기타,승용,여,54세,상해없음,승용,여,50세,경상
2017032000100434,2017년 3월 20일 19시,월요일,전라남도 목포시 죽교동,경상사고,0,0,1,0,차대사람 - 횡단중,안전운전불이행,건조,맑음,교차로 - 교차로안,화물,남,39세,상해없음,보행자,남,58세,경상
2017032000100435,2017년 3월 20일 19시,월요일,전라남도 순천시 매곡동,중상사고,0,1,0,0,차대사람 - 횡단중,안전운전불이행,젖음/습기,비,교차로 - 교차로안,승용,남,56세,상해없음,보행자,여,10세,중상
2017032000100436,2017년 3월 20일 19시,월요일,전라남도 함평군 함평읍,경상사고,0,0,1,0,차대차 - 기타,교차로운행방법위반,젖음/습기,비,교차로 - 교차로안,승용,여,25세,상해없음,이륜,남,17세,경상
2017032000100558,2017년 3월 20일 23시,월요일,전라남도 여수시 신기동,경상사고,0,0,1,0,차대차 - 정면충돌,중앙선침범,젖음/습기,비,단일로 - 기타,승용,여,59세,상해없음,승용,여,27세,경상
2017032000100559,2017년 3월 20일 23시,월요일,전라남도 광양시 중동,경상사고,0,0,1,0,차대차 - 측면충돌,신호위반,젖음/습기,비,교차로 - 교차로안,승용,여,25세,상해없음,승용,남,55세,경상
2017032100100112,2017년 3월 21일 07시,화요일,전라남도 화순군 화순읍,중상사고,0,1,0,0,차대사람 - 횡단중,안전운전불이행,건조,맑음,교차로 - 교차로안,화물,남,29세,상해없음,보행자,여,75세,중상
2017032100100143,2017년 3월 21일 08시,화요일,전라남도 목포시 상동,중상사고,0,1,0,0,차대사람 - 차도통행중,보행자보호의무위반,건조,맑음,단일로 - 기타,승용,남,32세,상해없음,보행자,남,6세,중상
2017032100100144,2017년 3월 21일 08시,화요일,전라남도 여수시 소호동,경상사고,0,0,2,0,차대차 - 정면충돌,중앙선침범,건조,맑음,단일로 - 기타,승용,여,58세,경상,승용,남,29세,경상
2017032100100145,2017년 3월 21일 08시,화요일,전라남도 순천시 조곡동,경상사고,0,0,1,0,차대차 - 추돌,안전운전불이행,건조,맑음,교차로 - 교차로부근,승용,남,69세,상해없음,승용,남,33세,경상
2017032100100146,2017년 3월 21일 08시,화요일,전라남도 함평군 함평읍,중상사고,0,1,0,0,차대차 - 측면충돌,신호위반,건조,맑음,교차로 - 교차로안,이륜,남,74세,중상,화물,남,72세,상해없음
2017032100100147,2017년 3월 21일 08시,화요일,전라남도 진도군 진도읍,경상사고,0,0,1,0,차대차 - 측면충돌,교차로운행방법위반,건조,맑음,교차로 - 교차로안,승용,남,45세,상해없음,사륜오토바이(ATV),남,65세,경상
2017032100100180,2017년 3월 21일 09시,화요일,전라남도 장성군 황룡면,경상사고,0,0,1,0,차대차 - 추돌,안전운전불이행,건조,맑음,교차로 - 교차로부근,건설기계,남,52세,상해없음,승용,남,41세,경상
2017032100100181,2017년 3월 21일 09시,화요일,전라남도 무안군 청계면,경상사고,0,0,3,0,차대차 - 정면충돌,안전운전불이행,건조,맑음,교차로 - 교차로안,화물,남,59세,경상,승용,여,23세,경상
2017032100100206,2017년 3월 21일 10시,화요일,전라남도 나주시 공산면,중상사고,0,1,0,0,차대사람 - 기타,안전운전불이행,젖음/습기,맑음,단일로 - 기타,화물,남,30세,상해없음,보행자,남,74세,중상
2017032100100207,2017년 3월 21일 10시,화요일,전라남도 광양시 광영동,중상사고,0,1,0,0,차대차 - 정면충돌,중앙선침범,건조,맑음,단일로 - 기타,승용,남,52세,상해없음,원동기,남,66세,중상
2017032100100224,2017년 3월 21일 11시,화요일,전라남도 목포시 대성동,경상사고,0,0,2,0,차대차 - 추돌,안전거리미확보,건조,맑음,교차로 - 교차로부근,승합,남,48세,상해없음,승용,남,25세,경상
2017032100100225,2017년 3월 21일 11시,화요일,전라남도 여수시 봉강동,중상사고,0,1,0,0,차대차 - 측면충돌,안전운전불이행,건조,맑음,단일로 - 기타,화물,남,25세,상해없음,원동기,남,35세,중상
2017032100100253,2017년 3월 21일 12시,화요일,전라남도 강진군 강진읍,부상신고사고,0,0,0,1,차대차 - 측면충돌,교차로운행방법위반,건조,맑음,교차로 - 교차로안,승용,여,37세,상해없음,사륜오토바이(ATV),남,79세,부상신고
2017032100100279,2017년 3월 21일 13시,화요일,전라남도 목포시 상동,부상신고사고,0,0,0,1,차대차 - 기타,중앙선침범,건조,맑음,교차로 - 교차로부근,승용,남,53세,상해없음,승용,여,39세,부상신고
2017032100100311,2017년 3월 21일 14시,화요일,전라남도 광양시 광양읍,경상사고,0,0,1,0,차대차 - 측면충돌,안전운전불이행,건조,맑음,단일로 - 기타,승용,여,36세,상해없음,자전거,남,79세,경상
2017032100100333,2017년 3월 21일 15시,화요일,전라남도 고흥군 포두면,경상사고,0,0,4,0,차대차 - 추돌,안전운전불이행,건조,맑음,단일로 - 기타,승합,남,63세,상해없음,승용,남,57세,경상
2017032100100334,2017년 3월 21일 15시,화요일,전라남도 완도군 고금면,경상사고,0,0,1,0,차대차 - 정면충돌,안전운전불이행,건조,맑음,교차로 - 교차로안,농기계,남,29세,상해없음,농기계,남,67세,경상
2017032100100392,2017년 3월 21일 17시,화요일,전라남도 해남군 송지면,중상사고,0,2,4,0,차대차 - 측면충돌,신호위반,건조,맑음,교차로 - 교차로안,승용,남,77세,중상,승용,여,62세,중상
2017032100100428,2017년 3월 21일 18시,화요일,전라남도 순천시 해룡면,경상사고,0,0,1,0,차대사람 - 횡단중,신호위반,건조,맑음,교차로 - 교차로횡단보도내,승용,여,43세,상해없음,보행자,여,13세,경상
2017032100100429,2017년 3월 21일 18시,화요일,전라남도 광양시 광영동,중상사고,0,1,0,0,차대차 - 측면충돌,직진우회전진행방해,건조,맑음,교차로 - 교차로안,승용,남,53세,상해없음,이륜,남,57세,중상
2017032100100462,2017년 3월 21일 19시,화요일,전라남도 순천시 황전면,부상신고사고,0,0,0,1,차대차 - 추돌,안전운전불이행,건조,맑음,단일로 - 기타,이륜,남,52세,부상신고,승용,남,46세,상해없음
2017032100100491,2017년 3월 21일 20시,화요일,전라남도 목포시 용해동,경상사고,0,0,1,0,차대사람 - 횡단중,신호위반,건조,흐림,교차로 - 교차로횡단보도내,승용,여,52세,상해없음,보행자,남,9세,경상
2017032100100492,2017년 3월 21일 20시,화요일,전라남도 순천시 주암면,부상신고사고,0,0,0,1,차량단독 - 전도전복 - 전도,안전운전불이행,건조,맑음,단일로 - 기타,승용,남,68세,부상신고,,,,
2017032100100493,2017년 3월 21일 20시,화요일,전라남도 나주시 빛가람동,중상사고,0,1,2,0,차대차 - 측면충돌,안전운전불이행,건조,맑음,단일로 - 기타,승용,남,62세,상해없음,원동기,남,16세,중상
2017032100100494,2017년 3월 21일 20시,화요일,전라남도 광양시 중동,경상사고,0,0,1,0,차대차 - 측면충돌,안전거리미확보,건조,맑음,단일로 - 기타,승용,여,39세,상해없음,원동기,남,19세,경상
2017032100100537,2017년 3월 21일 22시,화요일,전라남도 광양시 중동,중상사고,0,1,0,0,차대차 - 측면충돌,직진우회전진행방해,건조,맑음,교차로 - 교차로안,승용,남,41세,상해없음,자전거,남,16세,중상
2017032100100560,2017년 3월 21일 23시,화요일,전라남도 고흥군 도화면,중상사고,0,2,0,0,차대차 - 추돌,안전운전불이행,건조,맑음,단일로 - 기타,화물,남,44세,상해없음,승용,남,39세,중상
2017032200100018,2017년 3월 22일 00시,수요일,전라남도 여수시 학동,경상사고,0,0,4,0,차대차 - 측면충돌,안전운전불이행,건조,맑음,교차로 - 교차로부근,승용,남,47세,상해없음,승합,남,37세,경상
2017032200100019,2017년 3월 22일 00시,수요일,전라남도 나주시 평산동,중상사고,0,1,0,0,차량단독 - 공작물충돌,안전운전불이행,건조,맑음,단일로 - 기타,화물,남,35세,중상,,,,
2017032200100037,2017년 3월 22일 02시,수요일,전라남도 목포시 옥암동,경상사고,0,0,2,0,차대차 - 측면충돌,안전운전불이행,건조,흐림,단일로 - 기타,승용,남,26세,상해없음,승용,남,35세,경상
2017032200100157,2017년 3월 22일 09시,수요일,전라남도 장흥군 장흥읍,경상사고,0,0,1,0,차대차 - 측면충돌,안전운전불이행,건조,맑음,단일로 - 기타,승용,남,36세,상해없음,승용,여,43세,경상
2017032200100190,2017년 3월 22일 10시,수요일,전라남도 여수시 신월동,경상사고,0,0,7,0,차대차 - 추돌,안전운전불이행,건조,맑음,단일로 - 기타,승용,남,47세,상해없음,승용,여,61세,경상
2017032200100191,2017년 3월 22일 10시,수요일,전라남도 고흥군 도양읍,경상사고,0,0,1,0,차대차 - 후진중충돌,안전운전불이행,건조,맑음,단일로 - 기타,건설기계,남,48세,상해없음,승용,남,57세,경상
2017032200100212,2017년 3월 22일 11시,수요일,전라남도 나주시 다시면,경상사고,0,0,2,0,차대차 - 기타,안전운전불이행,건조,맑음,단일로 - 기타,승용,남,24세,상해없음,승용,남,43세,경상
2017032200100213,2017년 3월 22일 11시,수요일,전라남도 나주시 왕곡면,경상사고,0,0,1,0,차대차 - 추돌,안전거리미확보,건조,맑음,단일로 - 기타,화물,남,49세,상해없음,승용,남,73세,경상
2017032200100214,2017년 3월 22일 11시,수요일,전라남도 담양군 담양읍,경상사고,0,0,1,0,차대사람 - 기타,안전운전불이행,건조,맑음,단일로 - 기타,화물,남,64세,상해없음,보행자,남,62세,경상
2017032200100238,2017년 3월 22일 12시,수요일,전라남도 구례군 구례읍,경상사고,0,0,3,0,차대차 - 추돌,안전운전불이행,건조,맑음,교차로 - 교차로부근,화물,남,55세,상해없음,승용,여,41세,경상
2017032200100312,2017년 3월 22일 15시,수요일,전라남도 목포시 옥암동,경상사고,0,0,1,0,차대차 - 측면충돌,직진우회전진행방해,건조,맑음,교차로 - 교차로부근,승용,남,62세,상해없음,화물,남,46세,경상
2017032200100313,2017년 3월 22일 15시,수요일,전라남도 곡성군 곡성읍,경상사고,0,0,2,0,차대차 - 정면충돌,중앙선침범,건조,맑음,단일로 - 기타,승용,남,82세,경상,건설기계,남,50세,상해없음
2017032200100416,2017년 3월 22일 18시,수요일,전라남도 목포시 옥암동,경상사고,0,0,2,0,차대차 - 추돌,차로위반,건조,맑음,기타 - 기타,화물,남,52세,상해없음,승용,여,37세,경상
2017032200100417,2017년 3월 22일 18시,수요일,전라남도 여수시 둔덕동,경상사고,0,0,1,0,차대차 - 측면충돌,교차로운행방법위반,건조,맑음,교차로 - 교차로안,승용,남,52세,상해없음,승용,여,43세,경상
2017032200100418,2017년 3월 22일 18시,수요일,전라남도 보성군 조성면,경상사고,0,0,1,0,차대차 - 측면충돌,직진우회전진행방해,건조,맑음,교차로 - 교차로안,승용,여,41세,상해없음,화물,남,61세,경상
2017032200100419,2017년 3월 22일 18시,수요일,전라남도 함평군 함평읍,부상신고사고,0,0,0,1,차량단독 - 전도전복,안전운전불이행,건조,맑음,교차로 - 교차로부근,이륜,남,80세,부상신고,미분류,미분류,미분류,미분류
2017032200100452,2017년 3월 22일 19시,수요일,전라남도 목포시 옥암동,경상사고,0,0,2,0,차대차 - 추돌,안전운전불이행,건조,맑음,교차로 - 교차로부근,승용,여,52세,상해없음,승용,남,44세,경상
2017032200100453,2017년 3월 22일 19시,수요일,전라남도 여수시 신기동,경상사고,0,0,1,0,차대차 - 추돌,안전운전불이행,건조,맑음,교차로 - 교차로안,승용,남,55세,상해없음,승용,남,65세,경상
2017032200100487,2017년 3월 22일 20시,수요일,전라남도 나주시 금천면,경상사고,0,0,1,0,차대차 - 측면충돌,교차로운행방법위반,건조,맑음,교차로 - 교차로안,승용,여,33세,상해없음,승용,남,28세,경상
2017032200100570,2017년 3월 22일 23시,수요일,전라남도 장성군 장성읍,경상사고,0,0,1,0,차량단독 - 전도전복 - 전도,안전운전불이행,건조,맑음,교차로 - 교차로안,이륜,남,47세,경상,,,,
2017032200100571,2017년 3월 22일 23시,수요일,전라남도 완도군 노화읍,중상사고,0,1,0,0,차량단독 - 공작물충돌,안전운전불이행,건조,맑음,단일로 - 기타,화물,남,35세,상해없음,,,,
2017032300100039,2017년 3월 23일 01시,목요일,전라남도 여수시 오림동,경상사고,0,0,1,0,차대차 - 추돌,신호위반,건조,맑음,교차로 - 교차로안,승용,남,66세,상해없음,승용,남,60세,경상
2017032300100040,2017년 3월 23일 01시,목요일,전라남도 순천시 연향동,경상사고,0,0,1,0,차량단독 - 전도전복 - 전도,안전운전불이행,건조,맑음,교차로 - 교차로부근,승용,남,26세,경상,,,,
2017032300100041,2017년 3월 23일 01시,목요일,전라남도 곡성군 곡성읍,경상사고,0,0,2,0,차량단독 - 전도전복 - 전도,안전운전불이행,건조,맑음,교차로 - 교차로안,승용,남,22세,경상,,,,
2017032300100123,2017년 3월 23일 08시,목요일,전라남도 무안군 해제면,중상사고,0,1,0,0,차대차 - 정면충돌,중앙선침범,건조,맑음,단일로 - 기타,이륜,남,78세,중상,화물,남,65세,상해없음
2017032300100141,2017년 3월 23일 09시,목요일,전라남도 목포시 산정동,경상사고,0,0,3,0,차대차 - 기타,안전운전불이행,건조,맑음,교차로 - 교차로부근,화물,남,54세,상해없음,승용,여,38세,경상
2017032300100142,2017년 3월 23일 09시,목요일,전라남도 여수시 충무동,경상사고,0,0,2,0,차대차 - 측면충돌,중앙선침범,건조,맑음,단일로 - 기타,승용,여,62세,상해없음,승용,여,62세,경상
2017032300100143,2017년 3월 23일 09시,목요일,전라남도 여수시 둔덕동,경상사고,0,0,1,0,차대차 - 추돌,안전운전불이행,건조,맑음,교차로 - 교차로부근,승용,남,44세,상해없음,승용,여,33세,경상
2017032300100173,2017년 3월 23일 10시,목요일,전라남도 목포시 옥암동,경상사고,0,0,2,0,차대차 - 기타,신호위반,건조,맑음,단일로 - 기타,승용,남,27세,경상,승용,남,70세,경상
2017032300100207,2017년 3월 23일 11시,목요일,전라남도 순천시 가곡동,경상사고,0,0,1,0,차대차 - 측면충돌,안전운전불이행,건조,맑음,단일로 - 기타,승용,여,44세,상해없음,승용,여,22세,경상
2017032300100208,2017년 3월 23일 11시,목요일,전라남도 나주시 문평면,경상사고,0,0,1,0,차대차 - 측면충돌,안전운전불이행,건조,맑음,단일로 - 기타,승용,남,51세,상해없음,승용,남,45세,기타불명
2017032300100247,2017년 3월 23일 13시,목요일,전라남도 여수시 공화동,경상사고,0,0,1,0,차대사람 - 횡단중,보행자보호의무위반,건조,맑음,단일로 - 기타,화물,남,67세,상해없음,보행자,여,42세,경상
2017032300100273,2017년 3월 23일 14시,목요일,전라남도 순천시 왕지동,경상사고,0,0,1,0,차대차 - 후진중충돌,안전운전불이행,건조,맑음,단일로 - 기타,승용,남,58세,상해없음,승용,남,48세,경상
2017032300100303,2017년 3월 23일 15시,목요일,전라남도 순천시 왕지동,경상사고,0,0,1,0,차대차 - 기타,교차로운행방법위반,건조,맑음,교차로 - 교차로부근,승용,남,76세,상해없음,원동기,남,62세,경상
2017032300100339,2017년 3월 23일 16시,목요일,전라남도 목포시 상동,경상사고,0,0,1,0,차대차 - 기타,안전운전불이행,건조,맑음,주차장 - 주차장,화물,남,50세,상해없음,승용,남,36세,경상
2017032300100340,2017년 3월 23일 16시,목요일,전라남도 여수시 소라면,중상사고,0,1,0,0,차대차 - 정면충돌,중앙선침범,건조,맑음,단일로 - 기타,승용,남,65세,상해없음,화물,남,44세,중상
2017032300100341,2017년 3월 23일 16시,목요일,전라남도 함평군 해보면,경상사고,0,0,2,0,차대차 - 측면충돌,교차로운행방법위반,건조,맑음,교차로 - 교차로안,화물,남,69세,경상,화물,남,36세,상해없음
2017032300100377,2017년 3월 23일 17시,목요일,전라남도 목포시 상동,경상사고,0,0,5,0,차대차 - 정면충돌,신호위반,건조,맑음,교차로 - 교차로부근,승용,남,45세,상해없음,승용,남,57세,경상
2017032300100378,2017년 3월 23일 17시,목요일,전라남도 목포시 옥암동,중상사고,0,1,0,0,차대사람 - 횡단중,안전운전불이행,건조,맑음,교차로 - 교차로안,승용,남,62세,상해없음,보행자,여,62세,중상
2017032300100379,2017년 3월 23일 17시,목요일,전라남도 순천시 덕암동,경상사고,0,0,1,0,차대차 - 측면충돌,기타,건조,맑음,단일로 - 기타,승용,남,70세,상해없음,자전거,남,17세,경상