사고번호,사고일시,요일,시군구,사고내용,사망자수,중상자수,경상자수,부상신고자수,사고유형,법규위반,노면상태,기상상태,도로형태,가해운전자 차종,가해운전자 성별,가해운전자 연령,가해운전자 상해정도,피해운전자 차종,피해운전자 성별,피해운전자 연령,피해운전자 상해정도
2017032300100412,2017년 3월 23일 18시,목요일,전라남도 나주시 금천면,경상사고,0,0,1,0,차대차 - 추돌,안전거리미확보,건조,맑음,교차로 - 교차로안,승용,여,23세,상해없음,승용,여,39세,경상
2017032300100413,2017년 3월 23일 18시,목요일,전라남도 영암군 서호면,경상사고,0,0,1,0,차대차 - 추돌,안전거리미확보,건조,맑음,단일로 - 기타,화물,남,53세,상해없음,승용,여,35세,경상
2017032300100452,2017년 3월 23일 19시,목요일,전라남도 여수시 학동,경상사고,0,0,1,0,차대사람 - 길가장자리구역통행중,안전운전불이행,건조,맑음,단일로 - 기타,기타불명,기타불명,미분류,기타불명,보행자,여,15세,경상
2017032300100453,2017년 3월 23일 19시,목요일,전라남도 영광군 불갑면,중상사고,0,1,0,0,차대차 - 추돌,안전운전불이행,건조,맑음,단일로 - 기타,승용,여,36세,상해없음,자전거,남,59세,중상
2017032300100500,2017년 3월 23일 20시,목요일,전라남도 순천시 주암면,사망사고,1,0,0,0,차대사람 - 횡단중,안전운전불이행,건조,맑음,교차로 - 교차로안,승용,남,39세,상해없음,보행자,남,52세,사망
2017032300100529,2017년 3월 23일 21시,목요일,전라남도 영암군 삼호읍,경상사고,0,0,3,0,차대차 - 추돌,안전운전불이행,건조,맑음,교차로 - 교차로부근,승용,남,51세,경상,승합,남,55세,경상
2017032300100586,2017년 3월 23일 23시,목요일,전라남도 여수시 소라면,중상사고,0,1,0,0,차대차 - 추돌,안전운전불이행,건조,맑음,단일로 - 기타,승용,남,29세,중상,특수,남,50세,상해없음
2017032300100587,2017년 3월 23일 23시,목요일,전라남도 장성군 북이면,중상사고,0,1,0,0,차대차 - 추돌,안전운전불이행,건조,맑음,단일로 - 기타,승용,남,26세,상해없음,화물,남,38세,중상
2017032400100032,2017년 3월 24일 00시,금요일,전라남도 강진군 강진읍,부상신고사고,0,0,0,1,차량단독 - 기타,안전운전불이행,건조,맑음,단일로 - 기타,승용,남,30세,부상신고,,,,
2017032400100055,2017년 3월 24일 01시,금요일,전라남도 목포시 상동,경상사고,0,0,1,0,차대차 - 기타,교차로운행방법위반,건조,맑음,교차로 - 교차로안,승용,남,37세,상해없음,승용,남,46세,상해없음
2017032400100070,2017년 3월 24일 02시,금요일,전라남도 여수시 봉산동,중상사고,0,2,0,0,차량단독 - 공작물충돌,안전운전불이행,건조,맑음,기타 - 기타,승용,여,46세,중상,,,,
2017032400100111,2017년 3월 24일 07시,금요일,전라남도 순천시 오천동,경상사고,0,0,1,0,차대차 - 측면충돌,교차로운행방법위반,건조,맑음,교차로 - 교차로안,승용,남,37세,상해없음,승용,남,55세,경상
2017032400100112,2017년 3월 24일 07시,금요일,전라남도 광양시 중군동,경상사고,0,0,1,0,차대차 - 측면충돌,불법유턴,건조,맑음,교차로 - 교차로안,승용,남,54세,상해없음,승용,남,31세,경상
2017032400100169,2017년 3월 24일 09시,금요일,전라남도 보성군 득량면,경상사고,0,0,1,1,차대차 - 추돌,안전운전불이행,건조,맑음,단일로 - 기타,승용,남,19세,부상신고,화물,남,40세,경상
2017032400100170,2017년 3월 24일 09시,금요일,전라남도 강진군 강진읍,경상사고,0,0,1,0,차대차 - 기타,기타,건조,맑음,교차로 - 교차로안,원동기,남,62세,경상,화물,여,56세,상해없음
2017032400100195,2017년 3월 24일 10시,금요일,전라남도 여수시 문수동,중상사고,0,1,0,0,차대차 - 측면충돌,차로위반,건조,맑음,교차로 - 교차로부근,이륜,남,55세,중상,화물,남,36세,상해없음
2017032400100224,2017년 3월 24일 11시,금요일,전라남도 순천시 조례동,중상사고,0,1,1,0,차대차 - 측면충돌,안전운전불이행,건조,맑음,교차로 - 교차로안,승용,여,58세,중상,승합,남,56세,상해없음
2017032400100252,2017년 3월 24일 12시,금요일,전라남도 여수시 중앙동,경상사고,0,0,3,0,차대차 - 측면충돌,교차로운행방법위반,건조,맑음,교차로 - 교차로부근,승합,남,32세,상해없음,승용,남,34세,경상
2017032400100253,2017년 3월 24일 12시,금요일,전라남도 순천시 조례동,중상사고,0,1,0,0,차대차 - 측면충돌,안전운전불이행,건조,맑음,단일로 - 기타,화물,남,59세,상해없음,이륜,남,69세,중상
2017032400100254,2017년 3월 24일 12시,금요일,전라남도 순천시 해룡면,경상사고,0,0,1,0,차대차 - 측면충돌,중앙선침범,건조,맑음,단일로 - 기타,승용,남,37세,상해없음,승용,남,49세,경상
2017032400100277,2017년 3월 24일 13시,금요일,전라남도 목포시 산정동,경상사고,0,0,1,0,차대차 - 측면충돌,신호위반,건조,맑음,교차로 - 교차로안,승용,여,24세,상해없음,승용,여,36세,경상
2017032400100278,2017년 3월 24일 13시,금요일,전라남도 장성군 장성읍,경상사고,0,0,1,0,차대차 - 추돌,안전운전불이행,건조,맑음,단일로 - 기타,이륜,남,72세,경상,승용,남,80세,기타불명
2017032400100346,2017년 3월 24일 15시,금요일,전라남도 목포시 용당동,중상사고,0,1,0,0,차대사람 - 길가장자리구역통행중,안전운전불이행,건조,맑음,단일로 - 기타,승합,남,52세,상해없음,보행자,남,64세,중상
2017032400100347,2017년 3월 24일 15시,금요일,전라남도 목포시 죽교동,경상사고,0,0,1,0,차대사람 - 길가장자리구역통행중,안전운전불이행,건조,맑음,단일로 - 기타,승합,남,80세,상해없음,보행자,여,14세,경상
2017032400100348,2017년 3월 24일 15시,금요일,전라남도 완도군 신지면,경상사고,0,0,1,0,차대사람 - 횡단중,안전운전불이행,건조,맑음,기타 - 기타,승용,여,56세,상해없음,보행자,여,65세,경상
2017032400100349,2017년 3월 24일 15시,금요일,전라남도 무안군 해제면,경상사고,0,0,1,0,차대차 - 추돌,안전운전불이행,건조,맑음,교차로 - 교차로안,화물,남,52세,상해없음,화물,남,60세,경상
2017032400100411,2017년 3월 24일 17시,금요일,전라남도 목포시 중동1가,경상사고,0,0,1,0,차대사람 - 횡단중,안전운전불이행,건조,맑음,단일로 - 기타,기타불명,기타불명,미분류,기타불명,보행자,남,71세,경상
2017032400100451,2017년 3월 24일 18시,금요일,전라남도 장성군 진원면,경상사고,0,0,2,0,차대차 - 추돌,안전운전불이행,건조,맑음,교차로 - 교차로부근,승용,남,33세,경상,승용,남,45세,경상
2017032400100531,2017년 3월 24일 20시,금요일,전라남도 여수시 미평동,경상사고,0,0,5,0,차대차 - 추돌,안전운전불이행,건조,맑음,교차로 - 교차로부근,승용,남,47세,상해없음,승용,남,40세,상해없음
2017032400100569,2017년 3월 24일 21시,금요일,전라남도 장성군 서삼면,경상사고,0,0,1,0,차대차 - 추돌,안전운전불이행,건조,맑음,단일로 - 기타,화물,남,35세,상해없음,승용,남,38세,경상
2017032400100615,2017년 3월 24일 22시,금요일,전라남도 여수시 중앙동,경상사고,0,0,1,0,차대사람 - 횡단중,보행자보호의무위반,건조,맑음,교차로 - 교차로부근,승용,남,27세,상해없음,보행자,여,54세,경상
2017032400100616,2017년 3월 24일 22시,금요일,전라남도 광양시 광영동,경상사고,0,0,1,0,차대차 - 추돌,안전운전불이행,건조,맑음,교차로 - 교차로부근,승용,남,56세,상해없음,승용,남,47세,경상
2017032500100032,2017년 3월 25일 00시,토요일,전라남도 담양군 담양읍,경상사고,0,0,6,0,차대차 - 측면충돌,직진우회전진행방해,건조,맑음,교차로 - 교차로안,승용,남,27세,경상,승용,여,60세,경상
2017032500100062,2017년 3월 25일 02시,토요일,전라남도 순천시 연향동,부상신고사고,0,0,0,1,차대차 - 추돌,안전운전불이행,젖음/습기,비,교차로 - 교차로부근,승용,남,24세,부상신고,승용,남,48세,상해없음
2017032500100063,2017년 3월 25일 02시,토요일,전라남도 장성군 남면,중상사고,0,1,0,0,차대차 - 추돌,과속,젖음/습기,비,단일로 - 기타,승용,남,34세,상해없음,화물,남,49세,중상
2017032500100123,2017년 3월 25일 07시,토요일,전라남도 무안군 청계면,중상사고,0,1,1,0,차대차 - 정면충돌,중앙선침범,젖음/습기,비,단일로 - 기타,화물,남,25세,중상,건설기계,남,65세,경상
2017032500100145,2017년 3월 25일 08시,토요일,전라남도 여수시 학동,경상사고,0,0,1,0,차대차 - 측면충돌,안전운전불이행,젖음/습기,비,단일로 - 기타,승용,여,56세,상해없음,승용,남,55세,경상
2017032500100159,2017년 3월 25일 09시,토요일,전라남도 여수시 문수동,경상사고,0,0,3,0,차대차 - 측면충돌,교차로운행방법위반,건조,흐림,교차로 - 교차로안,승용,여,43세,상해없음,승용,여,38세,경상
2017032500100184,2017년 3월 25일 10시,토요일,전라남도 목포시 상동,경상사고,0,0,2,0,차대차 - 기타,직진우회전진행방해,건조,맑음,교차로 - 교차로안,승용,남,62세,경상,승용,남,31세,경상
2017032500100185,2017년 3월 25일 10시,토요일,전라남도 해남군 문내면,경상사고,0,0,3,1,차대차 - 추돌,안전거리미확보,젖음/습기,비,단일로 - 기타,화물,남,62세,상해없음,승용,여,55세,경상
2017032500100214,2017년 3월 25일 11시,토요일,전라남도 여수시 율촌면,중상사고,0,1,0,0,차대차 - 정면충돌,중앙선침범,건조,맑음,단일로 - 기타,특수,남,45세,상해없음,화물,남,60세,중상
2017032500100215,2017년 3월 25일 11시,토요일,전라남도 여수시 학동,경상사고,0,0,1,0,차대사람 - 횡단중,신호위반,젖음/습기,비,교차로 - 교차로횡단보도내,승용,여,27세,상해없음,보행자,여,66세,경상
2017032500100244,2017년 3월 25일 12시,토요일,전라남도 목포시 상동,경상사고,0,0,2,0,차대차 - 추돌,기타,젖음/습기,비,단일로 - 기타,승용,남,61세,경상,승용,여,39세,경상
2017032500100245,2017년 3월 25일 12시,토요일,전라남도 보성군 벌교읍,중상사고,0,1,1,0,차대차 - 추돌,안전거리미확보,젖음/습기,비,단일로 - 기타,화물,남,63세,상해없음,승용,여,52세,중상
2017032500100300,2017년 3월 25일 14시,토요일,전라남도 목포시 용해동,경상사고,0,0,1,0,차대차 - 기타,안전거리미확보,건조,맑음,단일로 - 기타,승용,남,23세,상해없음,승용,여,48세,경상
2017032500100332,2017년 3월 25일 15시,토요일,전라남도 여수시 신기동,경상사고,0,0,1,0,차대차 - 측면충돌,교차로운행방법위반,젖음/습기,흐림,교차로 - 교차로안,승용,남,33세,상해없음,승용,남,33세,경상
2017032500100376,2017년 3월 25일 17시,토요일,전라남도 여수시 돌산읍,경상사고,0,0,4,0,차대차 - 측면충돌,교차로운행방법위반,젖음/습기,흐림,교차로 - 교차로안,승용,남,46세,상해없음,승용,남,19세,경상
2017032500100377,2017년 3월 25일 17시,토요일,전라남도 순천시 남내동,경상사고,0,0,1,0,차대차 - 측면충돌,안전거리미확보,젖음/습기,비,단일로 - 기타,자전거,남,78세,경상,승용,남,30세,상해없음
2017032500100403,2017년 3월 25일 18시,토요일,전라남도 해남군 해남읍,경상사고,0,0,5,0,차대차 - 측면충돌,신호위반,건조,맑음,교차로 - 교차로안,화물,남,56세,상해없음,승용,남,25세,경상
2017032500100486,2017년 3월 25일 20시,토요일,전라남도 여수시 둔덕동,경상사고,0,0,1,0,차대차 - 측면충돌,신호위반,젖음/습기,흐림,교차로 - 교차로안,승용,남,63세,상해없음,승용,남,56세,경상
2017032500100487,2017년 3월 25일 20시,토요일,전라남도 여수시 화장동,경상사고,0,0,1,0,차대차 - 기타,안전운전불이행,젖음/습기,비,단일로 - 기타,승용,남,46세,상해없음,이륜,남,50세,경상
2017032500100590,2017년 3월 25일 23시,토요일,전라남도 영암군 삼호읍,경상사고,0,0,1,0,차대차 - 후진중충돌,안전운전불이행,건조,맑음,단일로 - 기타,승용,여,56세,기타불명,승용,남,48세,기타불명
2017032600100009,2017년 3월 26일 00시,일요일,전라남도 여수시 화장동,경상사고,0,0,3,0,차대차 - 추돌,안전운전불이행,건조,맑음,단일로 - 기타,승용,남,27세,상해없음,승용,남,34세,경상
2017032600100010,2017년 3월 26일 00시,일요일,전라남도 순천시 매곡동,부상신고사고,0,0,0,4,차대차 - 측면충돌,교차로운행방법위반,건조,맑음,교차로 - 교차로안,승용,남,21세,부상신고,승용,남,27세,상해없음
2017032600100041,2017년 3월 26일 02시,일요일,전라남도 여수시 여서동,사망사고,1,0,0,0,차대사람 - 횡단중,안전운전불이행,젖음/습기,맑음,단일로 - 기타,승용,여,29세,상해없음,보행자,남,57세,사망
2017032600100067,2017년 3월 26일 04시,일요일,전라남도 여수시 돌산읍,경상사고,0,0,2,0,차량단독 - 공작물충돌,안전운전불이행,건조,맑음,단일로 - 기타,승용,남,22세,경상,,,,
2017032600100088,2017년 3월 26일 06시,일요일,전라남도 광양시 광양읍,경상사고,0,0,3,0,차대차 - 측면충돌,교차로운행방법위반,젖음/습기,맑음,교차로 - 교차로안,화물,남,57세,경상,승합,여,18세,경상
2017032600100116,2017년 3월 26일 09시,일요일,전라남도 나주시 영산동,중상사고,0,1,0,0,차량단독 - 기타,안전운전불이행,건조,맑음,단일로 - 기타,승합,남,48세,상해없음,,,,
2017032600100151,2017년 3월 26일 11시,일요일,전라남도 순천시 가곡동,중상사고,0,1,0,0,차대차 - 측면충돌,안전운전불이행,건조,맑음,단일로 - 기타,승용,남,49세,상해없음,승용,여,50세,중상
2017032600100165,2017년 3월 26일 12시,일요일,전라남도 순천시 별량면,경상사고,0,0,6,0,차대차 - 측면충돌,안전거리미확보,건조,맑음,단일로 - 기타,승용,남,40세,상해없음,승용,남,37세,경상
2017032600100166,2017년 3월 26일 12시,일요일,전라남도 장흥군 장흥읍,중상사고,0,1,0,0,차대차 - 기타,교차로운행방법위반,건조,맑음,교차로 - 교차로안,자전거,남,12세,중상,승용,여,63세,상해없음
2017032600100193,2017년 3월 26일 13시,일요일,전라남도 영광군 영광읍,중상사고,0,1,0,0,차대차 - 추돌,안전운전불이행,건조,맑음,단일로 - 기타,승용,남,45세,상해없음,농기계,남,81세,중상
2017032600100216,2017년 3월 26일 14시,일요일,전라남도 해남군 산이면,중상사고,0,1,0,0,차대차 - 추돌,안전거리미확보,건조,맑음,기타 - 기타,승용,남,72세,상해없음,농기계,남,79세,중상
2017032600100217,2017년 3월 26일 14시,일요일,전라남도 담양군 담양읍,부상신고사고,0,0,0,1,차대차 - 기타,안전운전불이행,건조,맑음,주차장 - 주차장,승용,남,55세,상해없음,승용,여,37세,부상신고
2017032600100218,2017년 3월 26일 14시,일요일,전라남도 진도군 임회면,중상사고,0,1,0,0,차대사람 - 기타,안전운전불이행,건조,맑음,단일로 - 기타,승용,여,51세,상해없음,보행자,여,62세,중상
2017032600100241,2017년 3월 26일 15시,일요일,전라남도 무안군 현경면,경상사고,0,0,1,0,차량단독 - 전도전복,안전운전불이행,건조,맑음,단일로 - 기타,화물,남,41세,경상,미분류,미분류,미분류,미분류
2017032600100242,2017년 3월 26일 15시,일요일,전라남도 무안군 삼향읍,경상사고,0,0,3,0,차대차 - 측면충돌,안전운전불이행,건조,맑음,교차로 - 교차로안,승용,여,26세,경상,승용,여,33세,경상
2017032600100262,2017년 3월 26일 16시,일요일,전라남도 목포시 상동,경상사고,0,0,1,0,차대차 - 기타,안전운전불이행,건조,맑음,교차로 - 교차로부근,자전거,남,12세,경상,승용,남,52세,상해없음
2017032600100263,2017년 3월 26일 16시,일요일,전라남도 여수시 화양면,중상사고,0,1,0,0,차량단독 - 전도전복 - 전도,안전운전불이행,건조,맑음,단일로 - 기타,원동기,남,43세,중상,,,,
2017032600100264,2017년 3월 26일 16시,일요일,전라남도 진도군 군내면,중상사고,0,1,0,0,차대사람 - 기타,안전운전불이행,건조,맑음,기타 - 기타,승용,남,69세,상해없음,보행자,남,54세,중상
2017032600100308,2017년 3월 26일 18시,일요일,전라남도 나주시 세지면,경상사고,0,0,2,0,차대차 - 측면충돌,신호위반,건조,맑음,교차로 - 교차로안,승용,남,50세,경상,승용,남,40세,경상
2017032600100333,2017년 3월 26일 19시,일요일,전라남도 순천시 조례동,경상사고,0,0,1,0,차대차 - 측면충돌,안전운전불이행,건조,맑음,단일로 - 기타,승용,남,21세,상해없음,승용,남,66세,상해없음
2017032600100334,2017년 3월 26일 19시,일요일,전라남도 담양군 담양읍,중상사고,0,1,0,0,차대차 - 측면충돌,안전거리미확보,건조,맑음,교차로 - 교차로부근,승용,남,45세,상해없음,원동기,여,64세,중상
2017032600100355,2017년 3월 26일 20시,일요일,전라남도 순천시 서면,경상사고,0,0,1,0,차대차 - 측면충돌,안전거리미확보,건조,맑음,단일로 - 기타,화물,남,64세,상해없음,승용,여,44세,경상
2017032600100356,2017년 3월 26일 20시,일요일,전라남도 순천시 서면,경상사고,0,0,6,1,차대차 - 기타,안전운전불이행,건조,맑음,교차로 - 교차로안,승합,남,55세,상해없음,화물,남,60세,경상
2017032600100426,2017년 3월 26일 23시,일요일,전라남도 광양시 성황동,중상사고,0,1,0,0,차량단독 - 기타,안전운전불이행,건조,맑음,단일로 - 기타,승용,여,51세,중상,,,,
2017032700100031,2017년 3월 27일 01시,월요일,전라남도 목포시 상동,경상사고,0,0,1,0,차대사람 - 기타,신호위반,건조,맑음,단일로 - 기타,승용,여,20세,상해없음,보행자,남,22세,경상
2017032700100032,2017년 3월 27일 01시,월요일,전라남도 목포시 상동,경상사고,0,0,5,0,차대차 - 측면충돌,신호위반,건조,맑음,교차로 - 교차로안,승용,남,22세,경상,승용,남,44세,경상
2017032700100047,2017년 3월 27일 04시,월요일,전라남도 목포시 대양동,중상사고,0,1,0,0,차대사람 - 횡단중,안전운전불이행,건조,맑음,단일로 - 기타,승용,남,65세,상해없음,보행자,남,48세,중상
2017032700100048,2017년 3월 27일 04시,월요일,전라남도 목포시 옥암동,경상사고,0,0,1,0,차대차 - 기타,안전운전불이행,건조,맑음,교차로 - 교차로부근,승용,남,34세,상해없음,승용,남,38세,경상
2017032700100049,2017년 3월 27일 04시,월요일,전라남도 순천시 저전동,중상사고,0,1,0,0,차량단독 - 공작물충돌,안전운전불이행,건조,맑음,교차로 - 교차로안,승용,남,26세,중상,,,,
2017032700100057,2017년 3월 27일 05시,월요일,전라남도 순천시 풍덕동,경상사고,0,0,1,0,차대차 - 추돌,안전운전불이행,건조,맑음,교차로 - 교차로부근,승용,남,31세,상해없음,승용,여,38세,경상
2017032700100063,2017년 3월 27일 06시,월요일,전라남도 고흥군 점암면,사망사고,1,0,0,0,차대사람 - 횡단중,안전운전불이행,젖음/습기,비,단일로 - 기타,화물,남,55세,상해없음,보행자,여,83세,사망
2017032700100080,2017년 3월 27일 07시,월요일,전라남도 목포시 용해동,경상사고,0,0,2,0,차대차 - 측면충돌,신호위반,건조,맑음,교차로 - 교차로안,승용,남,52세,경상,승용,남,33세,경상
2017032700100110,2017년 3월 27일 08시,월요일,전라남도 목포시 중앙동2가,경상사고,0,0,1,0,차대차 - 측면충돌,안전운전불이행,건조,맑음,단일로 - 기타,승용,여,34세,상해없음,화물,남,53세,경상
2017032700100137,2017년 3월 27일 09시,월요일,전라남도 목포시 용당동,중상사고,0,1,0,0,차대차 - 측면충돌,안전운전불이행,건조,맑음,단일로 - 기타,화물,남,27세,상해없음,자전거,남,49세,중상
2017032700100161,2017년 3월 27일 10시,월요일,전라남도 해남군 화원면,경상사고,0,0,2,0,차대차 - 측면충돌,교차로운행방법위반,건조,맑음,교차로 - 교차로안,승용,남,30세,경상,승용,남,46세,경상
2017032700100162,2017년 3월 27일 10시,월요일,전라남도 보성군 보성읍,경상사고,0,0,1,0,차대사람 - 횡단중,보행자보호의무위반,건조,맑음,교차로 - 교차로부근,화물,남,65세,상해없음,보행자,여,80세,경상
2017032700100207,2017년 3월 27일 12시,월요일,전라남도 강진군 강진읍,경상사고,0,0,2,0,차대차 - 기타,안전운전불이행,건조,맑음,단일로 - 기타,승용,여,48세,상해없음,승합,기타불명,미분류,기타불명
2017032700100229,2017년 3월 27일 13시,월요일,전라남도 고흥군 포두면,경상사고,0,0,2,0,차대차 - 측면충돌,안전운전불이행,건조,맑음,교차로 - 교차로안,화물,남,57세,경상,승용,여,49세,경상
2017032700100230,2017년 3월 27일 13시,월요일,전라남도 화순군 화순읍,중상사고,0,1,0,0,차대차 - 측면충돌,교차로운행방법위반,건조,맑음,교차로 - 교차로안,원동기,남,15세,상해없음,승용,남,74세,상해없음
2017032700100264,2017년 3월 27일 14시,월요일,전라남도 영광군 영광읍,중상사고,0,1,0,0,차대사람 - 횡단중,안전운전불이행,건조,맑음,교차로 - 교차로안,승합,남,59세,상해없음,보행자,남,77세,중상
2017032700100265,2017년 3월 27일 14시,월요일,전라남도 담양군 봉산면,경상사고,0,0,4,0,차대차 - 정면충돌,직진우회전진행방해,건조,맑음,교차로 - 교차로안,화물,남,53세,상해없음,승용,여,41세,경상
2017032700100299,2017년 3월 27일 15시,월요일,전라남도 여수시 소라면,중상사고,0,1,0,0,차대차 - 추돌,안전운전불이행,건조,맑음,단일로 - 기타,이륜,남,77세,중상,화물,남,56세,상해없음
2017032700100300,2017년 3월 27일 15시,월요일,전라남도 여수시 학동,경상사고,0,0,2,0,차대차 - 측면충돌,안전운전불이행,건조,맑음,주차장 - 주차장,승용,여,49세,상해없음,승용,남,24세,경상
2017032700100331,2017년 3월 27일 16시,월요일,전라남도 해남군 해남읍,경상사고,0,0,3,0,차대차 - 측면충돌,신호위반,건조,맑음,교차로 - 교차로안,승용,남,68세,경상,승용,남,59세,경상
2017032700100332,2017년 3월 27일 16시,월요일,전라남도 화순군 춘양면,경상사고,0,0,1,0,차대차 - 추돌,안전운전불이행,건조,맑음,단일로 - 터널,승용,여,53세,상해없음,건설기계,남,49세,경상
2017032700100333,2017년 3월 27일 16시,월요일,전라남도 구례군 토지면,중상사고,0,1,0,0,차대차 - 기타,중앙선침범,건조,맑음,단일로 - 기타,승용,남,73세,상해없음,자전거,남,18세,중상
2017032700100371,2017년 3월 27일 17시,월요일,전라남도 여수시 여서동,중상사고,0,1,0,0,차대사람 - 보도통행중,기타,건조,맑음,단일로 - 기타,승용,남,28세,상해없음,보행자,남,77세,중상
2017032700100372,2017년 3월 27일 17시,월요일,전라남도 나주시 봉황면,사망사고,1,0,0,0,차량단독 - 전도전복,안전운전불이행,건조,맑음,단일로 - 기타,농기계,남,61세,사망,미분류,미분류,미분류,미분류
2017032700100373,2017년 3월 27일 17시,월요일,전라남도 고흥군 도덕면,중상사고,0,1,0,0,차량단독 - 공작물충돌,안전운전불이행,건조,맑음,단일로 - 기타,승용,남,60세,중상,,,,
2017032700100407,2017년 3월 27일 18시,월요일,전라남도 목포시 동명동,경상사고,0,0,1,0,차대차 - 기타,안전운전불이행,건조,맑음,교차로 - 교차로안,승용,남,54세,상해없음,승용,여,37세,경상
2017032700100408,2017년 3월 27일 18시,월요일,전라남도 순천시 인제동,부상신고사고,0,0,0,1,차대차 - 측면충돌,안전운전불이행,건조,맑음,단일로 - 기타,승용,남,31세,상해없음,승용,남,58세,부상신고
2017032700100409,2017년 3월 27일 18시,월요일,전라남도 영암군 영암읍,경상사고,0,0,2,0,차대사람 - 기타,안전운전불이행,건조,맑음,주차장 - 주차장,승용,남,30세,상해없음,보행자,남,17세,경상
2017032700100436,2017년 3월 27일 19시,월요일,전라남도 목포시 용해동,경상사고,0,0,1,0,차대차 - 기타,안전운전불이행,건조,맑음,교차로 - 교차로안,기타불명,기타불명,미분류,기타불명,승용,여,32세,경상
2017032700100437,2017년 3월 27일 19시,월요일,전라남도 순천시 장천동,중상사고,0,2,0,0,차대사람 - 횡단중,보행자보호의무위반,건조,맑음,교차로 - 교차로횡단보도내,승용,남,32세,상해없음,보행자,여,58세,중상
2017032700100438,2017년 3월 27일 19시,월요일,전라남도 해남군 문내면,중상사고,0,1,0,0,차대차 - 기타,안전운전불이행,건조,맑음,단일로 - 기타,화물,남,51세,상해없음,승용,남,67세,상해없음
2017032700100467,2017년 3월 27일 20시,월요일,전라남도 목포시 용해동,부상신고사고,0,0,0,1,차대차 - 측면충돌,신호위반,건조,맑음,교차로 - 교차로부근,기타불명,기타불명,미분류,기타불명,자전거,여,37세,부상신고
2017032700100468,2017년 3월 27일 20시,월요일,전라남도 순천시 조례동,경상사고,0,0,1,0,차대차 - 정면충돌,안전운전불이행,건조,맑음,단일로 - 기타,승합,남,39세,상해없음,원동기,남,19세,경상
2017032700100509,2017년 3월 27일 22시,월요일,전라남도 화순군 화순읍,중상사고,0,1,0,0,차대차 - 정면충돌,신호위반,건조,맑음,교차로 - 교차로안,승용,남,41세,상해없음,원동기,남,22세,중상
2017032800100023,2017년 3월 28일 00시,화요일,전라남도 해남군 해남읍,경상사고,0,0,1,0,차량단독 - 공작물충돌,안전운전불이행,건조,맑음,단일로 - 기타,승용,여,24세,경상,,,,
2017032800100076,2017년 3월 28일 06시,화요일,전라남도 목포시 용당동,중상사고,0,1,0,0,차대차 - 측면충돌,안전운전불이행,건조,맑음,단일로 - 기타,이륜,남,54세,중상,승용,남,62세,상해없음
2017032800100091,2017년 3월 28일 07시,화요일,전라남도 해남군 화원면,중상사고,0,1,0,0,차량단독 - 기타,안전운전불이행,젖음/습기,안개,교차로 - 교차로부근,승용,여,45세,중상,,,,
2017032800100128,2017년 3월 28일 08시,화요일,전라남도 영광군 영광읍,중상사고,0,1,2,0,차대차 - 측면충돌,직진우회전진행방해,건조,맑음,교차로 - 교차로안,승합,남,53세,상해없음,승용,여,46세,경상
2017032800100183,2017년 3월 28일 10시,화요일,전라남도 순천시 연향동,경상사고,0,0,5,0,차대차 - 측면충돌,직진우회전진행방해,건조,맑음,교차로 - 교차로안,승용,여,55세,경상,승용,여,56세,경상
2017032800100184,2017년 3월 28일 10시,화요일,전라남도 해남군 계곡면,경상사고,0,0,1,0,차량단독 - 전도전복 - 전복,안전운전불이행,건조,맑음,단일로 - 기타,화물,남,56세,경상,,,,
2017032800100213,2017년 3월 28일 11시,화요일,전라남도 나주시 왕곡면,경상사고,0,0,1,0,차대차 - 정면충돌,직진우회전진행방해,건조,맑음,교차로 - 교차로안,승합,남,59세,상해없음,승용,남,69세,상해없음
2017032800100277,2017년 3월 28일 14시,화요일,전라남도 구례군 용방면,경상사고,0,0,3,0,차대차 - 추돌,안전운전불이행,건조,맑음,단일로 - 기타,특수,남,27세,경상,승용,여,52세,경상
2017032800100303,2017년 3월 28일 15시,화요일,전라남도 화순군 도곡면,중상사고,0,2,0,0,차량단독 - 공작물충돌,안전운전불이행,건조,맑음,단일로 - 기타,승용,남,72세,상해없음,,,,
2017032800100326,2017년 3월 28일 16시,화요일,전라남도 곡성군 옥과면,경상사고,0,0,1,0,차대차 - 측면충돌,기타,건조,맑음,단일로 - 기타,화물,남,46세,상해없음,농기계,남,69세,경상
2017032800100360,2017년 3월 28일 17시,화요일,전라남도 여수시 중흥동,중상사고,0,1,0,0,차대차 - 측면충돌,불법유턴,건조,맑음,단일로 - 기타,승용,남,59세,상해없음,화물,남,47세,중상
2017032800100361,2017년 3월 28일 17시,화요일,전라남도 순천시 조례동,경상사고,0,0,1,0,차대차 - 측면충돌,안전운전불이행,건조,맑음,교차로 - 교차로안,화물,남,53세,상해없음,승용,남,50세,경상
2017032800100396,2017년 3월 28일 18시,화요일,전라남도 무안군 일로읍,중상사고,0,1,0,0,차량단독 - 공작물충돌,안전운전불이행,건조,맑음,단일로 - 기타,화물,남,60세,중상,,,,
2017032800100432,2017년 3월 28일 19시,화요일,전라남도 여수시 광무동,경상사고,0,0,1,0,차대차 - 측면충돌,신호위반,건조,맑음,교차로 - 교차로안,승용,남,25세,상해없음,이륜,남,24세,경상