사고번호,사고일시,요일,시군구,사고내용,사망자수,중상자수,경상자수,부상신고자수,사고유형,법규위반,노면상태,기상상태,도로형태,가해운전자 차종,가해운전자 성별,가해운전자 연령,가해운전자 상해정도,피해운전자 차종,피해운전자 성별,피해운전자 연령,피해운전자 상해정도
2017040200100355,2017년 4월 2일 17시,일요일,전라남도 여수시 웅천동,경상사고,0,0,1,0,차대사람 - 길가장자리구역통행중,안전운전불이행,건조,맑음,교차로 - 교차로부근,기타불명,기타불명,미분류,기타불명,보행자,남,5세,경상
2017040200100409,2017년 4월 2일 19시,일요일,전라남도 화순군 화순읍,중상사고,0,9,2,0,차대사람 - 횡단중,보행자보호의무위반,건조,맑음,교차로 - 교차로횡단보도내,승합,남,54세,상해없음,보행자,여,58세,중상
2017040200100410,2017년 4월 2일 19시,일요일,전라남도 담양군 담양읍,경상사고,0,0,1,0,차대차 - 측면충돌,안전운전불이행,건조,맑음,교차로 - 교차로안,승용,여,49세,상해없음,화물,남,73세,경상
2017040200100429,2017년 4월 2일 20시,일요일,전라남도 목포시 상동,경상사고,0,0,1,0,차대차 - 측면충돌,신호위반,건조,맑음,교차로 - 교차로부근,승용,여,57세,상해없음,이륜,남,18세,경상
2017040200100430,2017년 4월 2일 20시,일요일,전라남도 여수시 선원동,경상사고,0,0,2,0,차대차 - 측면충돌,안전운전불이행,건조,맑음,교차로 - 교차로안,승용,남,57세,경상,승용,남,23세,경상
2017040200100466,2017년 4월 2일 22시,일요일,전라남도 순천시 조례동,중상사고,0,1,0,0,차대차 - 측면충돌,교차로운행방법위반,건조,맑음,교차로 - 교차로안,승용,남,46세,상해없음,원동기,남,24세,중상
2017040200100482,2017년 4월 2일 23시,일요일,전라남도 여수시 덕충동,경상사고,0,0,1,0,차대사람 - 기타,안전운전불이행,건조,맑음,교차로 - 교차로안,승합,남,48세,상해없음,보행자,남,37세,경상
2017040300100035,2017년 4월 3일 01시,월요일,전라남도 여수시 문수동,경상사고,0,0,2,0,차대차 - 추돌,안전운전불이행,건조,맑음,단일로 - 기타,승용,남,32세,상해없음,승용,남,25세,경상
2017040300100089,2017년 4월 3일 07시,월요일,전라남도 여수시 신기동,경상사고,0,0,3,0,차대차 - 측면충돌,안전운전불이행,건조,맑음,교차로 - 교차로안,승용,남,24세,경상,승용,남,39세,경상
2017040300100090,2017년 4월 3일 07시,월요일,전라남도 곡성군 곡성읍,중상사고,0,1,0,0,차대사람 - 기타,안전운전불이행,건조,맑음,교차로 - 교차로부근,승용,남,50세,상해없음,보행자,여,73세,중상
2017040300100091,2017년 4월 3일 07시,월요일,전라남도 광양시 황길동,중상사고,0,1,0,0,차대차 - 추돌,안전운전불이행,건조,맑음,교차로 - 교차로안,승용,남,40세,중상,화물,기타불명,미분류,기타불명
2017040300100156,2017년 4월 3일 09시,월요일,전라남도 여수시 소라면,경상사고,0,0,1,0,차대차 - 추돌,차로위반,건조,맑음,교차로 - 교차로부근,승용,여,50세,상해없음,승용,남,36세,경상
2017040300100157,2017년 4월 3일 09시,월요일,전라남도 여수시 화양면,중상사고,0,1,1,0,차대차 - 추돌,안전운전불이행,건조,맑음,교차로 - 교차로부근,승합,남,72세,상해없음,승용,남,39세,경상
2017040300100158,2017년 4월 3일 09시,월요일,전라남도 순천시 야흥동,경상사고,0,0,1,0,차대차 - 기타,안전거리미확보,건조,맑음,단일로 - 기타,화물,남,56세,상해없음,승용,여,58세,경상
2017040300100186,2017년 4월 3일 10시,월요일,전라남도 신안군 지도읍,경상사고,0,0,2,0,차대차 - 측면충돌,안전운전불이행,건조,맑음,교차로 - 교차로안,승용,여,56세,경상,화물,남,61세,경상
2017040300100187,2017년 4월 3일 10시,월요일,전라남도 강진군 강진읍,경상사고,0,0,1,0,차대차 - 측면충돌,직진우회전진행방해,건조,맑음,교차로 - 교차로안,원동기,남,44세,경상,화물,남,48세,상해없음
2017040300100225,2017년 4월 3일 11시,월요일,전라남도 강진군 도암면,중상사고,0,2,3,0,차대차 - 기타,중앙선침범,건조,맑음,단일로 - 기타,승용,남,78세,경상,화물,남,66세,경상
2017040300100255,2017년 4월 3일 12시,월요일,전라남도 순천시 해룡면,중상사고,0,1,0,0,차대사람 - 횡단중,중앙선침범,건조,맑음,단일로 - 기타,승용,남,47세,상해없음,보행자,여,74세,중상
2017040300100278,2017년 4월 3일 13시,월요일,전라남도 여수시 관문동,경상사고,0,0,1,0,차대차 - 측면충돌,안전운전불이행,건조,맑음,교차로 - 교차로안,승용,여,36세,상해없음,승용,남,65세,경상
2017040300100279,2017년 4월 3일 13시,월요일,전라남도 담양군 담양읍,경상사고,0,0,1,0,차대차 - 측면충돌,안전운전불이행,건조,맑음,단일로 - 기타,화물,남,46세,상해없음,농기계,남,26세,경상
2017040300100280,2017년 4월 3일 13시,월요일,전라남도 곡성군 오산면,중상사고,0,3,0,0,차량단독 - 공작물충돌,안전운전불이행,건조,맑음,교차로 - 교차로안,승용,남,18세,중상,,,,
2017040300100316,2017년 4월 3일 14시,월요일,전라남도 목포시 상동,경상사고,0,0,1,0,차대차 - 후진중충돌,안전운전불이행,건조,맑음,단일로 - 기타,승용,남,48세,상해없음,승용,남,54세,경상
2017040300100317,2017년 4월 3일 14시,월요일,전라남도 목포시 죽교동,경상사고,0,0,1,0,차대차 - 기타,기타,건조,맑음,단일로 - 기타,화물,남,55세,상해없음,승용,남,42세,경상
2017040300100343,2017년 4월 3일 15시,월요일,전라남도 순천시 조례동,중상사고,0,1,0,0,차대사람 - 횡단중,기타,건조,맑음,단일로 - 기타,승합,남,54세,상해없음,보행자,남,12세,중상
2017040300100344,2017년 4월 3일 15시,월요일,전라남도 나주시 이창동,경상사고,0,0,5,0,차대차 - 추돌,안전거리미확보,건조,맑음,단일로 - 기타,특수,남,43세,상해없음,승합,남,54세,상해없음
2017040300100345,2017년 4월 3일 15시,월요일,전라남도 나주시 삼영동,경상사고,0,0,2,0,차대차 - 정면충돌,신호위반,건조,맑음,교차로 - 교차로안,승용,남,46세,상해없음,승용,남,47세,상해없음
2017040300100346,2017년 4월 3일 15시,월요일,전라남도 보성군 웅치면,중상사고,0,1,0,0,차량단독 - 전도전복 - 전도,안전운전불이행,건조,맑음,교차로 - 교차로부근,이륜,남,68세,중상,,,,
2017040300100347,2017년 4월 3일 15시,월요일,전라남도 광양시 도이동,경상사고,0,0,2,0,차대차 - 측면충돌,교차로운행방법위반,건조,맑음,교차로 - 교차로안,승용,남,30세,경상,승용,남,45세,경상
2017040300100377,2017년 4월 3일 16시,월요일,전라남도 목포시 연산동,경상사고,0,0,1,0,차대차 - 측면충돌,안전운전불이행,건조,맑음,교차로 - 교차로부근,이륜,남,56세,상해없음,승용,남,47세,경상
2017040300100378,2017년 4월 3일 16시,월요일,전라남도 나주시 성북동,경상사고,0,0,2,0,차대차 - 기타,신호위반,건조,맑음,교차로 - 교차로안,화물,남,62세,상해없음,화물,남,31세,경상
2017040300100379,2017년 4월 3일 16시,월요일,전라남도 완도군 완도읍,경상사고,0,0,1,0,차대차 - 측면충돌,중앙선침범,건조,맑음,교차로 - 교차로안,승합,남,26세,상해없음,화물,남,40세,경상
2017040300100417,2017년 4월 3일 17시,월요일,전라남도 나주시 금천면,경상사고,0,0,4,0,차대차 - 기타,차로위반,건조,맑음,단일로 - 기타,승용,남,66세,경상,승용,남,22세,경상
2017040300100418,2017년 4월 3일 17시,월요일,전라남도 영암군 영암읍,중상사고,0,1,0,0,차대차 - 정면충돌,안전운전불이행,건조,맑음,교차로 - 교차로안,화물,남,72세,상해없음,원동기,남,74세,중상
2017040300100419,2017년 4월 3일 17시,월요일,전라남도 광양시 중동,경상사고,0,0,1,0,차대사람 - 횡단중,신호위반,건조,맑음,교차로 - 교차로횡단보도내,승용,여,35세,상해없음,보행자,남,17세,경상
2017040300100456,2017년 4월 3일 18시,월요일,전라남도 영광군 불갑면,경상사고,0,0,2,0,차대차 - 측면충돌,기타,건조,맑음,교차로 - 교차로안,화물,남,60세,상해없음,승용,남,54세,상해없음
2017040300100457,2017년 4월 3일 18시,월요일,전라남도 무안군 현경면,경상사고,0,0,2,0,차대차 - 측면충돌,안전운전불이행,건조,맑음,단일로 - 기타,승용,여,65세,경상,승용,여,49세,상해없음
2017040300100492,2017년 4월 3일 19시,월요일,전라남도 여수시 봉계동,경상사고,0,0,1,0,차대사람 - 길가장자리구역통행중,안전운전불이행,건조,맑음,단일로 - 기타,승용,여,46세,상해없음,보행자,여,33세,경상
2017040300100493,2017년 4월 3일 19시,월요일,전라남도 영광군 군남면,경상사고,0,0,1,0,차량단독 - 전도전복 - 전도,안전운전불이행,건조,맑음,단일로 - 기타,원동기,남,62세,경상,,,,
2017040300100494,2017년 4월 3일 19시,월요일,전라남도 광양시 광양읍,경상사고,0,0,1,0,차대차 - 측면충돌,교차로운행방법위반,건조,맑음,교차로 - 교차로안,승용,남,42세,상해없음,원동기,남,68세,상해없음
2017040300100536,2017년 4월 3일 20시,월요일,전라남도 목포시 옥암동,경상사고,0,0,1,0,차대사람 - 기타,안전운전불이행,건조,맑음,주차장 - 주차장,승용,남,35세,상해없음,보행자,남,57세,경상
2017040300100537,2017년 4월 3일 20시,월요일,전라남도 순천시 연향동,중상사고,0,1,0,0,차대차 - 측면충돌,안전거리미확보,건조,맑음,교차로 - 교차로부근,원동기,남,16세,상해없음,승용,남,42세,상해없음
2017040300100538,2017년 4월 3일 20시,월요일,전라남도 무안군 무안읍,중상사고,0,2,5,0,차대차 - 기타,중앙선침범,건조,맑음,단일로 - 기타,승용,남,74세,중상,승합,남,48세,경상
2017040300100559,2017년 4월 3일 21시,월요일,전라남도 여수시 학동,경상사고,0,0,3,0,차대차 - 추돌,안전운전불이행,건조,맑음,단일로 - 기타,승용,남,61세,경상,승용,남,37세,경상
2017040300100560,2017년 4월 3일 21시,월요일,전라남도 여수시 화장동,경상사고,0,0,1,0,차대차 - 측면충돌,교차로운행방법위반,건조,맑음,교차로 - 교차로안,승용,남,32세,기타불명,승용,남,56세,경상
2017040300100561,2017년 4월 3일 21시,월요일,전라남도 강진군 신전면,경상사고,0,0,1,0,차대차 - 기타,안전운전불이행,건조,맑음,단일로 - 기타,화물,남,41세,상해없음,화물,남,36세,경상
2017040400100025,2017년 4월 4일 01시,화요일,전라남도 순천시 연향동,부상신고사고,0,0,0,1,차대차 - 측면충돌,안전거리미확보,건조,맑음,교차로 - 교차로부근,승용,남,26세,부상신고,특수,남,61세,상해없음
2017040400100057,2017년 4월 4일 06시,화요일,전라남도 나주시 남평읍,경상사고,0,0,2,0,차대차 - 기타,신호위반,건조,맑음,교차로 - 교차로안,승용,남,66세,경상,화물,남,52세,경상
2017040400100071,2017년 4월 4일 07시,화요일,전라남도 광양시 중동,경상사고,0,0,1,0,차대차 - 측면충돌,신호위반,건조,맑음,교차로 - 교차로안,승합,남,33세,상해없음,승용,남,29세,경상
2017040400100113,2017년 4월 4일 08시,화요일,전라남도 여수시 오림동,경상사고,0,0,1,0,차대차 - 측면충돌,안전운전불이행,건조,맑음,교차로 - 교차로안,승용,남,64세,상해없음,자전거,남,51세,경상
2017040400100114,2017년 4월 4일 08시,화요일,전라남도 나주시 이창동,경상사고,0,0,2,0,차대차 - 기타,신호위반,건조,맑음,교차로 - 교차로안,화물,남,75세,경상,승용,남,75세,경상
2017040400100115,2017년 4월 4일 08시,화요일,전라남도 무안군 삼향읍,경상사고,0,0,3,0,차대차 - 측면충돌,신호위반,건조,맑음,교차로 - 교차로안,승용,남,57세,경상,승용,여,50세,경상
2017040400100116,2017년 4월 4일 08시,화요일,전라남도 무안군 청계면,경상사고,0,0,2,0,차대차 - 기타,불법유턴,건조,맑음,교차로 - 교차로안,승용,남,68세,상해없음,승용,남,22세,경상
2017040400100174,2017년 4월 4일 10시,화요일,전라남도 강진군 강진읍,경상사고,0,0,2,0,차대차 - 측면충돌,직진우회전진행방해,건조,맑음,교차로 - 교차로안,화물,남,71세,상해없음,화물,남,67세,경상
2017040400100220,2017년 4월 4일 12시,화요일,전라남도 무안군 일로읍,중상사고,0,2,2,0,차대차 - 추돌,안전운전불이행,건조,맑음,단일로 - 기타,화물,남,46세,상해없음,승용,남,58세,중상
2017040400100221,2017년 4월 4일 12시,화요일,전라남도 신안군 지도읍,경상사고,0,0,1,0,차대차 - 정면충돌,중앙선침범,건조,맑음,교차로 - 교차로부근,화물,남,50세,상해없음,승용,여,51세,경상
2017040400100222,2017년 4월 4일 12시,화요일,전라남도 화순군 화순읍,경상사고,0,0,2,1,차대차 - 추돌,안전운전불이행,건조,맑음,단일로 - 터널,승용,여,25세,부상신고,화물,남,46세,경상
2017040400100253,2017년 4월 4일 13시,화요일,전라남도 장흥군 대덕읍,경상사고,0,0,1,0,차량단독 - 공작물충돌,안전운전불이행,건조,맑음,단일로 - 기타,화물,남,65세,경상,,,,
2017040400100254,2017년 4월 4일 13시,화요일,전라남도 고흥군 과역면,중상사고,0,1,0,0,차대차 - 측면충돌,교차로운행방법위반,건조,맑음,교차로 - 교차로안,화물,남,72세,중상,승용,남,54세,상해없음
2017040400100255,2017년 4월 4일 13시,화요일,전라남도 영암군 덕진면,중상사고,0,1,1,0,차대차 - 측면충돌,신호위반,건조,맑음,교차로 - 교차로안,승용,남,69세,상해없음,승용,남,59세,중상
2017040400100281,2017년 4월 4일 14시,화요일,전라남도 목포시 수강동2가,경상사고,0,0,2,0,차대차 - 기타,안전운전불이행,건조,맑음,단일로 - 기타,승용,남,69세,상해없음,화물,남,27세,경상
2017040400100305,2017년 4월 4일 15시,화요일,전라남도 함평군 함평읍,경상사고,0,0,2,0,차대사람 - 길가장자리구역통행중,안전운전불이행,건조,맑음,단일로 - 기타,승용,남,26세,상해없음,보행자,여,27세,경상
2017040400100341,2017년 4월 4일 16시,화요일,전라남도 고흥군 동강면,경상사고,0,0,1,0,차대차 - 측면충돌,교차로운행방법위반,건조,맑음,교차로 - 교차로안,화물,남,58세,상해없음,승용,남,51세,경상
2017040400100378,2017년 4월 4일 17시,화요일,전라남도 목포시 동명동,경상사고,0,0,1,0,차대사람 - 기타,안전운전불이행,건조,맑음,기타 - 기타,승용,남,74세,상해없음,보행자,여,61세,경상
2017040400100400,2017년 4월 4일 18시,화요일,전라남도 무안군 해제면,경상사고,0,0,4,0,차대차 - 추돌,안전운전불이행,건조,흐림,단일로 - 기타,승용,남,47세,경상,화물,남,58세,경상
2017040400100443,2017년 4월 4일 20시,화요일,전라남도 해남군 황산면,경상사고,0,0,1,0,차량단독 - 전도전복,안전운전불이행,젖음/습기,안개,단일로 - 기타,화물,남,59세,경상,미분류,미분류,미분류,미분류
2017040400100444,2017년 4월 4일 20시,화요일,전라남도 곡성군 옥과면,경상사고,0,0,1,0,차대차 - 측면충돌,직진우회전진행방해,건조,맑음,교차로 - 교차로안,승용,남,49세,상해없음,승용,여,60세,경상
2017040400100474,2017년 4월 4일 21시,화요일,전라남도 광양시 중동,경상사고,0,0,1,0,차대사람 - 횡단중,안전운전불이행,건조,맑음,교차로 - 교차로부근,기타불명,기타불명,미분류,기타불명,보행자,여,34세,경상
2017040500100074,2017년 4월 5일 05시,수요일,전라남도 목포시 산정동,중상사고,0,1,0,0,차대사람 - 횡단중,중앙선침범,젖음/습기,비,단일로 - 기타,승용,남,69세,상해없음,보행자,여,68세,중상
2017040500100122,2017년 4월 5일 08시,수요일,전라남도 화순군 화순읍,중상사고,0,7,33,2,차대차 - 측면충돌,안전거리미확보,건조,맑음,단일로 - 기타,승용,여,54세,상해없음,승합,남,69세,부상신고
2017040500100168,2017년 4월 5일 10시,수요일,전라남도 목포시 상동,중상사고,0,1,1,0,차대차 - 측면충돌,신호위반,젖음/습기,비,교차로 - 교차로안,승용,남,64세,상해없음,승용,남,55세,중상
2017040500100169,2017년 4월 5일 10시,수요일,전라남도 순천시 연향동,중상사고,0,1,0,0,차대사람 - 횡단중,중앙선침범,젖음/습기,비,단일로 - 기타,화물,남,41세,상해없음,보행자,남,66세,중상
2017040500100170,2017년 4월 5일 10시,수요일,전라남도 장흥군 안양면,경상사고,0,0,1,0,차대차 - 측면충돌,중앙선침범,젖음/습기,비,단일로 - 기타,화물,남,72세,경상,화물,남,50세,상해없음
2017040500100215,2017년 4월 5일 12시,수요일,전라남도 화순군 화순읍,중상사고,0,1,1,1,차대차 - 측면충돌,안전운전불이행,젖음/습기,비,단일로 - 기타,화물,남,62세,부상신고,승용,남,23세,중상
2017040500100273,2017년 4월 5일 14시,수요일,전라남도 목포시 호남동,경상사고,0,0,1,0,차대차 - 추돌,안전거리미확보,젖음/습기,비,교차로 - 교차로안,화물,남,50세,상해없음,승용,여,40세,상해없음
2017040500100274,2017년 4월 5일 14시,수요일,전라남도 목포시 산정동,경상사고,0,0,1,0,차대차 - 측면충돌,안전운전불이행,젖음/습기,비,교차로 - 교차로부근,화물,남,60세,상해없음,화물,남,53세,경상
2017040500100275,2017년 4월 5일 14시,수요일,전라남도 여수시 안산동,경상사고,0,0,1,0,차량단독 - 공작물충돌,안전운전불이행,젖음/습기,비,교차로 - 교차로안,화물,남,65세,경상,,,,
2017040500100276,2017년 4월 5일 14시,수요일,전라남도 영광군 묘량면,사망사고,1,0,0,0,차대차 - 측면충돌,교차로운행방법위반,젖음/습기,비,교차로 - 교차로안,승용,여,55세,상해없음,자전거,남,90세 이상,사망
2017040500100277,2017년 4월 5일 14시,수요일,전라남도 영광군 영광읍,경상사고,0,0,1,0,차대차 - 측면충돌,안전운전불이행,젖음/습기,비,단일로 - 기타,화물,남,57세,상해없음,승용,여,43세,경상
2017040500100305,2017년 4월 5일 15시,수요일,전라남도 여수시 돌산읍,경상사고,0,0,3,0,차대차 - 측면충돌,교차로운행방법위반,젖음/습기,비,교차로 - 교차로안,화물,남,32세,경상,승용,여,46세,경상
2017040500100306,2017년 4월 5일 15시,수요일,전라남도 여수시 웅천동,경상사고,0,0,1,0,차대차 - 측면충돌,차로위반,건조,맑음,단일로 - 터널,건설기계,남,36세,상해없음,승용,여,43세,경상
2017040500100307,2017년 4월 5일 15시,수요일,전라남도 곡성군 삼기면,경상사고,0,0,1,0,차량단독 - 전도전복 - 전도,안전운전불이행,젖음/습기,비,단일로 - 기타,승용,남,65세,상해없음,,,,
2017040500100342,2017년 4월 5일 16시,수요일,전라남도 목포시 상동,경상사고,0,0,2,0,차대차 - 측면충돌,안전운전불이행,젖음/습기,비,교차로 - 교차로부근,이륜,남,19세,경상,승용,남,44세,경상
2017040500100343,2017년 4월 5일 16시,수요일,전라남도 여수시 학동,중상사고,0,1,0,0,차대사람 - 기타,안전운전불이행,건조,맑음,교차로 - 교차로부근,승용,여,53세,상해없음,보행자,여,67세,중상
2017040500100344,2017년 4월 5일 16시,수요일,전라남도 나주시 남평읍,경상사고,0,0,1,0,차대사람 - 횡단중,안전운전불이행,건조,맑음,교차로 - 교차로안,화물,남,52세,상해없음,보행자,여,15세,경상
2017040500100379,2017년 4월 5일 17시,수요일,전라남도 목포시 상동,경상사고,0,0,1,0,차대차 - 정면충돌,신호위반,젖음/습기,비,교차로 - 교차로안,승용,남,32세,상해없음,승용,여,36세,경상
2017040500100380,2017년 4월 5일 17시,수요일,전라남도 나주시 빛가람동,경상사고,0,0,4,1,차대차 - 측면충돌,교차로운행방법위반,건조,맑음,교차로 - 교차로안,승용,남,40세,부상신고,승용,여,34세,경상
2017040500100381,2017년 4월 5일 17시,수요일,전라남도 장흥군 장흥읍,경상사고,0,0,1,0,차대차 - 측면충돌,안전운전불이행,젖음/습기,비,교차로 - 교차로안,화물,남,69세,상해없음,승용,여,51세,경상
2017040500100382,2017년 4월 5일 17시,수요일,전라남도 진도군 군내면,경상사고,0,0,1,0,차량단독 - 공작물충돌,안전운전불이행,젖음/습기,비,단일로 - 기타,화물,남,40세,경상,,,,
2017040500100428,2017년 4월 5일 18시,수요일,전라남도 순천시 석현동,경상사고,0,0,2,0,차대차 - 측면충돌,직진우회전진행방해,젖음/습기,비,교차로 - 교차로안,승용,여,38세,경상,승용,여,33세,경상
2017040500100429,2017년 4월 5일 18시,수요일,전라남도 광양시 광양읍,경상사고,0,0,2,0,차대차 - 추돌,안전운전불이행,젖음/습기,비,단일로 - 기타,화물,남,66세,상해없음,승용,남,48세,경상
2017040500100482,2017년 4월 5일 19시,수요일,전라남도 여수시 공화동,중상사고,0,1,0,0,차대사람 - 횡단중,안전운전불이행,젖음/습기,비,교차로 - 교차로안,화물,남,33세,상해없음,보행자,여,72세,중상
2017040500100483,2017년 4월 5일 19시,수요일,전라남도 광양시 봉강면,부상신고사고,0,0,0,1,차량단독 - 전도전복 - 전도,안전운전불이행,젖음/습기,비,단일로 - 기타,승용,남,43세,부상신고,,,,
2017040500100535,2017년 4월 5일 20시,수요일,전라남도 여수시 여천동,경상사고,0,0,2,0,차대차 - 측면충돌,교차로운행방법위반,젖음/습기,비,교차로 - 교차로안,승용,남,81세,상해없음,승용,남,32세,경상
2017040500100536,2017년 4월 5일 20시,수요일,전라남도 여수시 연등동,중상사고,0,1,0,0,차대사람 - 횡단중,안전운전불이행,젖음/습기,비,단일로 - 기타,승용,남,53세,상해없음,보행자,여,14세,중상
2017040500100537,2017년 4월 5일 20시,수요일,전라남도 여수시 충무동,경상사고,0,0,1,0,차대차 - 측면충돌,안전운전불이행,젖음/습기,비,단일로 - 기타,화물,남,56세,상해없음,승용,여,24세,경상
2017040500100538,2017년 4월 5일 20시,수요일,전라남도 순천시 연향동,중상사고,0,1,0,0,차대사람 - 횡단중,보행자보호의무위반,젖음/습기,비,교차로 - 교차로횡단보도내,승용,남,59세,상해없음,보행자,여,45세,중상
2017040500100584,2017년 4월 5일 21시,수요일,전라남도 여수시 여서동,경상사고,0,0,2,0,차대차 - 측면충돌,교차로운행방법위반,젖음/습기,비,교차로 - 교차로안,승용,여,24세,상해없음,승용,여,53세,경상
2017040500100646,2017년 4월 5일 22시,수요일,전라남도 목포시 상동,경상사고,0,0,3,0,차대차 - 측면충돌,안전운전불이행,젖음/습기,비,교차로 - 교차로부근,승용,여,34세,상해없음,승용,남,40세,경상
2017040500100647,2017년 4월 5일 22시,수요일,전라남도 여수시 학동,경상사고,0,0,2,0,차대차 - 측면충돌,안전거리미확보,건조,맑음,교차로 - 교차로부근,승용,남,57세,경상,승용,남,30세,경상
2017040500100648,2017년 4월 5일 22시,수요일,전라남도 순천시 해룡면,경상사고,0,0,1,0,차대차 - 측면충돌,교차로운행방법위반,젖음/습기,비,교차로 - 교차로안,승용,남,46세,상해없음,승용,남,57세,경상
2017040500100691,2017년 4월 5일 23시,수요일,전라남도 목포시 대성동,중상사고,0,1,0,0,차대차 - 추돌,안전운전불이행,젖음/습기,비,교차로 - 교차로부근,승용,남,25세,중상,승용,남,63세,상해없음
2017040500100692,2017년 4월 5일 23시,수요일,전라남도 순천시 덕월동,중상사고,0,1,0,0,차대차 - 측면충돌,신호위반,젖음/습기,비,교차로 - 교차로안,승용,남,22세,상해없음,화물,남,68세,중상
2017040500100693,2017년 4월 5일 23시,수요일,전라남도 순천시 조례동,경상사고,0,0,1,0,차대차 - 추돌,안전운전불이행,젖음/습기,맑음,단일로 - 기타,승용,여,48세,상해없음,승용,여,39세,경상
2017040500100694,2017년 4월 5일 23시,수요일,전라남도 장성군 동화면,중상사고,0,1,0,0,차량단독 - 전도전복 - 전도,안전운전불이행,젖음/습기,비,단일로 - 기타,승용,남,23세,중상,,,,
2017040500100695,2017년 4월 5일 23시,수요일,전라남도 광양시 광양읍,경상사고,0,0,3,0,차대차 - 측면충돌,안전거리미확보,젖음/습기,비,단일로 - 기타,승합,여,40세,상해없음,승용,남,59세,경상
2017040600100038,2017년 4월 6일 00시,목요일,전라남도 광양시 금호동,중상사고,0,1,0,0,차량단독 - 공작물충돌,안전운전불이행,젖음/습기,비,교차로 - 교차로안,승용,남,43세,중상,,,,
2017040600100079,2017년 4월 6일 02시,목요일,전라남도 목포시 산정동,경상사고,0,0,1,0,차대사람 - 길가장자리구역통행중,안전운전불이행,젖음/습기,흐림,단일로 - 기타,기타불명,기타불명,미분류,기타불명,보행자,남,19세,경상
2017040600100080,2017년 4월 6일 02시,목요일,전라남도 순천시 연향동,경상사고,0,0,4,0,차대차 - 추돌,안전운전불이행,젖음/습기,비,단일로 - 기타,승용,남,33세,상해없음,승용,남,28세,경상
2017040600100133,2017년 4월 6일 06시,목요일,전라남도 순천시 조곡동,경상사고,0,0,1,0,차대차 - 추돌,안전운전불이행,젖음/습기,비,교차로 - 교차로부근,승용,남,66세,상해없음,승용,남,64세,경상
2017040600100154,2017년 4월 6일 07시,목요일,전라남도 목포시 대의동3가,중상사고,0,1,0,0,차대사람 - 차도통행중,안전운전불이행,젖음/습기,흐림,교차로 - 교차로부근,화물,남,38세,상해없음,보행자,여,65세,중상
2017040600100185,2017년 4월 6일 08시,목요일,전라남도 여수시 안산동,경상사고,0,0,1,0,차대차 - 추돌,안전운전불이행,건조,맑음,교차로 - 교차로안,승용,여,34세,상해없음,승용,여,45세,상해없음
2017040600100213,2017년 4월 6일 09시,목요일,전라남도 목포시 산정동,경상사고,0,0,2,1,차대차 - 측면충돌,교차로운행방법위반,건조,맑음,교차로 - 교차로안,승용,남,33세,부상신고,승용,여,44세,경상
2017040600100214,2017년 4월 6일 09시,목요일,전라남도 광양시 광양읍,경상사고,0,0,1,0,차대차 - 후진중충돌,안전운전불이행,젖음/습기,비,단일로 - 기타,화물,남,44세,상해없음,승용,여,53세,경상
2017040600100215,2017년 4월 6일 09시,목요일,전라남도 구례군 구례읍,중상사고,0,2,2,0,차대차 - 측면충돌,교차로운행방법위반,건조,맑음,교차로 - 교차로부근,승합,남,71세,경상,화물,남,50세,경상
2017040600100243,2017년 4월 6일 10시,목요일,전라남도 순천시 인월동,중상사고,0,1,0,0,차대차 - 추돌,안전거리미확보,건조,맑음,교차로 - 교차로부근,화물,남,39세,상해없음,승용,여,35세,중상
2017040600100264,2017년 4월 6일 11시,목요일,전라남도 목포시 상동,경상사고,0,0,1,0,차대차 - 기타,직진우회전진행방해,건조,맑음,교차로 - 교차로안,승용,남,37세,상해없음,이륜,남,79세,경상
2017040600100265,2017년 4월 6일 11시,목요일,전라남도 순천시 인제동,중상사고,0,1,2,0,차대차 - 측면충돌,중앙선침범,젖음/습기,비,단일로 - 기타,승용,남,50세,상해없음,승용,남,49세,상해없음
2017040600100266,2017년 4월 6일 11시,목요일,전라남도 장흥군 용산면,중상사고,0,1,0,0,차대차 - 기타,안전운전불이행,젖음/습기,맑음,단일로 - 기타,승용,남,63세,상해없음,원동기,남,72세,중상
2017040600100267,2017년 4월 6일 11시,목요일,전라남도 완도군 완도읍,경상사고,0,0,2,0,차대차 - 추돌,안전운전불이행,건조,맑음,교차로 - 교차로부근,화물,남,48세,상해없음,승용,여,62세,경상
2017040600100286,2017년 4월 6일 12시,목요일,전라남도 신안군 압해읍,중상사고,0,2,1,0,차대차 - 정면충돌,중앙선침범,건조,맑음,단일로 - 기타,화물,남,68세,중상,화물,남,60세,중상
2017040600100287,2017년 4월 6일 12시,목요일,전라남도 해남군 해남읍,중상사고,0,2,0,0,차대차 - 측면충돌,교차로운행방법위반,젖음/습기,비,교차로 - 교차로안,승용,여,32세,상해없음,승용,남,76세,중상
2017040600100288,2017년 4월 6일 12시,목요일,전라남도 해남군 해남읍,경상사고,0,0,1,0,차대차 - 측면충돌,직진우회전진행방해,젖음/습기,비,교차로 - 교차로안,화물,남,38세,상해없음,승용,남,44세,경상
2017040600100289,2017년 4월 6일 12시,목요일,전라남도 해남군 해남읍,경상사고,0,0,1,0,차대차 - 측면충돌,안전운전불이행,젖음/습기,비,기타 - 기타,승합,남,62세,상해없음,화물,남,58세,경상
2017040600100290,2017년 4월 6일 12시,목요일,전라남도 함평군 함평읍,부상신고사고,0,0,0,1,차량단독 - 전도전복,안전운전불이행,젖음/습기,비,단일로 - 기타,이륜,여,67세,부상신고,미분류,미분류,미분류,미분류