사고번호,사고일시,요일,시군구,사고내용,사망자수,중상자수,경상자수,부상신고자수,사고유형,법규위반,노면상태,기상상태,도로형태,가해운전자 차종,가해운전자 성별,가해운전자 연령,가해운전자 상해정도,피해운전자 차종,피해운전자 성별,피해운전자 연령,피해운전자 상해정도
2017040600100374,2017년 4월 6일 15시,목요일,전라남도 목포시 옥암동,경상사고,0,0,2,0,차대차 - 기타,안전운전불이행,건조,맑음,교차로 - 교차로안,승용,남,23세,경상,승용,남,64세,경상
2017040600100375,2017년 4월 6일 15시,목요일,전라남도 여수시 선원동,경상사고,0,0,2,0,차대차 - 정면충돌,안전운전불이행,젖음/습기,흐림,교차로 - 교차로안,승용,남,24세,상해없음,승용,남,59세,경상
2017040600100376,2017년 4월 6일 15시,목요일,전라남도 순천시 해룡면,경상사고,0,0,2,0,차대차 - 정면충돌,안전운전불이행,건조,맑음,단일로 - 기타,승용,남,51세,경상,승용,여,35세,경상
2017040600100400,2017년 4월 6일 16시,목요일,전라남도 목포시 용해동,경상사고,0,0,1,0,차대차 - 기타,안전운전불이행,건조,맑음,교차로 - 교차로부근,승용,여,54세,상해없음,화물,남,33세,경상
2017040600100436,2017년 4월 6일 17시,목요일,전라남도 순천시 저전동,경상사고,0,0,1,0,차대차 - 추돌,안전운전불이행,건조,맑음,단일로 - 기타,승용,남,67세,상해없음,승용,남,45세,경상
2017040600100505,2017년 4월 6일 19시,목요일,전라남도 목포시 용당동,부상신고사고,0,0,0,1,차대사람 - 기타,안전운전불이행,건조,기타,단일로 - 기타,기타불명,기타불명,미분류,기타불명,보행자,남,23세,부상신고
2017040600100506,2017년 4월 6일 19시,목요일,전라남도 나주시 공산면,경상사고,0,0,1,0,차대차 - 측면충돌,신호위반,건조,맑음,교차로 - 교차로안,농기계,남,67세,상해없음,승용,남,71세,경상
2017040600100586,2017년 4월 6일 22시,목요일,전라남도 광양시 옥곡면,경상사고,0,0,1,0,차량단독 - 공작물충돌,안전운전불이행,건조,맑음,교차로 - 교차로안,승용,남,51세,경상,,,,
2017040700100026,2017년 4월 7일 00시,금요일,전라남도 여수시 여서동,중상사고,0,1,0,0,차대차 - 기타,안전운전불이행,건조,맑음,단일로 - 기타,승용,남,66세,상해없음,승용,남,51세,중상
2017040700100043,2017년 4월 7일 02시,금요일,전라남도 순천시 연향동,중상사고,0,1,1,0,차대차 - 기타,교차로운행방법위반,건조,맑음,교차로 - 교차로안,이륜,남,17세,경상,승용,남,52세,상해없음
2017040700100066,2017년 4월 7일 05시,금요일,전라남도 강진군 칠량면,사망사고,1,0,0,0,차대사람 - 차도통행중,안전운전불이행,건조,맑음,교차로 - 교차로부근,승용,남,45세,상해없음,보행자,남,77세,사망
2017040700100091,2017년 4월 7일 07시,금요일,전라남도 여수시 화장동,경상사고,0,0,1,0,차대차 - 정면충돌,안전운전불이행,건조,맑음,단일로 - 기타,승용,남,24세,상해없음,승용,남,25세,경상
2017040700100119,2017년 4월 7일 08시,금요일,전라남도 해남군 산이면,경상사고,0,0,1,0,차대차 - 측면충돌,중앙선침범,건조,맑음,단일로 - 기타,이륜,남,74세,경상,승용,여,35세,상해없음
2017040700100120,2017년 4월 7일 08시,금요일,전라남도 영암군 군서면,중상사고,0,1,0,0,차대차 - 추돌,안전운전불이행,건조,흐림,단일로 - 기타,승용,여,64세,상해없음,원동기,남,84세,중상
2017040700100156,2017년 4월 7일 09시,금요일,전라남도 순천시 별량면,중상사고,0,1,0,0,차대차 - 기타,직진우회전진행방해,건조,맑음,교차로 - 교차로안,화물,남,56세,상해없음,원동기,남,90세 이상,중상
2017040700100157,2017년 4월 7일 09시,금요일,전라남도 고흥군 점암면,중상사고,0,1,1,0,차대차 - 정면충돌,중앙선침범,건조,맑음,단일로 - 기타,승용,남,37세,상해없음,승용,남,58세,중상
2017040700100187,2017년 4월 7일 10시,금요일,전라남도 나주시 이창동,경상사고,0,0,1,0,차대사람 - 차도통행중,안전운전불이행,건조,맑음,교차로 - 교차로부근,기타불명,기타불명,미분류,기타불명,보행자,남,69세,경상
2017040700100216,2017년 4월 7일 11시,금요일,전라남도 장흥군 장흥읍,경상사고,0,0,1,0,차대차 - 추돌,안전운전불이행,건조,맑음,교차로 - 교차로안,승용,남,65세,상해없음,원동기,남,82세,경상
2017040700100217,2017년 4월 7일 11시,금요일,전라남도 영암군 신북면,경상사고,0,0,2,0,차대차 - 측면충돌,안전운전불이행,건조,맑음,교차로 - 교차로부근,승용,남,62세,상해없음,승용,여,32세,경상
2017040700100252,2017년 4월 7일 12시,금요일,전라남도 목포시 대양동,중상사고,0,1,0,0,차대사람 - 횡단중,안전운전불이행,건조,맑음,단일로 - 기타,화물,남,32세,상해없음,보행자,여,65세,중상
2017040700100253,2017년 4월 7일 12시,금요일,전라남도 장성군 삼계면,경상사고,0,0,2,0,차대차 - 측면충돌,안전운전불이행,건조,맑음,교차로 - 교차로안,승용,남,30세,경상,승용,남,48세,경상
2017040700100318,2017년 4월 7일 14시,금요일,전라남도 나주시 이창동,경상사고,0,0,1,0,차대차 - 측면충돌,직진우회전진행방해,건조,맑음,교차로 - 교차로안,화물,남,55세,상해없음,화물,남,45세,경상
2017040700100354,2017년 4월 7일 15시,금요일,전라남도 목포시 석현동,경상사고,0,0,1,0,차대차 - 측면충돌,신호위반,건조,맑음,교차로 - 교차로안,승용,남,59세,상해없음,승용,여,51세,경상
2017040700100355,2017년 4월 7일 15시,금요일,전라남도 순천시 동외동,경상사고,0,0,5,0,차대차 - 추돌,안전운전불이행,건조,맑음,단일로 - 기타,승용,남,60세,상해없음,승용,남,46세,경상
2017040700100388,2017년 4월 7일 16시,금요일,전라남도 함평군 함평읍,경상사고,0,0,2,0,차대차 - 측면충돌,안전운전불이행,건조,맑음,단일로 - 기타,승용,여,60세,상해없음,화물,남,44세,경상
2017040700100389,2017년 4월 7일 16시,금요일,전라남도 영암군 군서면,중상사고,0,1,0,0,차대차 - 측면충돌,안전운전불이행,건조,맑음,교차로 - 교차로안,이륜,남,77세,중상,승용,남,50세,상해없음
2017040700100390,2017년 4월 7일 16시,금요일,전라남도 영암군 군서면,경상사고,0,0,2,0,차대차 - 기타,안전운전불이행,건조,맑음,주차장 - 주차장,승용,남,75세,경상,화물,남,66세,상해없음
2017040700100391,2017년 4월 7일 16시,금요일,전라남도 담양군 무정면,경상사고,0,0,1,0,차대차 - 측면충돌,안전운전불이행,건조,맑음,단일로 - 기타,농기계,남,65세,상해없음,승용,남,76세,경상
2017040700100419,2017년 4월 7일 17시,금요일,전라남도 영암군 학산면,경상사고,0,0,2,0,차대차 - 추돌,안전운전불이행,건조,맑음,교차로 - 교차로안,승합,남,48세,상해없음,승용,여,48세,경상
2017040700100420,2017년 4월 7일 17시,금요일,전라남도 장성군 장성읍,경상사고,0,0,1,0,차대사람 - 횡단중,안전운전불이행,건조,맑음,단일로 - 기타,승용,여,75세,상해없음,보행자,남,34세,경상
2017040700100421,2017년 4월 7일 17시,금요일,전라남도 구례군 마산면,중상사고,0,1,0,0,차대차 - 기타,안전거리미확보,건조,맑음,단일로 - 기타,화물,남,65세,상해없음,승용,남,44세,상해없음
2017040700100422,2017년 4월 7일 17시,금요일,전라남도 보성군 겸백면,경상사고,0,0,2,0,차대차 - 기타,안전운전불이행,건조,맑음,단일로 - 기타,화물,남,35세,상해없음,승용,남,59세,경상
2017040700100457,2017년 4월 7일 18시,금요일,전라남도 장성군 삼계면,경상사고,0,0,1,0,차대사람 - 횡단중,안전운전불이행,건조,맑음,단일로 - 기타,승용,남,36세,상해없음,보행자,남,48세,경상
2017040700100507,2017년 4월 7일 19시,금요일,전라남도 순천시 해룡면,부상신고사고,0,0,0,1,차대차 - 기타,교차로운행방법위반,건조,맑음,교차로 - 교차로부근,승용,여,57세,상해없음,자전거,남,9세,부상신고
2017040700100572,2017년 4월 7일 21시,금요일,전라남도 목포시 호남동,경상사고,0,0,1,0,차대사람 - 기타,안전운전불이행,건조,맑음,기타 - 기타,승용,여,44세,상해없음,보행자,여,58세,경상
2017040800100118,2017년 4월 8일 06시,토요일,전라남도 목포시 산정동,중상사고,0,1,0,0,차대사람 - 횡단중,보행자보호의무위반,건조,맑음,교차로 - 교차로횡단보도내,승용,남,25세,상해없음,보행자,남,78세,중상
2017040800100138,2017년 4월 8일 07시,토요일,전라남도 여수시 수정동,경상사고,0,0,1,0,차대차 - 측면충돌,신호위반,건조,맑음,교차로 - 교차로안,이륜,남,71세,경상,승용,여,55세,상해없음
2017040800100162,2017년 4월 8일 08시,토요일,전라남도 신안군 압해읍,경상사고,0,0,1,0,차량단독 - 전도전복 - 전도,안전운전불이행,건조,맑음,단일로 - 기타,원동기,남,55세,경상,,,,
2017040800100163,2017년 4월 8일 08시,토요일,전라남도 목포시 상동,경상사고,0,0,2,0,차대차 - 측면충돌,직진우회전진행방해,건조,맑음,교차로 - 교차로안,승용,여,48세,경상,화물,남,34세,경상
2017040800100164,2017년 4월 8일 08시,토요일,전라남도 순천시 해룡면,경상사고,0,0,1,0,차대사람 - 길가장자리구역통행중,안전운전불이행,건조,맑음,기타 - 기타,승용,남,44세,상해없음,보행자,여,80세,경상
2017040800100178,2017년 4월 8일 09시,토요일,전라남도 나주시 다도면,경상사고,0,0,3,0,차대차 - 측면충돌,중앙선침범,건조,맑음,단일로 - 기타,화물,남,65세,상해없음,승용,남,37세,경상
2017040800100179,2017년 4월 8일 09시,토요일,전라남도 무안군 청계면,경상사고,0,0,1,0,차대차 - 측면충돌,중앙선침범,건조,맑음,단일로 - 기타,승합,남,56세,상해없음,승용,남,31세,경상
2017040800100271,2017년 4월 8일 12시,토요일,전라남도 목포시 상동,중상사고,0,1,1,0,차대차 - 기타,교차로운행방법위반,건조,맑음,교차로 - 교차로부근,승용,남,71세,중상,승용,여,52세,경상
2017040800100272,2017년 4월 8일 12시,토요일,전라남도 영암군 서호면,중상사고,0,1,0,0,차대차 - 기타,안전운전불이행,건조,맑음,교차로 - 교차로부근,화물,여,42세,상해없음,이륜,남,82세,중상
2017040800100273,2017년 4월 8일 12시,토요일,전라남도 장성군 동화면,경상사고,0,0,5,0,차대차 - 측면충돌,안전운전불이행,건조,맑음,교차로 - 교차로안,화물,남,42세,경상,승용,여,43세,경상
2017040800100274,2017년 4월 8일 12시,토요일,전라남도 보성군 겸백면,경상사고,0,0,3,0,차량단독 - 공작물충돌,안전운전불이행,건조,맑음,단일로 - 기타,승용,여,20세,경상,,,,
2017040800100312,2017년 4월 8일 13시,토요일,전라남도 목포시 용해동,경상사고,0,0,1,0,차대차 - 측면충돌,안전운전불이행,건조,맑음,단일로 - 기타,승용,여,41세,상해없음,이륜,남,19세,경상
2017040800100313,2017년 4월 8일 13시,토요일,전라남도 담양군 담양읍,경상사고,0,0,3,0,차대차 - 기타,안전운전불이행,건조,맑음,단일로 - 기타,화물,남,39세,기타불명,승용,여,27세,경상
2017040800100353,2017년 4월 8일 14시,토요일,전라남도 여수시 종화동,경상사고,0,0,1,0,차대사람 - 길가장자리구역통행중,안전운전불이행,건조,맑음,단일로 - 기타,승용,남,66세,기타불명,보행자,여,68세,경상
2017040800100354,2017년 4월 8일 14시,토요일,전라남도 보성군 겸백면,경상사고,0,0,1,0,차대차 - 추돌,안전운전불이행,건조,맑음,단일로 - 터널,승합,남,61세,상해없음,승용,여,41세,경상
2017040800100389,2017년 4월 8일 15시,토요일,전라남도 고흥군 점암면,경상사고,0,0,1,0,차대차 - 기타,안전운전불이행,건조,맑음,단일로 - 기타,자전거,남,8세,경상,승용,남,66세,상해없음
2017040800100390,2017년 4월 8일 15시,토요일,전라남도 화순군 화순읍,경상사고,0,0,1,0,차대사람 - 횡단중,보행자보호의무위반,건조,맑음,단일로 - 기타,승용,여,30세,상해없음,보행자,여,6세,경상
2017040800100432,2017년 4월 8일 16시,토요일,전라남도 목포시 상동,경상사고,0,0,1,0,차대차 - 기타,안전운전불이행,건조,맑음,교차로 - 교차로부근,이륜,남,31세,상해없음,이륜,남,24세,경상
2017040800100433,2017년 4월 8일 16시,토요일,전라남도 목포시 용당동,경상사고,0,0,2,0,차대차 - 기타,안전운전불이행,건조,맑음,단일로 - 기타,승용,남,52세,상해없음,승용,남,38세,경상
2017040800100434,2017년 4월 8일 16시,토요일,전라남도 강진군 강진읍,중상사고,0,1,7,0,차대차 - 측면충돌,신호위반,건조,맑음,교차로 - 교차로안,승합,남,70세,상해없음,승용,여,40세,중상
2017040800100537,2017년 4월 8일 19시,토요일,전라남도 순천시 풍덕동,경상사고,0,0,1,0,차대차 - 측면충돌,안전운전불이행,건조,맑음,단일로 - 기타,원동기,남,24세,경상,승용,여,32세,상해없음
2017040800100572,2017년 4월 8일 20시,토요일,전라남도 순천시 서면,경상사고,0,0,3,0,차대차 - 측면충돌,중앙선침범,건조,맑음,단일로 - 기타,승용,남,56세,상해없음,승용,남,41세,경상
2017040800100573,2017년 4월 8일 20시,토요일,전라남도 담양군 담양읍,경상사고,0,0,1,0,차대차 - 측면충돌,안전운전불이행,건조,맑음,교차로 - 교차로안,승용,여,50세,상해없음,승용,남,54세,상해없음
2017040800100603,2017년 4월 8일 21시,토요일,전라남도 여수시 둔덕동,경상사고,0,0,3,0,차대차 - 측면충돌,교차로운행방법위반,건조,맑음,교차로 - 교차로안,승용,여,60세,상해없음,승용,남,45세,경상
2017040800100626,2017년 4월 8일 22시,토요일,전라남도 목포시 용해동,경상사고,0,0,1,1,차대차 - 기타,안전운전불이행,건조,맑음,교차로 - 교차로안,승용,남,41세,부상신고,승용,남,45세,경상
2017040800100627,2017년 4월 8일 22시,토요일,전라남도 나주시 경현동,경상사고,0,0,1,0,차대사람 - 보도통행중,기타,건조,맑음,단일로 - 기타,승용,여,53세,상해없음,보행자,남,17세,경상
2017040900100021,2017년 4월 9일 00시,일요일,전라남도 장흥군 장평면,경상사고,0,0,1,0,차대차 - 정면충돌,중앙선침범,젖음/습기,안개,단일로 - 기타,승용,남,19세,상해없음,승용,여,43세,경상
2017040900100022,2017년 4월 9일 00시,일요일,전라남도 담양군 고서면,경상사고,0,0,1,0,차대사람 - 기타,중앙선침범,건조,맑음,단일로 - 기타,승용,남,33세,상해없음,보행자,남,50세,경상
2017040900100023,2017년 4월 9일 00시,일요일,전라남도 진도군 지산면,중상사고,0,1,0,0,차량단독 - 공작물충돌,안전운전불이행,건조,흐림,단일로 - 기타,화물,남,56세,중상,,,,
2017040900100065,2017년 4월 9일 02시,일요일,전라남도 여수시 오림동,경상사고,0,0,1,0,차대사람 - 길가장자리구역통행중,안전운전불이행,건조,맑음,교차로 - 교차로안,승용,남,51세,상해없음,보행자,남,22세,경상
2017040900100092,2017년 4월 9일 04시,일요일,전라남도 순천시 조례동,경상사고,0,0,1,0,차대차 - 후진중충돌,안전운전불이행,건조,맑음,단일로 - 기타,승용,남,43세,상해없음,승용,남,58세,상해없음
2017040900100105,2017년 4월 9일 06시,일요일,전라남도 여수시 여서동,중상사고,0,2,0,0,차량단독 - 공작물충돌,교차로운행방법위반,건조,맑음,교차로 - 교차로안,이륜,남,71세,중상,,,,
2017040900100123,2017년 4월 9일 08시,일요일,전라남도 순천시 주암면,경상사고,0,0,1,0,차대차 - 추돌,안전운전불이행,건조,맑음,단일로 - 기타,화물,남,50세,상해없음,화물,남,65세,경상
2017040900100133,2017년 4월 9일 09시,일요일,전라남도 나주시 삼도동,중상사고,0,1,0,0,차대사람 - 길가장자리구역통행중,안전운전불이행,건조,맑음,단일로 - 기타,승용,남,68세,상해없음,보행자,여,85세,중상
2017040900100161,2017년 4월 9일 11시,일요일,전라남도 신안군 지도읍,경상사고,0,0,5,0,차대차 - 기타,안전운전불이행,건조,맑음,단일로 - 기타,화물,남,66세,상해없음,승용,남,68세,경상
2017040900100162,2017년 4월 9일 11시,일요일,전라남도 보성군 회천면,중상사고,0,1,0,0,차대사람 - 횡단중,안전운전불이행,건조,맑음,단일로 - 기타,승용,여,26세,상해없음,보행자,여,3세,중상
2017040900100163,2017년 4월 9일 11시,일요일,전라남도 곡성군 고달면,경상사고,0,0,1,0,차대차 - 기타,안전운전불이행,건조,맑음,단일로 - 기타,승용,남,71세,상해없음,자전거,여,25세,경상
2017040900100194,2017년 4월 9일 12시,일요일,전라남도 고흥군 도양읍,경상사고,0,0,1,0,차대사람 - 기타,안전운전불이행,건조,맑음,단일로 - 기타,승용,남,59세,상해없음,보행자,여,63세,경상
2017040900100219,2017년 4월 9일 13시,일요일,전라남도 여수시 학동,경상사고,0,0,1,0,차대사람 - 길가장자리구역통행중,안전운전불이행,건조,맑음,단일로 - 기타,승용,남,65세,상해없음,보행자,여,53세,경상
2017040900100220,2017년 4월 9일 13시,일요일,전라남도 순천시 송광면,경상사고,0,0,6,0,차대차 - 기타,안전운전불이행,건조,맑음,단일로 - 기타,화물,남,67세,경상,승용,남,45세,경상
2017040900100221,2017년 4월 9일 13시,일요일,전라남도 화순군 화순읍,중상사고,0,1,0,0,차대사람 - 횡단중,안전운전불이행,건조,맑음,단일로 - 기타,승용,여,35세,상해없음,보행자,여,26세,중상
2017040900100246,2017년 4월 9일 14시,일요일,전라남도 순천시 조례동,경상사고,0,0,2,0,차대차 - 측면충돌,직진우회전진행방해,건조,맑음,교차로 - 교차로안,승용,여,23세,경상,승용,남,40세,경상
2017040900100247,2017년 4월 9일 14시,일요일,전라남도 나주시 경현동,경상사고,0,0,1,0,차대사람 - 보도통행중,안전운전불이행,건조,맑음,단일로 - 기타,화물,남,61세,상해없음,보행자,남,47세,경상
2017040900100248,2017년 4월 9일 14시,일요일,전라남도 보성군 문덕면,경상사고,0,0,1,0,차대사람 - 차도통행중,안전운전불이행,건조,맑음,단일로 - 기타,승용,남,68세,상해없음,보행자,여,44세,경상
2017040900100249,2017년 4월 9일 14시,일요일,전라남도 담양군 고서면,경상사고,0,0,2,0,차대차 - 측면충돌,교차로운행방법위반,건조,맑음,교차로 - 교차로안,승합,남,65세,상해없음,승용,남,25세,경상
2017040900100272,2017년 4월 9일 15시,일요일,전라남도 나주시 이창동,경상사고,0,0,1,0,차대차 - 측면충돌,직진우회전진행방해,건조,맑음,교차로 - 교차로안,원동기,남,29세,경상,승용,남,54세,상해없음
2017040900100273,2017년 4월 9일 15시,일요일,전라남도 장흥군 안양면,중상사고,0,1,1,0,차량단독 - 도로외이탈 - 기타,안전운전불이행,건조,맑음,단일로 - 기타,승용,여,54세,경상,,,,
2017040900100274,2017년 4월 9일 15시,일요일,전라남도 해남군 해남읍,경상사고,0,0,1,0,차대사람 - 기타,안전운전불이행,건조,맑음,단일로 - 기타,승용,남,27세,상해없음,보행자,남,66세,경상
2017040900100322,2017년 4월 9일 17시,일요일,전라남도 목포시 상동,경상사고,0,0,1,0,차대차 - 측면충돌,안전운전불이행,건조,맑음,단일로 - 기타,승용,남,35세,상해없음,자전거,남,59세,경상
2017040900100323,2017년 4월 9일 17시,일요일,전라남도 보성군 보성읍,중상사고,0,1,0,1,차대차 - 정면충돌,안전운전불이행,건조,맑음,단일로 - 기타,원동기,남,48세,부상신고,화물,남,51세,상해없음
2017040900100324,2017년 4월 9일 17시,일요일,전라남도 영암군 군서면,경상사고,0,0,1,0,차대차 - 측면충돌,안전운전불이행,건조,맑음,교차로 - 교차로안,화물,남,66세,상해없음,화물,남,58세,경상
2017040900100354,2017년 4월 9일 18시,일요일,전라남도 담양군 고서면,경상사고,0,0,1,0,차대차 - 측면충돌,신호위반,건조,맑음,교차로 - 교차로안,승용,남,58세,상해없음,승용,남,59세,경상
2017040900100383,2017년 4월 9일 19시,일요일,전라남도 여수시 연등동,사망사고,1,0,0,0,차대사람 - 횡단중,과속,건조,맑음,단일로 - 기타,승용,남,61세,상해없음,보행자,남,80세,사망
2017040900100384,2017년 4월 9일 19시,일요일,전라남도 여수시 돌산읍,경상사고,0,0,2,0,차대차 - 추돌,안전운전불이행,건조,맑음,단일로 - 기타,승용,남,60세,상해없음,화물,남,64세,경상
2017040900100410,2017년 4월 9일 20시,일요일,전라남도 순천시 해룡면,중상사고,0,2,0,0,차대차 - 추돌,안전운전불이행,건조,맑음,단일로 - 기타,승용,여,28세,상해없음,승합,남,43세,중상
2017040900100411,2017년 4월 9일 20시,일요일,전라남도 나주시 대호동,경상사고,0,0,1,0,차대차 - 측면충돌,신호위반,건조,맑음,교차로 - 교차로안,승용,여,48세,상해없음,승용,여,54세,경상
2017040900100444,2017년 4월 9일 22시,일요일,전라남도 여수시 문수동,경상사고,0,0,4,0,차대차 - 측면충돌,신호위반,건조,맑음,교차로 - 교차로안,승용,남,57세,경상,승용,여,56세,경상
2017040900100445,2017년 4월 9일 22시,일요일,전라남도 나주시 삼영동,경상사고,0,0,1,0,차대차 - 측면충돌,중앙선침범,건조,맑음,단일로 - 기타,화물,남,42세,상해없음,승용,남,40세,경상
2017040900100461,2017년 4월 9일 23시,일요일,전라남도 여수시 학동,경상사고,0,0,2,0,차대차 - 정면충돌,안전운전불이행,건조,맑음,교차로 - 교차로안,승용,남,50세,상해없음,승용,남,34세,경상
2017041000100045,2017년 4월 10일 01시,월요일,전라남도 여수시 교동,경상사고,0,0,2,0,차대차 - 측면충돌,안전운전불이행,건조,맑음,단일로 - 기타,승용,여,38세,상해없음,승용,남,41세,경상
2017041000100048,2017년 4월 10일 02시,월요일,전라남도 여수시 율촌면,중상사고,0,1,2,0,차대차 - 추돌,안전운전불이행,건조,맑음,단일로 - 터널,승용,남,24세,상해없음,승용,남,52세,경상
2017041000100099,2017년 4월 10일 07시,월요일,전라남도 목포시 상락동2가,경상사고,0,0,1,0,차대차 - 측면충돌,직진우회전진행방해,건조,맑음,교차로 - 교차로안,승용,남,46세,경상,승용,남,46세,상해없음
2017041000100100,2017년 4월 10일 07시,월요일,전라남도 여수시 중앙동,경상사고,0,0,1,0,차대차 - 기타,안전운전불이행,건조,맑음,단일로 - 기타,승용,여,31세,상해없음,승합,남,39세,상해없음
2017041000100131,2017년 4월 10일 08시,월요일,전라남도 고흥군 동강면,중상사고,0,1,0,0,차량단독 - 전도전복 - 전도,안전운전불이행,건조,맑음,단일로 - 기타,이륜,여,74세,중상,,,,
2017041000100289,2017년 4월 10일 13시,월요일,전라남도 장흥군 장흥읍,경상사고,0,0,1,0,차대차 - 측면충돌,안전운전불이행,건조,맑음,교차로 - 교차로부근,승용,남,54세,상해없음,승용,남,78세,경상
2017041000100290,2017년 4월 10일 13시,월요일,전라남도 화순군 능주면,중상사고,0,1,1,0,차대차 - 측면충돌,안전운전불이행,건조,맑음,단일로 - 기타,승용,남,41세,상해없음,화물,여,65세,경상
2017041000100291,2017년 4월 10일 13시,월요일,전라남도 무안군 삼향읍,사망사고,1,2,0,0,차대차 - 정면충돌,기타,건조,맑음,교차로 - 교차로안,화물,남,60세,중상,화물,남,68세,사망
2017041000100324,2017년 4월 10일 14시,월요일,전라남도 여수시 여서동,경상사고,0,0,2,0,차대차 - 측면충돌,안전운전불이행,건조,맑음,교차로 - 교차로안,승용,남,64세,상해없음,승용,여,52세,경상
2017041000100325,2017년 4월 10일 14시,월요일,전라남도 보성군 복내면,중상사고,0,1,0,0,차대차 - 추돌,안전거리미확보,건조,맑음,단일로 - 기타,특수,남,45세,중상,화물,남,51세,상해없음
2017041000100326,2017년 4월 10일 14시,월요일,전라남도 진도군 임회면,중상사고,0,1,0,0,차대차 - 기타,중앙선침범,건조,맑음,단일로 - 기타,승용,남,29세,상해없음,원동기,남,60세,중상
2017041000100366,2017년 4월 10일 15시,월요일,전라남도 목포시 죽교동,경상사고,0,0,1,0,차대차 - 정면충돌,교차로운행방법위반,건조,맑음,교차로 - 교차로안,이륜,남,78세,경상,승용,남,55세,상해없음
2017041000100367,2017년 4월 10일 15시,월요일,전라남도 여수시 학동,중상사고,0,1,0,0,차대사람 - 횡단중,안전운전불이행,건조,맑음,단일로 - 기타,승용,여,33세,상해없음,보행자,여,57세,중상
2017041000100368,2017년 4월 10일 15시,월요일,전라남도 순천시 남정동,사망사고,1,0,0,0,차대사람 - 횡단중,안전운전불이행,건조,맑음,교차로 - 교차로부근,승용,남,70세,상해없음,보행자,여,8세,사망
2017041000100369,2017년 4월 10일 15시,월요일,전라남도 영암군 학산면,중상사고,0,1,0,0,차대차 - 측면충돌,안전운전불이행,건조,맑음,단일로 - 기타,승용,여,56세,상해없음,원동기,남,85세,중상
2017041000100409,2017년 4월 10일 16시,월요일,전라남도 목포시 상동,부상신고사고,0,0,0,1,차대차 - 측면충돌,안전운전불이행,건조,맑음,기타 - 기타,자전거,남,16세,부상신고,기타불명,기타불명,미분류,기타불명
2017041000100410,2017년 4월 10일 16시,월요일,전라남도 장흥군 장흥읍,경상사고,0,0,1,0,차대차 - 측면충돌,안전운전불이행,건조,맑음,교차로 - 교차로부근,승용,여,31세,상해없음,원동기,남,69세,경상
2017041000100450,2017년 4월 10일 17시,월요일,전라남도 여수시 동산동,중상사고,0,1,0,0,차대사람 - 기타,안전운전불이행,건조,맑음,단일로 - 기타,원동기,남,20세,상해없음,보행자,남,13세,중상
2017041000100451,2017년 4월 10일 17시,월요일,전라남도 여수시 돌산읍,경상사고,0,0,2,0,차대차 - 추돌,안전운전불이행,건조,맑음,교차로 - 교차로부근,승용,여,45세,상해없음,승용,남,31세,경상
2017041000100494,2017년 4월 10일 18시,월요일,전라남도 목포시 산정동,경상사고,0,0,1,0,차대차 - 기타,안전운전불이행,건조,맑음,단일로 - 기타,이륜,남,83세,경상,승용,남,47세,상해없음
2017041000100495,2017년 4월 10일 18시,월요일,전라남도 순천시 별량면,경상사고,0,0,2,0,차대차 - 추돌,중앙선침범,건조,맑음,단일로 - 기타,화물,남,52세,상해없음,승용,남,48세,경상
2017041000100520,2017년 4월 10일 19시,월요일,전라남도 목포시 대양동,경상사고,0,0,1,0,차대사람 - 횡단중,보행자보호의무위반,건조,맑음,교차로 - 교차로횡단보도내,승용,남,63세,상해없음,보행자,여,59세,경상
2017041000100521,2017년 4월 10일 19시,월요일,전라남도 순천시 연향동,경상사고,0,0,3,0,차대차 - 추돌,안전운전불이행,건조,맑음,단일로 - 기타,승용,남,34세,상해없음,승용,남,24세,경상
2017041000100608,2017년 4월 10일 22시,월요일,전라남도 목포시 옥암동,경상사고,0,0,1,0,차대사람 - 횡단중,안전운전불이행,건조,맑음,교차로 - 교차로부근,승용,남,27세,상해없음,보행자,여,37세,경상
2017041000100632,2017년 4월 10일 23시,월요일,전라남도 영광군 법성면,중상사고,0,1,0,0,차량단독 - 공작물충돌,안전운전불이행,젖음/습기,비,교차로 - 교차로안,승용,여,39세,중상,,,,
2017041100100018,2017년 4월 11일 00시,화요일,전라남도 여수시 율촌면,경상사고,0,0,2,0,차대차 - 측면충돌,차로위반,젖음/습기,비,단일로 - 교량,승용,남,44세,경상,승용,여,27세,상해없음
2017041100100043,2017년 4월 11일 02시,화요일,전라남도 광양시 중동,경상사고,0,0,1,0,차대사람 - 기타,안전운전불이행,젖음/습기,비,교차로 - 교차로부근,승용,남,32세,상해없음,보행자,남,50세,경상
2017041100100080,2017년 4월 11일 06시,화요일,전라남도 영암군 영암읍,경상사고,0,0,1,0,차량단독 - 기타,안전운전불이행,젖음/습기,비,단일로 - 기타,승용,여,44세,경상,,,,
2017041100100099,2017년 4월 11일 07시,화요일,전라남도 목포시 옥암동,경상사고,0,0,1,0,차대차 - 추돌,안전운전불이행,건조,맑음,단일로 - 기타,승용,여,35세,상해없음,승용,남,38세,경상
2017041100100100,2017년 4월 11일 07시,화요일,전라남도 광양시 금호동,경상사고,0,0,1,0,차대차 - 측면충돌,직진우회전진행방해,젖음/습기,비,교차로 - 교차로안,승용,남,39세,상해없음,승용,여,49세,경상