사고번호,사고일시,요일,시군구,사고내용,사망자수,중상자수,경상자수,부상신고자수,사고유형,법규위반,노면상태,기상상태,도로형태,가해운전자 차종,가해운전자 성별,가해운전자 연령,가해운전자 상해정도,피해운전자 차종,피해운전자 성별,피해운전자 연령,피해운전자 상해정도
2017041100100175,2017년 4월 11일 09시,화요일,전라남도 순천시 동외동,경상사고,0,0,1,0,차대차 - 기타,안전거리미확보,건조,맑음,교차로 - 교차로안,승합,남,71세,상해없음,화물,남,39세,경상
2017041100100176,2017년 4월 11일 09시,화요일,전라남도 영암군 삼호읍,중상사고,0,3,1,0,차대차 - 기타,과속,건조,맑음,단일로 - 기타,승용,남,35세,중상,화물,남,66세,경상
2017041100100177,2017년 4월 11일 09시,화요일,전라남도 장성군 장성읍,경상사고,0,0,1,0,차대차 - 정면충돌,안전운전불이행,건조,맑음,단일로 - 기타,화물,남,62세,상해없음,승용,남,32세,경상
2017041100100209,2017년 4월 11일 10시,화요일,전라남도 장성군 북하면,중상사고,0,3,0,1,차량단독 - 전도전복 - 전도,안전운전불이행,건조,맑음,단일로 - 기타,승용,남,79세,부상신고,,,,
2017041100100210,2017년 4월 11일 10시,화요일,전라남도 담양군 대전면,중상사고,0,1,0,0,차대차 - 측면충돌,신호위반,건조,맑음,교차로 - 교차로안,화물,남,63세,상해없음,화물,남,34세,중상
2017041100100228,2017년 4월 11일 11시,화요일,전라남도 여수시 여서동,경상사고,0,0,1,0,차대차 - 측면충돌,안전거리미확보,건조,맑음,단일로 - 기타,승용,남,30세,상해없음,승용,여,42세,경상
2017041100100229,2017년 4월 11일 11시,화요일,전라남도 나주시 남평읍,경상사고,0,0,1,0,차대차 - 추돌,안전운전불이행,건조,맑음,교차로 - 교차로부근,화물,남,74세,상해없음,화물,남,54세,경상
2017041100100230,2017년 4월 11일 11시,화요일,전라남도 영암군 삼호읍,경상사고,0,0,1,0,차대차 - 측면충돌,신호위반,건조,맑음,교차로 - 교차로안,승용,남,65세,상해없음,승용,남,60세,경상
2017041100100290,2017년 4월 11일 13시,화요일,전라남도 무안군 해제면,경상사고,0,0,1,0,차대차 - 측면충돌,안전운전불이행,건조,맑음,교차로 - 교차로부근,승용,남,24세,상해없음,승용,남,44세,상해없음
2017041100100319,2017년 4월 11일 14시,화요일,전라남도 목포시 상동,경상사고,0,0,1,0,차대사람 - 기타,안전운전불이행,건조,맑음,주차장 - 주차장,승용,남,46세,상해없음,보행자,여,64세,경상
2017041100100320,2017년 4월 11일 14시,화요일,전라남도 순천시 조례동,경상사고,0,0,1,0,차대사람 - 보도통행중,기타,건조,맑음,기타 - 기타,승용,남,63세,상해없음,보행자,여,37세,경상
2017041100100321,2017년 4월 11일 14시,화요일,전라남도 고흥군 영남면,중상사고,0,2,0,0,차대차 - 추돌,안전운전불이행,건조,맑음,단일로 - 기타,화물,남,74세,중상,승용,여,42세,중상
2017041100100322,2017년 4월 11일 14시,화요일,전라남도 화순군 화순읍,경상사고,0,0,1,0,차대차 - 기타,안전운전불이행,건조,맑음,단일로 - 기타,승용,남,73세,상해없음,승용,남,34세,경상
2017041100100348,2017년 4월 11일 15시,화요일,전라남도 목포시 옥암동,경상사고,0,0,1,0,차대사람 - 횡단중,신호위반,건조,맑음,단일로 - 기타,승용,여,46세,상해없음,보행자,남,8세,경상
2017041100100349,2017년 4월 11일 15시,화요일,전라남도 해남군 문내면,중상사고,0,1,0,0,차량단독 - 도로외이탈 - 기타,안전운전불이행,건조,맑음,단일로 - 기타,승용,남,60세,중상,,,,
2017041100100381,2017년 4월 11일 16시,화요일,전라남도 목포시 남교동,경상사고,0,0,1,0,차대사람 - 횡단중,안전운전불이행,건조,맑음,단일로 - 기타,승용,여,52세,상해없음,보행자,남,4세,경상
2017041100100382,2017년 4월 11일 16시,화요일,전라남도 순천시 왕지동,중상사고,0,1,0,0,차대차 - 추돌,안전거리미확보,건조,맑음,교차로 - 교차로안,승용,남,61세,상해없음,승용,여,30세,중상
2017041100100383,2017년 4월 11일 16시,화요일,전라남도 고흥군 동일면,경상사고,0,0,1,0,차대차 - 측면충돌,안전운전불이행,건조,맑음,단일로 - 기타,화물,남,77세,경상,화물,남,47세,상해없음
2017041100100384,2017년 4월 11일 16시,화요일,전라남도 무안군 무안읍,경상사고,0,0,1,0,차대사람 - 횡단중,안전운전불이행,건조,맑음,단일로 - 기타,승용,여,56세,상해없음,보행자,여,47세,경상
2017041100100420,2017년 4월 11일 17시,화요일,전라남도 여수시 학동,경상사고,0,0,3,0,차대차 - 측면충돌,차로위반,건조,맑음,단일로 - 기타,승용,여,53세,기타불명,승용,남,24세,경상
2017041100100421,2017년 4월 11일 17시,화요일,전라남도 나주시 성북동,경상사고,0,0,1,0,차대차 - 측면충돌,신호위반,건조,맑음,교차로 - 교차로안,승용,여,18세,상해없음,승용,여,33세,경상
2017041100100422,2017년 4월 11일 17시,화요일,전라남도 장흥군 대덕읍,경상사고,0,0,1,0,차량단독 - 전도전복,안전운전불이행,건조,맑음,단일로 - 기타,이륜,남,43세,경상,미분류,미분류,미분류,미분류
2017041100100423,2017년 4월 11일 17시,화요일,전라남도 무안군 삼향읍,경상사고,0,0,1,0,차대사람 - 길가장자리구역통행중,안전운전불이행,건조,맑음,단일로 - 기타,승용,여,51세,상해없음,보행자,여,17세,경상
2017041100100424,2017년 4월 11일 17시,화요일,전라남도 광양시 광양읍,경상사고,0,0,1,0,차대사람 - 기타,안전운전불이행,건조,맑음,단일로 - 기타,화물,남,53세,상해없음,보행자,여,6세,경상
2017041100100473,2017년 4월 11일 18시,화요일,전라남도 순천시 인제동,경상사고,0,0,1,0,차대차 - 측면충돌,직진우회전진행방해,건조,맑음,교차로 - 교차로안,원동기,남,75세,경상,승용,남,74세,상해없음
2017041100100512,2017년 4월 11일 19시,화요일,전라남도 목포시 상동,경상사고,0,0,2,0,차대차 - 추돌,안전운전불이행,건조,맑음,단일로 - 기타,승용,남,40세,상해없음,승용,남,31세,경상
2017041100100549,2017년 4월 11일 20시,화요일,전라남도 목포시 산정동,경상사고,0,0,1,0,차대차 - 측면충돌,안전운전불이행,건조,맑음,단일로 - 기타,승용,남,54세,상해없음,이륜,남,36세,경상
2017041100100579,2017년 4월 11일 21시,화요일,전라남도 여수시 웅천동,중상사고,0,1,3,0,차대차 - 정면충돌,교차로운행방법위반,건조,맑음,교차로 - 교차로안,승용,여,33세,경상,승용,남,31세,중상
2017041100100605,2017년 4월 11일 22시,화요일,전라남도 곡성군 겸면,부상신고사고,0,0,0,1,차량단독 - 공작물충돌,안전운전불이행,건조,맑음,교차로 - 교차로안,승용,남,44세,부상신고,,,,
2017041100100633,2017년 4월 11일 23시,화요일,전라남도 목포시 옥암동,경상사고,0,0,2,0,차대차 - 정면충돌,신호위반,건조,맑음,단일로 - 기타,승용,여,24세,상해없음,승용,남,41세,경상
2017041200100042,2017년 4월 12일 01시,수요일,전라남도 순천시 석현동,경상사고,0,0,2,0,차대차 - 측면충돌,신호위반,건조,맑음,교차로 - 교차로안,승용,남,30세,상해없음,승용,남,56세,경상
2017041200100054,2017년 4월 12일 03시,수요일,전라남도 여수시 둔덕동,경상사고,0,0,2,0,차대차 - 추돌,안전운전불이행,건조,맑음,단일로 - 기타,승용,남,59세,상해없음,승용,남,36세,경상
2017041200100084,2017년 4월 12일 07시,수요일,전라남도 광양시 진상면,중상사고,0,1,4,0,차대차 - 추돌,안전거리미확보,건조,맑음,단일로 - 기타,승용,남,59세,경상,승용,여,49세,경상
2017041200100123,2017년 4월 12일 08시,수요일,전라남도 순천시 풍덕동,중상사고,0,1,0,0,차대사람 - 횡단중,보행자보호의무위반,건조,맑음,교차로 - 교차로안,화물,남,34세,상해없음,보행자,남,9세,중상
2017041200100151,2017년 4월 12일 09시,수요일,전라남도 목포시 용당동,중상사고,0,2,0,0,차대차 - 기타,신호위반,건조,맑음,교차로 - 교차로안,승용,남,21세,중상,화물,남,76세,중상
2017041200100210,2017년 4월 12일 11시,수요일,전라남도 완도군 완도읍,경상사고,0,0,1,0,차대차 - 측면충돌,기타,건조,맑음,단일로 - 기타,승용,남,50세,상해없음,승용,남,51세,경상
2017041200100226,2017년 4월 12일 12시,수요일,전라남도 영암군 영암읍,중상사고,0,1,0,0,차대차 - 측면충돌,안전운전불이행,건조,맑음,교차로 - 교차로안,승용,여,45세,상해없음,이륜,여,55세,중상
2017041200100277,2017년 4월 12일 14시,수요일,전라남도 목포시 용해동,경상사고,0,0,1,0,차대차 - 기타,안전운전불이행,건조,맑음,교차로 - 교차로안,승용,남,27세,상해없음,승용,여,34세,경상
2017041200100278,2017년 4월 12일 14시,수요일,전라남도 여수시 신기동,경상사고,0,0,1,0,차대사람 - 횡단중,보행자보호의무위반,건조,맑음,단일로 - 기타,승용,여,22세,상해없음,보행자,남,8세,경상
2017041200100279,2017년 4월 12일 14시,수요일,전라남도 순천시 인제동,경상사고,0,0,1,0,차대차 - 측면충돌,안전운전불이행,건조,맑음,단일로 - 기타,화물,남,64세,상해없음,승용,남,78세,경상
2017041200100280,2017년 4월 12일 14시,수요일,전라남도 영광군 영광읍,경상사고,0,0,1,0,차대차 - 추돌,안전운전불이행,건조,맑음,단일로 - 기타,이륜,남,71세,경상,승용,여,55세,상해없음
2017041200100281,2017년 4월 12일 14시,수요일,전라남도 광양시 중동,경상사고,0,0,1,0,차대차 - 정면충돌,교차로운행방법위반,건조,맑음,교차로 - 교차로안,승용,여,45세,상해없음,승용,남,27세,경상
2017041200100313,2017년 4월 12일 15시,수요일,전라남도 목포시 호남동,경상사고,0,0,1,0,차대차 - 기타,안전운전불이행,건조,맑음,단일로 - 기타,승용,남,57세,상해없음,승합,남,46세,상해없음
2017041200100314,2017년 4월 12일 15시,수요일,전라남도 고흥군 과역면,중상사고,0,1,0,0,차량단독 - 전도전복 - 전도,안전운전불이행,건조,맑음,단일로 - 기타,이륜,남,63세,중상,,,,
2017041200100349,2017년 4월 12일 16시,수요일,전라남도 목포시 상동,경상사고,0,0,2,0,차대차 - 측면충돌,안전운전불이행,건조,맑음,단일로 - 기타,화물,남,68세,상해없음,승용,여,38세,경상
2017041200100350,2017년 4월 12일 16시,수요일,전라남도 강진군 도암면,경상사고,0,0,1,0,차량단독 - 전도전복,안전운전불이행,건조,맑음,교차로 - 교차로부근,승용,여,31세,경상,미분류,미분류,미분류,미분류
2017041200100391,2017년 4월 12일 17시,수요일,전라남도 광양시 중동,중상사고,0,1,0,0,차대사람 - 횡단중,안전운전불이행,건조,맑음,교차로 - 교차로안,승용,남,61세,상해없음,보행자,여,9세,중상
2017041200100470,2017년 4월 12일 19시,수요일,전라남도 목포시 옥암동,경상사고,0,0,2,0,차대차 - 기타,안전운전불이행,건조,맑음,단일로 - 기타,승합,남,52세,상해없음,승용,여,39세,경상
2017041200100471,2017년 4월 12일 19시,수요일,전라남도 화순군 능주면,사망사고,1,0,0,0,차대사람 - 차도통행중,안전운전불이행,건조,맑음,단일로 - 기타,승용,여,45세,상해없음,보행자,여,81세,사망
2017041200100542,2017년 4월 12일 21시,수요일,전라남도 순천시 교량동,경상사고,0,0,1,0,차량단독 - 전도전복 - 전도,안전운전불이행,건조,맑음,기타 - 기타,승용,여,46세,경상,,,,
2017041200100543,2017년 4월 12일 21시,수요일,전라남도 영암군 금정면,경상사고,0,0,1,0,차대차 - 기타,안전운전불이행,건조,맑음,단일로 - 기타,원동기,여,48세,경상,화물,남,42세,상해없음
2017041200100606,2017년 4월 12일 23시,수요일,전라남도 순천시 조례동,중상사고,0,1,0,0,차대차 - 측면충돌,교차로운행방법위반,건조,맑음,교차로 - 교차로안,승용,남,23세,상해없음,원동기,남,16세,중상
2017041300100022,2017년 4월 13일 00시,목요일,전라남도 목포시 옥암동,경상사고,0,0,3,0,차대차 - 기타,안전운전불이행,건조,맑음,교차로 - 교차로부근,승용,여,21세,상해없음,승용,남,53세,경상
2017041300100033,2017년 4월 13일 01시,목요일,전라남도 목포시 죽교동,경상사고,0,0,1,0,차대차 - 측면충돌,안전운전불이행,건조,맑음,교차로 - 교차로부근,승용,남,20세,상해없음,승용,남,61세,경상
2017041300100056,2017년 4월 13일 05시,목요일,전라남도 목포시 산정동,중상사고,0,1,0,0,차대사람 - 횡단중,안전운전불이행,건조,맑음,교차로 - 교차로부근,승용,남,34세,상해없음,보행자,여,60세,중상
2017041300100087,2017년 4월 13일 07시,목요일,전라남도 여수시 소호동,경상사고,0,0,2,0,차대차 - 측면충돌,신호위반,건조,맑음,교차로 - 교차로안,승합,남,33세,상해없음,승용,남,53세,경상
2017041300100121,2017년 4월 13일 08시,목요일,전라남도 순천시 해룡면,경상사고,0,0,1,0,차대차 - 추돌,안전거리미확보,건조,맑음,단일로 - 기타,승용,남,21세,상해없음,승용,남,30세,경상
2017041300100122,2017년 4월 13일 08시,목요일,전라남도 장흥군 장흥읍,경상사고,0,0,1,0,차대차 - 추돌,안전운전불이행,건조,맑음,교차로 - 교차로안,화물,남,33세,상해없음,화물,남,48세,경상
2017041300100153,2017년 4월 13일 09시,목요일,전라남도 여수시 학동,경상사고,0,0,1,0,차대차 - 측면충돌,안전운전불이행,건조,맑음,단일로 - 기타,건설기계,남,57세,상해없음,승용,남,48세,경상
2017041300100154,2017년 4월 13일 09시,목요일,전라남도 화순군 화순읍,경상사고,0,0,1,0,차대사람 - 기타,안전운전불이행,건조,맑음,기타 - 기타,화물,남,74세,상해없음,보행자,남,74세,경상
2017041300100180,2017년 4월 13일 10시,목요일,전라남도 고흥군 도화면,중상사고,0,1,0,0,차대차 - 정면충돌,안전운전불이행,건조,맑음,단일로 - 기타,승용,남,53세,상해없음,화물,남,25세,중상
2017041300100214,2017년 4월 13일 11시,목요일,전라남도 화순군 도곡면,사망사고,1,0,0,0,차량단독 - 기타,안전운전불이행,건조,맑음,단일로 - 기타,사륜오토바이(ATV),여,65세,사망,,,,
2017041300100230,2017년 4월 13일 12시,목요일,전라남도 여수시 충무동,경상사고,0,0,2,0,차대차 - 측면충돌,교차로운행방법위반,건조,맑음,교차로 - 교차로안,승용,여,40세,경상,승용,여,38세,경상
2017041300100231,2017년 4월 13일 12시,목요일,전라남도 무안군 현경면,경상사고,0,0,1,0,차대차 - 측면충돌,신호위반,건조,맑음,교차로 - 교차로안,승용,여,52세,상해없음,승용,여,50세,경상
2017041300100260,2017년 4월 13일 13시,목요일,전라남도 여수시 문수동,경상사고,0,0,1,0,차대차 - 측면충돌,교차로운행방법위반,건조,맑음,교차로 - 교차로안,승용,여,38세,상해없음,승용,여,41세,경상
2017041300100261,2017년 4월 13일 13시,목요일,전라남도 순천시 연향동,중상사고,0,2,3,0,차대차 - 정면충돌,중앙선침범,건조,맑음,교차로 - 교차로부근,승용,남,62세,경상,승용,여,50세,중상
2017041300100262,2017년 4월 13일 13시,목요일,전라남도 보성군 미력면,경상사고,0,0,1,0,차량단독 - 전도전복 - 전도,안전운전불이행,건조,맑음,교차로 - 교차로부근,승용,남,68세,경상,,,,
2017041300100263,2017년 4월 13일 13시,목요일,전라남도 영암군 금정면,경상사고,0,0,2,0,차대차 - 추돌,안전운전불이행,건조,맑음,교차로 - 교차로부근,화물,남,60세,상해없음,화물,남,62세,경상
2017041300100335,2017년 4월 13일 16시,목요일,전라남도 목포시 옥암동,경상사고,0,0,1,0,차대차 - 기타,교차로운행방법위반,건조,맑음,교차로 - 교차로안,승용,남,38세,상해없음,승용,여,44세,경상
2017041300100373,2017년 4월 13일 17시,목요일,전라남도 목포시 용해동,경상사고,0,0,1,0,차대차 - 정면충돌,신호위반,건조,맑음,교차로 - 교차로안,이륜,남,60세,경상,승용,여,48세,상해없음
2017041300100374,2017년 4월 13일 17시,목요일,전라남도 순천시 연향동,중상사고,0,2,0,0,차대사람 - 횡단중,안전운전불이행,건조,맑음,단일로 - 기타,이륜,여,57세,중상,보행자,여,60세,중상
2017041300100375,2017년 4월 13일 17시,목요일,전라남도 광양시 황길동,경상사고,0,0,2,0,차대차 - 측면충돌,안전운전불이행,건조,맑음,교차로 - 교차로안,특수,남,61세,경상,승용,남,43세,경상
2017041300100411,2017년 4월 13일 18시,목요일,전라남도 목포시 용해동,경상사고,0,0,2,0,차대차 - 측면충돌,차로위반,건조,맑음,단일로 - 기타,승합,남,51세,상해없음,승용,여,51세,경상
2017041300100412,2017년 4월 13일 18시,목요일,전라남도 여수시 안산동,경상사고,0,0,1,0,차대차 - 측면충돌,안전운전불이행,건조,맑음,단일로 - 기타,승용,남,29세,상해없음,승용,남,62세,경상
2017041300100481,2017년 4월 13일 20시,목요일,전라남도 장성군 북일면,경상사고,0,0,1,0,차대사람 - 길가장자리구역통행중,안전운전불이행,건조,맑음,단일로 - 기타,승용,남,58세,상해없음,보행자,남,35세,경상
2017041300100511,2017년 4월 13일 21시,목요일,전라남도 여수시 소호동,경상사고,0,0,1,0,차대사람 - 횡단중,신호위반,건조,맑음,교차로 - 교차로안,승용,여,48세,상해없음,보행자,여,17세,경상
2017041300100512,2017년 4월 13일 21시,목요일,전라남도 나주시 대호동,중상사고,0,1,0,0,차대사람 - 횡단중,안전운전불이행,건조,맑음,교차로 - 교차로안,승용,여,55세,상해없음,보행자,여,79세,중상
2017041300100535,2017년 4월 13일 22시,목요일,전라남도 목포시 석현동,중상사고,0,1,0,0,차대사람 - 횡단중,안전운전불이행,건조,흐림,단일로 - 고가도로위,승용,남,36세,상해없음,보행자,남,57세,중상
2017041400100099,2017년 4월 14일 07시,금요일,전라남도 나주시 산포면,경상사고,0,0,1,0,차대차 - 기타,안전운전불이행,건조,맑음,단일로 - 기타,승용,남,28세,경상,건설기계,남,59세,상해없음
2017041400100100,2017년 4월 14일 07시,금요일,전라남도 해남군 해남읍,경상사고,0,0,1,0,차대차 - 측면충돌,교차로운행방법위반,건조,맑음,교차로 - 교차로안,화물,남,59세,상해없음,승용,여,55세,경상
2017041400100101,2017년 4월 14일 07시,금요일,전라남도 무안군 청계면,중상사고,0,1,0,0,차량단독 - 기타,안전운전불이행,건조,맑음,주차장 - 주차장,화물,남,51세,중상,,,,
2017041400100102,2017년 4월 14일 07시,금요일,전라남도 광양시 마동,경상사고,0,0,1,0,차대차 - 측면충돌,신호위반,건조,맑음,교차로 - 교차로안,승용,남,30세,상해없음,승용,남,38세,경상
2017041400100103,2017년 4월 14일 07시,금요일,전라남도 순천시 대대동,경상사고,0,0,1,0,차대차 - 기타,안전거리미확보,건조,맑음,단일로 - 교량,특수,남,62세,경상,승용,남,15세,상해없음
2017041400100127,2017년 4월 14일 08시,금요일,전라남도 목포시 상동,경상사고,0,0,1,0,차대사람 - 길가장자리구역통행중,안전운전불이행,건조,맑음,단일로 - 기타,승용,남,52세,상해없음,보행자,여,23세,경상
2017041400100128,2017년 4월 14일 08시,금요일,전라남도 해남군 옥천면,경상사고,0,0,1,0,차대차 - 기타,안전운전불이행,건조,맑음,단일로 - 기타,승합,남,71세,기타불명,화물,남,64세,상해없음
2017041400100157,2017년 4월 14일 09시,금요일,전라남도 영암군 삼호읍,중상사고,0,1,0,0,차량단독 - 전도전복 - 전도,안전운전불이행,건조,맑음,단일로 - 기타,승용,여,50세,중상,,,,
2017041400100158,2017년 4월 14일 09시,금요일,전라남도 무안군 운남면,경상사고,0,0,1,0,차대차 - 측면충돌,안전운전불이행,건조,맑음,교차로 - 교차로안,화물,남,22세,상해없음,이륜,남,53세,경상
2017041400100204,2017년 4월 14일 11시,금요일,전라남도 구례군 산동면,경상사고,0,0,1,0,차대차 - 측면충돌,안전운전불이행,건조,맑음,단일로 - 기타,화물,남,64세,상해없음,승합,남,59세,상해없음
2017041400100227,2017년 4월 14일 12시,금요일,전라남도 순천시 덕월동,경상사고,0,0,1,0,차대차 - 추돌,안전거리미확보,건조,맑음,단일로 - 기타,승용,여,24세,상해없음,승용,여,27세,경상
2017041400100228,2017년 4월 14일 12시,금요일,전라남도 나주시 노안면,경상사고,0,0,2,0,차대차 - 측면충돌,직진우회전진행방해,건조,맑음,교차로 - 교차로안,화물,남,65세,경상,화물,남,51세,경상
2017041400100229,2017년 4월 14일 12시,금요일,전라남도 장성군 장성읍,경상사고,0,0,1,0,차대차 - 측면충돌,안전운전불이행,건조,맑음,단일로 - 기타,화물,남,44세,상해없음,승용,남,30세,경상
2017041400100230,2017년 4월 14일 12시,금요일,전라남도 곡성군 목사동면,경상사고,0,0,1,0,차대차 - 측면충돌,안전운전불이행,젖음/습기,흐림,단일로 - 기타,화물,남,53세,상해없음,사륜오토바이(ATV),남,68세,경상
2017041400100263,2017년 4월 14일 13시,금요일,전라남도 나주시 대호동,경상사고,0,0,1,0,차대사람 - 횡단중,보행자보호의무위반,건조,맑음,교차로 - 교차로횡단보도내,승용,남,54세,상해없음,보행자,남,24세,경상
2017041400100264,2017년 4월 14일 13시,금요일,전라남도 장성군 황룡면,경상사고,0,0,1,0,차대차 - 추돌,안전운전불이행,건조,맑음,교차로 - 교차로부근,승용,남,70세,경상,화물,남,39세,상해없음
2017041400100290,2017년 4월 14일 14시,금요일,전라남도 영광군 영광읍,경상사고,0,0,1,0,차대차 - 측면충돌,안전운전불이행,건조,맑음,단일로 - 기타,승용,남,48세,상해없음,원동기,남,35세,경상
2017041400100354,2017년 4월 14일 16시,금요일,전라남도 순천시 월등면,중상사고,0,1,0,0,차대사람 - 기타,안전운전불이행,건조,맑음,교차로 - 교차로부근,화물,남,58세,상해없음,보행자,여,90세 이상,중상
2017041400100355,2017년 4월 14일 16시,금요일,전라남도 해남군 해남읍,중상사고,0,1,0,0,차대사람 - 횡단중,안전운전불이행,건조,맑음,단일로 - 기타,승용,여,44세,상해없음,보행자,남,10세,중상
2017041400100392,2017년 4월 14일 17시,금요일,전라남도 목포시 석현동,경상사고,0,0,1,0,차대사람 - 횡단중,안전운전불이행,건조,흐림,단일로 - 기타,승용,남,52세,상해없음,보행자,남,15세,경상
2017041400100393,2017년 4월 14일 17시,금요일,전라남도 순천시 조례동,부상신고사고,0,0,0,1,차대사람 - 보도통행중,안전운전불이행,건조,맑음,기타 - 기타,자전거,여,28세,부상신고,보행자,여,39세,상해없음
2017041400100461,2017년 4월 14일 19시,금요일,전라남도 광양시 중동,경상사고,0,0,3,0,차대차 - 추돌,안전운전불이행,건조,맑음,교차로 - 교차로부근,화물,남,41세,상해없음,승용,남,48세,경상
2017041400100526,2017년 4월 14일 21시,금요일,전라남도 순천시 조례동,경상사고,0,0,5,0,차대차 - 측면충돌,신호위반,건조,맑음,교차로 - 교차로안,원동기,남,16세,경상,화물,남,39세,경상
2017041500100023,2017년 4월 15일 00시,토요일,전라남도 나주시 영산동,중상사고,0,1,2,0,차대차 - 측면충돌,직진우회전진행방해,건조,맑음,교차로 - 교차로안,승용,여,54세,경상,화물,남,29세,경상
2017041500100024,2017년 4월 15일 00시,토요일,전라남도 고흥군 도양읍,경상사고,0,0,1,0,차대사람 - 길가장자리구역통행중,안전운전불이행,건조,맑음,교차로 - 교차로안,화물,남,55세,상해없음,보행자,남,42세,경상
2017041500100058,2017년 4월 15일 02시,토요일,전라남도 광양시 광양읍,중상사고,0,1,0,0,차량단독 - 전도전복 - 전도,안전운전불이행,건조,맑음,교차로 - 교차로부근,승용,남,21세,중상,,,,
2017041500100068,2017년 4월 15일 03시,토요일,전라남도 영암군 미암면,중상사고,0,7,24,3,차량단독 - 공작물충돌,안전운전불이행,젖음/습기,흐림,교차로 - 교차로안,승합,남,60세,상해없음,,,,
2017041500100076,2017년 4월 15일 04시,토요일,전라남도 목포시 용해동,경상사고,0,0,4,0,차대차 - 측면충돌,교차로운행방법위반,건조,맑음,단일로 - 기타,승용,여,48세,경상,승용,남,48세,경상
2017041500100085,2017년 4월 15일 05시,토요일,전라남도 순천시 해룡면,경상사고,0,0,2,0,차대차 - 측면충돌,안전운전불이행,건조,맑음,교차로 - 교차로안,승용,여,67세,경상,승용,남,52세,경상
2017041500100115,2017년 4월 15일 07시,토요일,전라남도 나주시 세지면,사망사고,1,0,0,0,차대사람 - 보도통행중,안전운전불이행,건조,맑음,단일로 - 기타,화물,남,49세,상해없음,보행자,여,78세,사망
2017041500100143,2017년 4월 15일 08시,토요일,전라남도 나주시 부덕동,경상사고,0,0,1,0,차대차 - 추돌,안전운전불이행,건조,맑음,단일로 - 기타,화물,남,56세,경상,건설기계,남,52세,기타불명
2017041500100144,2017년 4월 15일 08시,토요일,전라남도 광양시 광양읍,경상사고,0,0,1,0,차대사람 - 횡단중,보행자보호의무위반,건조,맑음,교차로 - 교차로횡단보도내,승용,여,43세,상해없음,보행자,여,12세,경상
2017041500100195,2017년 4월 15일 10시,토요일,전라남도 순천시 서면,경상사고,0,0,1,3,차대차 - 추돌,안전운전불이행,건조,맑음,단일로 - 기타,승용,여,34세,부상신고,승용,여,45세,경상
2017041500100196,2017년 4월 15일 10시,토요일,전라남도 담양군 금성면,경상사고,0,0,2,0,차대차 - 추돌,과속,건조,맑음,단일로 - 기타,화물,남,45세,상해없음,승합,남,60세,경상
2017041500100234,2017년 4월 15일 11시,토요일,전라남도 목포시 축복동1가,중상사고,0,1,1,0,차대차 - 측면충돌,차로위반,건조,맑음,교차로 - 교차로부근,승용,남,58세,상해없음,원동기,남,51세,경상
2017041500100235,2017년 4월 15일 11시,토요일,전라남도 영광군 영광읍,경상사고,0,0,1,0,차대차 - 측면충돌,직진우회전진행방해,건조,맑음,교차로 - 교차로안,승합,남,32세,상해없음,원동기,남,76세,경상
2017041500100265,2017년 4월 15일 12시,토요일,전라남도 여수시 신기동,부상신고사고,0,0,0,1,차대차 - 추돌,안전운전불이행,건조,맑음,단일로 - 기타,승용,남,69세,기타불명,승용,남,38세,부상신고
2017041500100266,2017년 4월 15일 12시,토요일,전라남도 순천시 해룡면,경상사고,0,0,1,0,차대사람 - 횡단중,보행자보호의무위반,건조,맑음,교차로 - 교차로횡단보도내,승용,남,27세,상해없음,보행자,남,7세,경상
2017041500100309,2017년 4월 15일 13시,토요일,전라남도 순천시 석현동,경상사고,0,0,3,0,차대차 - 추돌,안전거리미확보,건조,맑음,교차로 - 교차로부근,화물,남,60세,상해없음,화물,남,28세,경상
2017041500100310,2017년 4월 15일 13시,토요일,전라남도 강진군 대구면,경상사고,0,0,1,0,차대차 - 측면충돌,교차로운행방법위반,건조,맑음,교차로 - 교차로안,승용,여,57세,상해없음,이륜,남,58세,경상
2017041500100350,2017년 4월 15일 14시,토요일,전라남도 순천시 생목동,경상사고,0,0,6,0,차대차 - 기타,안전운전불이행,건조,맑음,교차로 - 교차로부근,승용,남,69세,경상,화물,남,66세,경상
2017041500100388,2017년 4월 15일 15시,토요일,전라남도 해남군 해남읍,경상사고,0,0,2,0,차대차 - 측면충돌,교차로운행방법위반,건조,맑음,교차로 - 교차로안,승용,여,53세,경상,승용,남,43세,경상
2017041500100419,2017년 4월 15일 16시,토요일,전라남도 순천시 대대동,경상사고,0,0,3,0,차대차 - 측면충돌,직진우회전진행방해,건조,맑음,교차로 - 교차로안,승용,여,40세,상해없음,승용,여,25세,경상
2017041500100420,2017년 4월 15일 16시,토요일,전라남도 고흥군 두원면,중상사고,0,2,1,0,차대차 - 정면충돌,중앙선침범,건조,맑음,단일로 - 기타,승용,남,39세,상해없음,화물,남,48세,중상
2017041500100421,2017년 4월 15일 16시,토요일,전라남도 곡성군 곡성읍,경상사고,0,0,3,0,차대차 - 측면충돌,안전운전불이행,건조,맑음,교차로 - 교차로안,승용,여,45세,상해없음,승용,남,40세,경상
2017041500100468,2017년 4월 15일 17시,토요일,전라남도 담양군 대전면,경상사고,0,0,3,0,차대차 - 측면충돌,직진우회전진행방해,건조,맑음,교차로 - 교차로안,승용,여,37세,경상,승용,여,65세,경상