사고번호,사고일시,요일,시군구,사고내용,사망자수,중상자수,경상자수,부상신고자수,사고유형,법규위반,노면상태,기상상태,도로형태,가해운전자 차종,가해운전자 성별,가해운전자 연령,가해운전자 상해정도,피해운전자 차종,피해운전자 성별,피해운전자 연령,피해운전자 상해정도
2017041500100505,2017년 4월 15일 18시,토요일,전라남도 여수시 학동,중상사고,0,2,1,0,차대차 - 추돌,안전운전불이행,건조,맑음,단일로 - 기타,승용,여,67세,상해없음,승용,여,40세,상해없음
2017041500100506,2017년 4월 15일 18시,토요일,전라남도 여수시 여서동,중상사고,0,1,0,0,차대사람 - 차도통행중,안전운전불이행,건조,맑음,단일로 - 기타,승용,여,54세,상해없음,보행자,남,6세,중상
2017041500100507,2017년 4월 15일 18시,토요일,전라남도 강진군 강진읍,경상사고,0,0,2,0,차대차 - 정면충돌,안전운전불이행,건조,맑음,교차로 - 교차로횡단보도내,이륜,남,19세,경상,승용,여,45세,경상
2017041500100537,2017년 4월 15일 19시,토요일,전라남도 목포시 용해동,중상사고,0,1,0,0,차대사람 - 길가장자리구역통행중,안전운전불이행,건조,맑음,교차로 - 교차로안,승용,남,31세,상해없음,보행자,남,6세,중상
2017041500100538,2017년 4월 15일 19시,토요일,전라남도 여수시 안산동,경상사고,0,0,1,0,차대차 - 측면충돌,안전거리미확보,건조,맑음,단일로 - 기타,승용,여,42세,상해없음,승용,남,39세,상해없음
2017041500100539,2017년 4월 15일 19시,토요일,전라남도 순천시 해룡면,경상사고,0,0,1,0,차대차 - 측면충돌,안전운전불이행,건조,맑음,교차로 - 교차로안,원동기,남,16세,경상,승용,남,44세,상해없음
2017041500100540,2017년 4월 15일 19시,토요일,전라남도 광양시 금호동,경상사고,0,0,1,0,차량단독 - 전도전복 - 전도,안전운전불이행,건조,맑음,교차로 - 교차로안,이륜,남,26세,경상,,,,
2017041500100570,2017년 4월 15일 20시,토요일,전라남도 나주시 성북동,경상사고,0,0,1,0,차대차 - 측면충돌,안전운전불이행,건조,맑음,교차로 - 교차로안,자전거,남,48세,경상,승용,여,42세,상해없음
2017041500100571,2017년 4월 15일 20시,토요일,전라남도 나주시 죽림동,중상사고,0,1,0,0,차대차 - 측면충돌,직진우회전진행방해,건조,맑음,교차로 - 교차로안,원동기,남,64세,중상,승용,남,43세,상해없음
2017041500100572,2017년 4월 15일 20시,토요일,전라남도 해남군 송지면,중상사고,0,1,0,0,차대차 - 측면충돌,신호위반,건조,맑음,교차로 - 교차로안,화물,남,46세,상해없음,승용,남,58세,중상
2017041500100573,2017년 4월 15일 20시,토요일,전라남도 영암군 삼호읍,경상사고,0,0,4,0,차대차 - 측면충돌,안전운전불이행,건조,맑음,교차로 - 교차로안,승용,남,44세,경상,승합,남,56세,경상
2017041500100596,2017년 4월 15일 21시,토요일,전라남도 여수시 웅천동,경상사고,0,0,1,0,차대차 - 정면충돌,안전운전불이행,건조,맑음,교차로 - 교차로부근,승용,여,49세,상해없음,승용,남,40세,경상
2017041500100597,2017년 4월 15일 21시,토요일,전라남도 영광군 법성면,경상사고,0,0,1,0,차대차 - 측면충돌,직진우회전진행방해,젖음/습기,흐림,교차로 - 교차로안,승용,남,49세,상해없음,승용,남,46세,상해없음
2017041500100619,2017년 4월 15일 22시,토요일,전라남도 순천시 해룡면,중상사고,0,1,1,0,차량단독 - 전도전복 - 전도,안전운전불이행,건조,맑음,단일로 - 기타,원동기,남,22세,중상,,,,
2017041500100635,2017년 4월 15일 23시,토요일,전라남도 순천시 오천동,중상사고,0,1,0,0,차대차 - 측면충돌,신호위반,건조,맑음,교차로 - 교차로안,승용,남,39세,상해없음,원동기,남,50세,중상
2017041600100039,2017년 4월 16일 01시,일요일,전라남도 장성군 장성읍,경상사고,0,0,1,0,차대차 - 기타,중앙선침범,건조,맑음,단일로 - 기타,승용,남,26세,상해없음,승합,여,51세,경상
2017041600100049,2017년 4월 16일 02시,일요일,전라남도 목포시 산정동,경상사고,0,0,3,0,차대차 - 측면충돌,직진우회전진행방해,건조,맑음,교차로 - 교차로안,승용,남,20세,상해없음,승용,남,55세,상해없음
2017041600100130,2017년 4월 16일 09시,일요일,전라남도 순천시 옥천동,경상사고,0,0,1,0,차대사람 - 길가장자리구역통행중,안전운전불이행,건조,맑음,기타 - 기타,승용,남,62세,상해없음,보행자,여,86세,경상
2017041600100131,2017년 4월 16일 09시,일요일,전라남도 보성군 문덕면,경상사고,0,0,2,0,차대차 - 추돌,안전운전불이행,건조,맑음,교차로 - 교차로안,화물,남,41세,상해없음,승용,남,61세,경상
2017041600100174,2017년 4월 16일 11시,일요일,전라남도 목포시 죽교동,경상사고,0,0,1,0,차대차 - 측면충돌,안전운전불이행,건조,맑음,단일로 - 기타,자전거,남,8세,경상,승용,남,59세,상해없음
2017041600100195,2017년 4월 16일 12시,일요일,전라남도 광양시 중동,경상사고,0,0,6,0,차대차 - 측면충돌,신호위반,건조,맑음,교차로 - 교차로안,화물,남,30세,경상,승용,남,18세,경상
2017041600100226,2017년 4월 16일 13시,일요일,전라남도 담양군 담양읍,경상사고,0,0,1,0,차대차 - 측면충돌,직진우회전진행방해,건조,맑음,교차로 - 교차로안,승용,남,34세,상해없음,원동기,남,84세,경상
2017041600100256,2017년 4월 16일 14시,일요일,전라남도 목포시 대안동,경상사고,0,0,2,0,차대차 - 측면충돌,기타,건조,맑음,교차로 - 교차로안,승용,남,26세,상해없음,승용,여,57세,경상
2017041600100257,2017년 4월 16일 14시,일요일,전라남도 장흥군 관산읍,부상신고사고,0,0,0,1,차대차 - 측면충돌,직진우회전진행방해,건조,맑음,교차로 - 교차로안,원동기,남,73세,부상신고,승용,여,50세,상해없음
2017041600100258,2017년 4월 16일 14시,일요일,전라남도 영광군 영광읍,중상사고,0,1,0,0,차대사람 - 길가장자리구역통행중,안전운전불이행,건조,맑음,단일로 - 기타,승용,남,74세,상해없음,보행자,여,71세,중상
2017041600100259,2017년 4월 16일 14시,일요일,전라남도 장성군 장성읍,경상사고,0,0,1,1,차대차 - 측면충돌,안전운전불이행,건조,맑음,교차로 - 교차로안,승용,여,60세,부상신고,승용,남,72세,경상
2017041600100260,2017년 4월 16일 14시,일요일,전라남도 담양군 창평면,경상사고,0,0,1,0,차대차 - 측면충돌,직진우회전진행방해,건조,맑음,교차로 - 교차로안,승용,남,39세,상해없음,승용,남,76세,경상
2017041600100261,2017년 4월 16일 14시,일요일,전라남도 광양시 성황동,경상사고,0,0,3,0,차대차 - 측면충돌,신호위반,건조,맑음,교차로 - 교차로안,승용,남,37세,상해없음,승용,남,31세,경상
2017041600100309,2017년 4월 16일 15시,일요일,전라남도 장흥군 장흥읍,중상사고,0,1,3,1,차대차 - 측면충돌,안전운전불이행,건조,맑음,교차로 - 교차로안,승용,여,56세,부상신고,승합,남,47세,중상
2017041600100310,2017년 4월 16일 15시,일요일,전라남도 광양시 도이동,중상사고,0,1,1,0,차대차 - 측면충돌,신호위반,건조,맑음,교차로 - 교차로안,승용,남,27세,상해없음,승용,여,46세,경상
2017041600100340,2017년 4월 16일 16시,일요일,전라남도 장흥군 용산면,중상사고,0,1,0,0,차대사람 - 기타,안전운전불이행,건조,맑음,단일로 - 기타,승합,남,48세,상해없음,보행자,남,34세,중상
2017041600100341,2017년 4월 16일 16시,일요일,전라남도 해남군 북평면,경상사고,0,0,1,0,차대차 - 측면충돌,안전운전불이행,건조,맑음,교차로 - 교차로안,화물,남,57세,상해없음,승용,남,32세,상해없음
2017041600100342,2017년 4월 16일 16시,일요일,전라남도 화순군 화순읍,경상사고,0,0,2,0,차대차 - 추돌,안전운전불이행,건조,맑음,교차로 - 교차로부근,승용,남,50세,상해없음,승용,여,50세,경상
2017041600100383,2017년 4월 16일 17시,일요일,전라남도 목포시 산정동,중상사고,0,1,0,0,차대차 - 측면충돌,신호위반,건조,맑음,교차로 - 교차로안,승용,남,62세,상해없음,이륜,남,24세,중상
2017041600100406,2017년 4월 16일 18시,일요일,전라남도 신안군 팔금면,중상사고,0,1,0,0,차대차 - 기타,안전운전불이행,건조,맑음,교차로 - 교차로안,이륜,남,69세,중상,승합,남,48세,상해없음
2017041600100464,2017년 4월 16일 20시,일요일,전라남도 영암군 삼호읍,중상사고,0,1,0,0,차대사람 - 차도통행중,안전운전불이행,건조,흐림,단일로 - 기타,승용,여,33세,상해없음,보행자,남,53세,중상
2017041600100487,2017년 4월 16일 21시,일요일,전라남도 여수시 둔덕동,경상사고,0,0,2,0,차대차 - 측면충돌,안전운전불이행,건조,맑음,교차로 - 교차로안,승용,여,24세,상해없음,승용,남,32세,경상
2017041600100488,2017년 4월 16일 21시,일요일,전라남도 담양군 금성면,중상사고,0,1,0,0,차대사람 - 횡단중,안전운전불이행,건조,맑음,교차로 - 교차로부근,승용,남,51세,상해없음,보행자,여,52세,중상
2017041600100504,2017년 4월 16일 22시,일요일,전라남도 여수시 화장동,경상사고,0,0,1,0,차대사람 - 차도통행중,안전운전불이행,건조,맑음,단일로 - 기타,승용,여,49세,상해없음,보행자,남,55세,경상
2017041700100022,2017년 4월 17일 00시,월요일,전라남도 진도군 진도읍,경상사고,0,0,1,0,차대사람 - 길가장자리구역통행중,안전운전불이행,건조,흐림,단일로 - 기타,화물,남,42세,상해없음,보행자,남,21세,경상
2017041700100053,2017년 4월 17일 05시,월요일,전라남도 강진군 군동면,중상사고,0,1,0,0,차량단독 - 전도전복 - 전도,안전운전불이행,젖음/습기,비,단일로 - 기타,화물,남,65세,상해없음,,,,
2017041700100070,2017년 4월 17일 07시,월요일,전라남도 여수시 해산동,경상사고,0,0,2,0,차대차 - 기타,안전운전불이행,젖음/습기,비,단일로 - 기타,특수,남,42세,상해없음,승용,남,44세,경상
2017041700100071,2017년 4월 17일 07시,월요일,전라남도 고흥군 점암면,경상사고,0,0,1,0,차량단독 - 공작물충돌,안전운전불이행,젖음/습기,비,단일로 - 기타,승용,여,29세,경상,,,,
2017041700100072,2017년 4월 17일 07시,월요일,전라남도 해남군 해남읍,중상사고,0,1,0,0,차대사람 - 길가장자리구역통행중,안전운전불이행,건조,흐림,단일로 - 기타,화물,남,49세,상해없음,보행자,남,83세,중상
2017041700100073,2017년 4월 17일 07시,월요일,전라남도 영암군 삼호읍,경상사고,0,0,3,0,차대차 - 측면충돌,안전운전불이행,젖음/습기,비,교차로 - 교차로부근,화물,여,29세,경상,승용,남,51세,경상
2017041700100074,2017년 4월 17일 07시,월요일,전라남도 담양군 담양읍,중상사고,0,1,2,0,차대차 - 측면충돌,안전운전불이행,젖음/습기,비,교차로 - 교차로부근,화물,남,62세,중상,화물,남,45세,경상
2017041700100101,2017년 4월 17일 08시,월요일,전라남도 장흥군 안양면,중상사고,0,1,0,0,차대차 - 측면충돌,안전운전불이행,젖음/습기,흐림,교차로 - 교차로부근,승용,남,52세,상해없음,원동기,남,87세,중상
2017041700100135,2017년 4월 17일 09시,월요일,전라남도 담양군 대전면,사망사고,1,0,0,0,차량단독 - 전도전복,안전운전불이행,건조,맑음,단일로 - 기타,사륜오토바이(ATV),여,75세,사망,미분류,미분류,미분류,미분류
2017041700100189,2017년 4월 17일 11시,월요일,전라남도 신안군 암태면,중상사고,0,1,0,0,차대사람 - 횡단중,중앙선침범,젖음/습기,비,교차로 - 교차로안,승용,남,36세,상해없음,보행자,여,65세,중상
2017041700100190,2017년 4월 17일 11시,월요일,전라남도 순천시 풍덕동,중상사고,0,2,1,0,차대차 - 추돌,안전운전불이행,젖음/습기,비,단일로 - 지하차도(도로)내,화물,남,56세,중상,승용,남,68세,경상
2017041700100191,2017년 4월 17일 11시,월요일,전라남도 광양시 광양읍,경상사고,0,0,2,0,차대차 - 추돌,안전운전불이행,건조,맑음,교차로 - 교차로부근,화물,여,41세,상해없음,승용,남,25세,경상
2017041700100227,2017년 4월 17일 12시,월요일,전라남도 목포시 석현동,경상사고,0,0,1,0,차대차 - 측면충돌,안전거리미확보,젖음/습기,비,단일로 - 기타,특수,남,46세,상해없음,승용,여,58세,경상
2017041700100228,2017년 4월 17일 12시,월요일,전라남도 보성군 득량면,경상사고,0,0,1,0,차대차 - 기타,안전운전불이행,젖음/습기,비,단일로 - 기타,승용,남,48세,상해없음,승용,남,65세,경상
2017041700100229,2017년 4월 17일 12시,월요일,전라남도 무안군 무안읍,경상사고,0,0,1,1,차대차 - 추돌,안전운전불이행,젖음/습기,비,단일로 - 기타,이륜,남,76세,부상신고,승용,여,58세,경상
2017041700100260,2017년 4월 17일 13시,월요일,전라남도 순천시 매곡동,경상사고,0,0,1,0,차대차 - 측면충돌,안전운전불이행,건조,맑음,단일로 - 기타,승용,남,23세,상해없음,이륜,남,42세,경상
2017041700100330,2017년 4월 17일 15시,월요일,전라남도 무안군 삼향읍,경상사고,0,0,2,0,차대차 - 정면충돌,안전운전불이행,젖음/습기,비,교차로 - 교차로안,승용,여,21세,경상,승용,남,80세,경상
2017041700100331,2017년 4월 17일 15시,월요일,전라남도 광양시 광양읍,경상사고,0,0,1,0,차대차 - 측면충돌,안전운전불이행,젖음/습기,비,교차로 - 교차로안,화물,남,57세,상해없음,승용,여,43세,경상
2017041700100362,2017년 4월 17일 16시,월요일,전라남도 목포시 용당동,경상사고,0,0,1,0,차대차 - 추돌,안전거리미확보,건조,맑음,단일로 - 기타,승용,남,45세,상해없음,승용,여,44세,경상
2017041700100390,2017년 4월 17일 17시,월요일,전라남도 목포시 상동,경상사고,0,0,2,0,차대차 - 측면충돌,차로위반,건조,흐림,단일로 - 기타,승용,남,49세,경상,승용,남,45세,상해없음
2017041700100391,2017년 4월 17일 17시,월요일,전라남도 여수시 여천동,경상사고,0,0,2,0,차대차 - 측면충돌,중앙선침범,건조,맑음,단일로 - 기타,자전거,남,44세,경상,승용,남,36세,상해없음
2017041700100392,2017년 4월 17일 17시,월요일,전라남도 순천시 장천동,중상사고,0,1,0,0,차대차 - 추돌,안전운전불이행,젖음/습기,비,단일로 - 기타,승합,남,62세,상해없음,승합,남,42세,상해없음
2017041700100393,2017년 4월 17일 17시,월요일,전라남도 순천시 덕암동,경상사고,0,0,1,0,차대사람 - 횡단중,보행자보호의무위반,젖음/습기,비,단일로 - 기타,승용,여,24세,상해없음,보행자,남,33세,경상
2017041700100430,2017년 4월 17일 18시,월요일,전라남도 곡성군 곡성읍,중상사고,0,1,0,0,차대차 - 정면충돌,안전운전불이행,건조,맑음,교차로 - 교차로안,승용,여,43세,상해없음,자전거,여,77세,중상
2017041700100431,2017년 4월 17일 18시,월요일,전라남도 광양시 옥곡면,경상사고,0,0,4,0,차대차 - 측면충돌,안전운전불이행,건조,맑음,교차로 - 교차로안,승용,여,61세,상해없음,승용,여,43세,경상
2017041700100471,2017년 4월 17일 19시,월요일,전라남도 목포시 상동,경상사고,0,0,1,0,차대차 - 측면충돌,신호위반,건조,맑음,교차로 - 교차로안,이륜,남,16세,경상,승용,남,43세,상해없음
2017041700100472,2017년 4월 17일 19시,월요일,전라남도 여수시 신기동,경상사고,0,0,1,0,차대사람 - 길가장자리구역통행중,안전운전불이행,건조,맑음,단일로 - 기타,승용,남,24세,상해없음,보행자,여,41세,경상
2017041700100506,2017년 4월 17일 20시,월요일,전라남도 목포시 옥암동,경상사고,0,0,2,0,차대차 - 후진중충돌,안전운전불이행,건조,맑음,단일로 - 기타,승용,남,63세,상해없음,승용,여,25세,경상
2017041700100507,2017년 4월 17일 20시,월요일,전라남도 나주시 대호동,중상사고,0,1,0,0,차대사람 - 횡단중,안전운전불이행,건조,맑음,교차로 - 교차로안,승용,남,50세,상해없음,보행자,여,22세,중상
2017041700100565,2017년 4월 17일 22시,월요일,전라남도 순천시 조례동,중상사고,0,1,0,0,차대사람 - 기타,교차로운행방법위반,건조,맑음,교차로 - 교차로안,승합,남,34세,상해없음,보행자,남,21세,중상
2017041700100566,2017년 4월 17일 22시,월요일,전라남도 담양군 고서면,사망사고,1,0,0,0,차량단독 - 공작물충돌,안전운전불이행,건조,맑음,교차로 - 교차로안,승용,남,54세,사망,,,,
2017041700100588,2017년 4월 17일 23시,월요일,전라남도 장성군 남면,경상사고,0,0,1,0,차량단독 - 전도전복,안전운전불이행,건조,맑음,단일로 - 기타,승합,남,49세,경상,미분류,미분류,미분류,미분류
2017041800100040,2017년 4월 18일 01시,화요일,전라남도 나주시 대호동,경상사고,0,0,1,0,차대사람 - 길가장자리구역통행중,안전운전불이행,건조,맑음,기타 - 기타,승용,남,60세,상해없음,보행자,남,20세,경상
2017041800100057,2017년 4월 18일 04시,화요일,전라남도 여수시 웅천동,중상사고,0,1,0,0,차대차 - 측면충돌,신호위반,건조,맑음,교차로 - 교차로안,승용,남,65세,상해없음,승용,여,52세,중상
2017041800100081,2017년 4월 18일 06시,화요일,전라남도 구례군 토지면,중상사고,0,1,1,0,차대차 - 정면충돌,중앙선침범,건조,맑음,교차로 - 교차로부근,승용,여,50세,중상,승용,여,71세,경상
2017041800100096,2017년 4월 18일 07시,화요일,전라남도 순천시 연향동,중상사고,0,1,0,0,차대사람 - 기타,안전운전불이행,건조,맑음,단일로 - 기타,승합,남,58세,상해없음,보행자,남,74세,중상
2017041800100120,2017년 4월 18일 08시,화요일,전라남도 여수시 여천동,중상사고,0,1,0,0,차대차 - 측면충돌,안전운전불이행,건조,맑음,교차로 - 교차로부근,화물,남,43세,상해없음,승용,여,53세,중상
2017041800100121,2017년 4월 18일 08시,화요일,전라남도 순천시 서면,경상사고,0,0,1,0,차대차 - 측면충돌,중앙선침범,건조,맑음,교차로 - 교차로부근,승용,남,48세,상해없음,승용,여,45세,경상
2017041800100210,2017년 4월 18일 11시,화요일,전라남도 순천시 매곡동,경상사고,0,0,1,0,차대차 - 측면충돌,안전운전불이행,건조,맑음,단일로 - 기타,이륜,남,17세,경상,승용,남,34세,기타불명
2017041800100247,2017년 4월 18일 12시,화요일,전라남도 목포시 죽교동,경상사고,0,0,1,0,차대차 - 측면충돌,안전운전불이행,건조,맑음,교차로 - 교차로안,승용,남,39세,상해없음,자전거,남,24세,경상
2017041800100274,2017년 4월 18일 13시,화요일,전라남도 나주시 노안면,사망사고,1,0,0,0,차대차 - 측면충돌,중앙선침범,건조,맑음,교차로 - 교차로부근,자전거,남,74세,사망,승용,남,68세,상해없음
2017041800100275,2017년 4월 18일 13시,화요일,전라남도 보성군 보성읍,경상사고,0,0,1,0,차량단독 - 전도전복 - 전도,안전운전불이행,건조,맑음,단일로 - 기타,이륜,남,67세,경상,,,,
2017041800100309,2017년 4월 18일 14시,화요일,전라남도 여수시 봉계동,경상사고,0,0,1,0,차대차 - 측면충돌,신호위반,건조,맑음,교차로 - 교차로안,자전거,남,48세,경상,승용,여,43세,상해없음
2017041800100310,2017년 4월 18일 14시,화요일,전라남도 광양시 광양읍,경상사고,0,0,2,0,차대차 - 측면충돌,신호위반,건조,맑음,교차로 - 교차로안,승용,남,65세,상해없음,승용,남,55세,경상
2017041800100341,2017년 4월 18일 15시,화요일,전라남도 목포시 산정동,경상사고,0,0,1,0,차대차 - 측면충돌,안전운전불이행,건조,맑음,교차로 - 교차로안,화물,여,54세,상해없음,자전거,남,75세,경상
2017041800100342,2017년 4월 18일 15시,화요일,전라남도 고흥군 고흥읍,경상사고,0,0,1,0,차대차 - 측면충돌,교차로운행방법위반,건조,맑음,교차로 - 교차로안,승용,여,61세,경상,기타불명,기타불명,미분류,기타불명
2017041800100410,2017년 4월 18일 17시,화요일,전라남도 목포시 석현동,경상사고,0,0,1,0,차대차 - 측면충돌,신호위반,건조,맑음,교차로 - 교차로안,승용,여,54세,상해없음,화물,남,40세,경상
2017041800100449,2017년 4월 18일 18시,화요일,전라남도 여수시 봉강동,중상사고,0,1,1,0,차대사람 - 횡단중,신호위반,건조,맑음,교차로 - 교차로안,승용,여,56세,상해없음,보행자,여,16세,중상
2017041800100450,2017년 4월 18일 18시,화요일,전라남도 순천시 해룡면,경상사고,0,0,1,0,차대차 - 측면충돌,안전운전불이행,건조,맑음,단일로 - 기타,승용,남,39세,상해없음,승용,여,56세,경상
2017041800100451,2017년 4월 18일 18시,화요일,전라남도 해남군 북일면,경상사고,0,0,2,0,차대차 - 추돌,안전거리미확보,건조,맑음,단일로 - 기타,승용,남,67세,상해없음,승용,남,65세,경상
2017041800100452,2017년 4월 18일 18시,화요일,전라남도 영암군 학산면,경상사고,0,0,1,0,차대차 - 측면충돌,안전운전불이행,건조,맑음,단일로 - 기타,화물,남,69세,상해없음,화물,남,40세,경상
2017041800100453,2017년 4월 18일 18시,화요일,전라남도 광양시 광양읍,경상사고,0,0,1,0,차대차 - 추돌,안전운전불이행,건조,맑음,교차로 - 교차로부근,승용,남,38세,상해없음,승용,남,61세,경상
2017041800100605,2017년 4월 18일 23시,화요일,전라남도 목포시 옥암동,경상사고,0,0,1,0,차대차 - 측면충돌,신호위반,건조,맑음,교차로 - 교차로안,승용,여,55세,상해없음,자전거,남,32세,경상
2017041900100032,2017년 4월 19일 00시,수요일,전라남도 목포시 상동,경상사고,0,0,1,0,차대차 - 측면충돌,안전운전불이행,건조,맑음,단일로 - 기타,승용,기타불명,미분류,기타불명,승용,남,32세,경상
2017041900100048,2017년 4월 19일 02시,수요일,전라남도 여수시 학동,경상사고,0,0,1,0,차대차 - 정면충돌,안전운전불이행,건조,맑음,교차로 - 교차로안,승용,남,49세,상해없음,승용,여,34세,경상
2017041900100064,2017년 4월 19일 05시,수요일,전라남도 고흥군 도화면,경상사고,0,0,1,0,차량단독 - 전도전복 - 전도,안전운전불이행,건조,맑음,기타 - 기타,화물,남,76세,경상,,,,
2017041900100065,2017년 4월 19일 05시,수요일,전라남도 함평군 함평읍,중상사고,0,1,1,1,차량단독 - 공작물충돌,안전운전불이행,건조,맑음,단일로 - 기타,화물,남,50세,부상신고,,,,
2017041900100102,2017년 4월 19일 07시,수요일,전라남도 장흥군 안양면,중상사고,0,1,1,0,차대차 - 측면충돌,신호위반,건조,맑음,교차로 - 교차로안,화물,남,59세,상해없음,승합,남,62세,중상
2017041900100103,2017년 4월 19일 07시,수요일,전라남도 고흥군 고흥읍,경상사고,0,0,2,0,차대차 - 후진중충돌,안전운전불이행,건조,맑음,단일로 - 기타,승용,남,53세,경상,승용,남,51세,경상
2017041900100104,2017년 4월 19일 07시,수요일,전라남도 영암군 영암읍,경상사고,0,0,2,0,차대차 - 측면충돌,안전운전불이행,건조,맑음,교차로 - 교차로안,승합,남,47세,상해없음,원동기,남,79세,경상
2017041900100146,2017년 4월 19일 08시,수요일,전라남도 여수시 돌산읍,중상사고,0,1,1,0,차대차 - 측면충돌,보행자보호의무위반,건조,맑음,교차로 - 교차로안,화물,남,54세,상해없음,승용,여,33세,경상
2017041900100225,2017년 4월 19일 10시,수요일,전라남도 목포시 상동,경상사고,0,0,3,0,차대차 - 측면충돌,안전운전불이행,건조,맑음,단일로 - 기타,승용,남,60세,경상,승용,여,57세,경상
2017041900100226,2017년 4월 19일 10시,수요일,전라남도 장흥군 장흥읍,중상사고,0,1,0,0,차대사람 - 횡단중,안전운전불이행,건조,맑음,교차로 - 교차로안,승용,여,57세,상해없음,보행자,여,74세,중상
2017041900100257,2017년 4월 19일 11시,수요일,전라남도 무안군 삼향읍,중상사고,0,1,1,0,차대차 - 측면충돌,교차로운행방법위반,건조,맑음,교차로 - 교차로안,승용,남,62세,중상,승용,여,33세,경상
2017041900100258,2017년 4월 19일 11시,수요일,전라남도 광양시 진상면,중상사고,0,1,0,0,차대차 - 측면충돌,중앙선침범,건조,맑음,교차로 - 교차로부근,건설기계,남,59세,상해없음,화물,남,68세,중상
2017041900100286,2017년 4월 19일 12시,수요일,전라남도 무안군 무안읍,경상사고,0,0,1,0,차대차 - 정면충돌,안전운전불이행,건조,맑음,교차로 - 교차로안,승용,남,19세,상해없음,이륜,남,18세,경상
2017041900100312,2017년 4월 19일 13시,수요일,전라남도 순천시 풍덕동,경상사고,0,0,2,0,차대차 - 정면충돌,안전운전불이행,건조,맑음,교차로 - 교차로안,승용,남,72세,경상,승용,남,26세,경상
2017041900100313,2017년 4월 19일 13시,수요일,전라남도 해남군 송지면,경상사고,0,0,2,0,차대차 - 측면충돌,중앙선침범,건조,맑음,단일로 - 터널,승용,남,70세,상해없음,이륜,남,76세,경상
2017041900100314,2017년 4월 19일 13시,수요일,전라남도 곡성군 옥과면,중상사고,0,1,0,0,차대차 - 측면충돌,안전운전불이행,건조,맑음,단일로 - 기타,화물,여,65세,상해없음,이륜,남,77세,중상
2017041900100348,2017년 4월 19일 14시,수요일,전라남도 장성군 북하면,중상사고,0,1,0,0,차대사람 - 길가장자리구역통행중,안전운전불이행,건조,맑음,단일로 - 기타,화물,남,66세,상해없음,보행자,남,67세,중상
2017041900100386,2017년 4월 19일 15시,수요일,전라남도 영암군 삼호읍,경상사고,0,0,2,0,차대차 - 기타,안전운전불이행,건조,맑음,교차로 - 교차로안,승용,여,38세,경상,화물,남,51세,경상
2017041900100387,2017년 4월 19일 15시,수요일,전라남도 무안군 무안읍,경상사고,0,0,1,0,차대차 - 추돌,안전운전불이행,건조,맑음,교차로 - 교차로안,화물,남,27세,상해없음,승용,남,53세,경상
2017041900100422,2017년 4월 19일 16시,수요일,전라남도 목포시 산정동,중상사고,0,1,0,0,차대차 - 기타,안전운전불이행,건조,맑음,교차로 - 교차로안,이륜,남,75세,중상,승용,여,48세,상해없음
2017041900100463,2017년 4월 19일 17시,수요일,전라남도 여수시 안산동,사망사고,1,0,0,0,차대사람 - 길가장자리구역통행중,안전운전불이행,건조,맑음,단일로 - 기타,승용,여,37세,상해없음,보행자,남,4세,사망
2017041900100464,2017년 4월 19일 17시,수요일,전라남도 여수시 신월동,경상사고,0,0,1,0,차대사람 - 횡단중,안전운전불이행,건조,맑음,단일로 - 기타,승용,남,65세,상해없음,보행자,여,7세,경상
2017041900100465,2017년 4월 19일 17시,수요일,전라남도 순천시 해룡면,경상사고,0,0,1,0,차대차 - 측면충돌,안전거리미확보,건조,맑음,단일로 - 기타,승용,남,37세,상해없음,승용,남,49세,경상
2017041900100466,2017년 4월 19일 17시,수요일,전라남도 나주시 대호동,중상사고,0,1,0,0,차대사람 - 보도통행중,기타,건조,맑음,단일로 - 기타,화물,남,53세,상해없음,보행자,여,18세,중상
2017041900100467,2017년 4월 19일 17시,수요일,전라남도 장흥군 장흥읍,경상사고,0,0,1,0,차대차 - 추돌,안전운전불이행,건조,맑음,교차로 - 교차로안,화물,여,55세,상해없음,승용,여,51세,경상
2017041900100506,2017년 4월 19일 18시,수요일,전라남도 강진군 강진읍,경상사고,0,0,2,0,차대차 - 추돌,안전운전불이행,건조,맑음,단일로 - 기타,농기계,남,61세,상해없음,승용,남,76세,경상
2017041900100548,2017년 4월 19일 19시,수요일,전라남도 영암군 영암읍,중상사고,0,1,0,0,차대사람 - 횡단중,안전운전불이행,건조,맑음,교차로 - 교차로부근,승용,여,28세,상해없음,보행자,여,75세,중상
2017041900100549,2017년 4월 19일 19시,수요일,전라남도 광양시 중동,경상사고,0,0,2,0,차대차 - 정면충돌,불법유턴,건조,맑음,교차로 - 교차로안,화물,남,46세,경상,승용,남,23세,경상
2017041900100576,2017년 4월 19일 20시,수요일,전라남도 순천시 연향동,중상사고,0,1,0,0,차대차 - 측면충돌,불법유턴,건조,맑음,교차로 - 교차로안,자전거,남,15세,중상,승용,남,57세,상해없음
2017041900100644,2017년 4월 19일 22시,수요일,전라남도 목포시 용해동,중상사고,0,2,0,0,차대사람 - 횡단중,신호위반,건조,기타,교차로 - 교차로횡단보도내,이륜,남,19세,중상,보행자,여,65세,중상
2017042000100064,2017년 4월 20일 05시,목요일,전라남도 목포시 용해동,부상신고사고,0,0,0,1,차량단독 - 공작물충돌,안전운전불이행,건조,맑음,단일로 - 기타,승용,남,35세,부상신고,,,,