사고번호,사고일시,요일,시군구,사고내용,사망자수,중상자수,경상자수,부상신고자수,사고유형,법규위반,노면상태,기상상태,도로형태,가해운전자 차종,가해운전자 성별,가해운전자 연령,가해운전자 상해정도,피해운전자 차종,피해운전자 성별,피해운전자 연령,피해운전자 상해정도
2017042400100406,2017년 4월 24일 16시,월요일,전라남도 영암군 삼호읍,경상사고,0,0,1,0,차대차 - 기타,안전운전불이행,건조,맑음,교차로 - 교차로안,농기계,남,83세,경상,승합,남,44세,상해없음
2017042400100407,2017년 4월 24일 16시,월요일,전라남도 무안군 삼향읍,중상사고,0,1,0,0,차량단독 - 전도전복,안전운전불이행,건조,맑음,교차로 - 교차로부근,이륜,남,61세,중상,미분류,미분류,미분류,미분류
2017042400100408,2017년 4월 24일 16시,월요일,전라남도 광양시 마동,중상사고,0,1,0,0,차대사람 - 횡단중,보행자보호의무위반,건조,맑음,단일로 - 기타,승용,남,64세,상해없음,보행자,남,6세,중상
2017042400100444,2017년 4월 24일 17시,월요일,전라남도 목포시 용당동,중상사고,0,1,0,0,차대차 - 측면충돌,신호위반,건조,맑음,교차로 - 교차로안,화물,남,70세,상해없음,승용,남,45세,중상
2017042400100445,2017년 4월 24일 17시,월요일,전라남도 강진군 군동면,중상사고,0,1,0,0,차량단독 - 전도전복 - 전도,안전운전불이행,건조,맑음,단일로 - 기타,건설기계,남,65세,중상,,,,
2017042400100446,2017년 4월 24일 17시,월요일,전라남도 광양시 광영동,중상사고,0,1,0,0,차대사람 - 기타,안전운전불이행,건조,맑음,기타 - 기타,승용,남,56세,상해없음,보행자,남,71세,중상
2017042400100484,2017년 4월 24일 18시,월요일,전라남도 목포시 옥암동,경상사고,0,0,2,0,차대차 - 기타,안전운전불이행,건조,맑음,교차로 - 교차로부근,승용,여,18세,경상,이륜,남,30세,경상
2017042400100485,2017년 4월 24일 18시,월요일,전라남도 목포시 옥암동,경상사고,0,0,1,0,차대차 - 측면충돌,안전운전불이행,건조,맑음,단일로 - 기타,특수,남,35세,상해없음,승용,남,35세,경상
2017042400100523,2017년 4월 24일 19시,월요일,전라남도 목포시 용해동,경상사고,0,0,1,0,차대사람 - 횡단중,안전운전불이행,건조,맑음,단일로 - 기타,승용,남,44세,상해없음,보행자,남,46세,경상
2017042400100587,2017년 4월 24일 21시,월요일,전라남도 목포시 산정동,사망사고,1,0,0,0,차대사람 - 기타,안전운전불이행,건조,맑음,단일로 - 기타,화물,남,38세,상해없음,보행자,남,70세,사망
2017042400100588,2017년 4월 24일 21시,월요일,전라남도 여수시 율촌면,중상사고,0,1,0,0,차대사람 - 횡단중,안전운전불이행,건조,맑음,단일로 - 기타,승용,여,46세,상해없음,보행자,여,27세,중상
2017042400100605,2017년 4월 24일 22시,월요일,전라남도 여수시 학동,부상신고사고,0,0,0,1,차량단독 - 기타,안전운전불이행,건조,맑음,단일로 - 기타,승용,남,50세,부상신고,,,,
2017042400100623,2017년 4월 24일 23시,월요일,전라남도 함평군 함평읍,부상신고사고,0,0,0,1,차대차 - 측면충돌,안전운전불이행,건조,맑음,교차로 - 교차로부근,자전거,여,14세,부상신고,승용,남,26세,상해없음
2017042500100031,2017년 4월 25일 01시,화요일,전라남도 목포시 상동,경상사고,0,0,1,0,차대차 - 기타,안전거리미확보,건조,맑음,단일로 - 기타,이륜,남,16세,상해없음,승합,남,35세,경상
2017042500100032,2017년 4월 25일 01시,화요일,전라남도 목포시 상동,중상사고,0,1,0,0,차대사람 - 횡단중,안전운전불이행,건조,맑음,교차로 - 교차로안,승용,남,61세,상해없음,보행자,남,45세,중상
2017042500100111,2017년 4월 25일 08시,화요일,전라남도 순천시 별량면,중상사고,0,1,0,0,차량단독 - 전도전복 - 전도,안전운전불이행,건조,맑음,단일로 - 기타,사륜오토바이(ATV),남,74세,중상,,,,
2017042500100112,2017년 4월 25일 08시,화요일,전라남도 영암군 학산면,중상사고,0,1,0,0,차대차 - 측면충돌,중앙선침범,건조,맑음,교차로 - 교차로안,원동기,남,72세,중상,승용,여,36세,상해없음
2017042500100174,2017년 4월 25일 10시,화요일,전라남도 여수시 신월동,경상사고,0,0,1,0,차대차 - 측면충돌,신호위반,건조,맑음,교차로 - 교차로안,승용,남,66세,상해없음,원동기,남,25세,경상
2017042500100193,2017년 4월 25일 11시,화요일,전라남도 영광군 백수읍,중상사고,0,1,0,0,차대차 - 추돌,안전거리미확보,건조,맑음,단일로 - 기타,화물,남,61세,상해없음,원동기,남,59세,중상
2017042500100260,2017년 4월 25일 13시,화요일,전라남도 순천시 해룡면,경상사고,0,0,3,0,차대차 - 측면충돌,신호위반,건조,맑음,교차로 - 교차로안,화물,남,42세,상해없음,승용,여,47세,경상
2017042500100261,2017년 4월 25일 13시,화요일,전라남도 화순군 화순읍,경상사고,0,0,1,0,차대차 - 기타,안전운전불이행,건조,맑음,단일로 - 기타,화물,남,63세,상해없음,승용,여,31세,경상
2017042500100285,2017년 4월 25일 14시,화요일,전라남도 순천시 별량면,경상사고,0,0,1,0,차대차 - 추돌,안전거리미확보,건조,맑음,교차로 - 교차로부근,이륜,남,63세,경상,승용,남,43세,상해없음
2017042500100286,2017년 4월 25일 14시,화요일,전라남도 고흥군 대서면,중상사고,0,1,0,0,차대사람 - 기타,안전운전불이행,젖음/습기,비,단일로 - 기타,화물,남,69세,상해없음,보행자,남,76세,중상
2017042500100287,2017년 4월 25일 14시,화요일,전라남도 영광군 영광읍,경상사고,0,0,1,0,차대차 - 측면충돌,안전운전불이행,건조,맑음,단일로 - 기타,화물,여,59세,상해없음,이륜,남,73세,경상
2017042500100327,2017년 4월 25일 15시,화요일,전라남도 강진군 칠량면,중상사고,0,1,0,0,차대차 - 추돌,안전운전불이행,건조,맑음,단일로 - 기타,화물,남,52세,상해없음,승용,남,28세,중상
2017042500100359,2017년 4월 25일 16시,화요일,전라남도 보성군 미력면,중상사고,0,1,0,0,차대차 - 측면충돌,안전운전불이행,건조,맑음,교차로 - 교차로부근,이륜,남,79세,중상,승용,여,41세,상해없음
2017042500100391,2017년 4월 25일 17시,화요일,전라남도 순천시 해룡면,경상사고,0,0,1,0,차대차 - 측면충돌,안전운전불이행,건조,맑음,교차로 - 교차로부근,화물,남,72세,상해없음,승용,남,25세,경상
2017042500100421,2017년 4월 25일 18시,화요일,전라남도 완도군 군외면,중상사고,0,1,0,0,차대차 - 기타,기타,건조,흐림,단일로 - 기타,승용,남,36세,상해없음,승용,여,58세,중상
2017042500100476,2017년 4월 25일 20시,화요일,전라남도 화순군 화순읍,경상사고,0,0,1,0,차대차 - 추돌,안전운전불이행,건조,맑음,단일로 - 기타,승용,남,54세,상해없음,승용,남,62세,경상
2017042500100528,2017년 4월 25일 22시,화요일,전라남도 목포시 상동,경상사고,0,0,1,0,차대사람 - 길가장자리구역통행중,안전운전불이행,건조,맑음,단일로 - 기타,승용,남,59세,상해없음,보행자,남,42세,경상
2017042600100057,2017년 4월 26일 03시,수요일,전라남도 순천시 조례동,경상사고,0,0,1,0,차대사람 - 길가장자리구역통행중,안전운전불이행,건조,맑음,주차장 - 주차장,승용,남,37세,상해없음,보행자,남,33세,경상
2017042600100071,2017년 4월 26일 05시,수요일,전라남도 순천시 연향동,경상사고,0,0,1,0,차대차 - 측면충돌,불법유턴,젖음/습기,비,교차로 - 교차로부근,화물,남,54세,상해없음,화물,남,67세,상해없음
2017042600100072,2017년 4월 26일 05시,수요일,전라남도 보성군 벌교읍,중상사고,0,7,1,0,차량단독 - 전도전복 - 전도,안전운전불이행,건조,맑음,단일로 - 기타,승합,남,72세,상해없음,,,,
2017042600100085,2017년 4월 26일 06시,수요일,전라남도 장흥군 회진면,중상사고,0,1,0,0,차대차 - 측면충돌,기타,건조,맑음,단일로 - 기타,화물,여,55세,상해없음,사륜오토바이(ATV),여,80세,중상
2017042600100139,2017년 4월 26일 08시,수요일,전라남도 목포시 상동,경상사고,0,0,4,0,차대차 - 기타,안전운전불이행,젖음/습기,흐림,교차로 - 교차로안,승용,여,54세,경상,승용,남,24세,경상
2017042600100140,2017년 4월 26일 08시,수요일,전라남도 강진군 성전면,경상사고,0,0,1,0,차대사람 - 횡단중,안전운전불이행,건조,맑음,단일로 - 기타,승용,남,70세,상해없음,보행자,여,6세,경상
2017042600100141,2017년 4월 26일 08시,수요일,전라남도 담양군 대전면,경상사고,0,0,1,0,차대차 - 추돌,안전운전불이행,건조,맑음,단일로 - 기타,승용,남,76세,상해없음,승용,여,50세,경상
2017042600100182,2017년 4월 26일 09시,수요일,전라남도 순천시 장천동,중상사고,0,1,2,0,차대차 - 측면충돌,교차로운행방법위반,건조,맑음,교차로 - 교차로안,승용,남,61세,경상,승용,남,66세,경상
2017042600100183,2017년 4월 26일 09시,수요일,전라남도 나주시 다시면,경상사고,0,0,1,0,차대사람 - 길가장자리구역통행중,안전운전불이행,건조,맑음,교차로 - 교차로안,화물,남,59세,상해없음,보행자,여,81세,경상
2017042600100184,2017년 4월 26일 09시,수요일,전라남도 영광군 홍농읍,중상사고,0,1,0,0,차대사람 - 길가장자리구역통행중,안전운전불이행,건조,맑음,교차로 - 교차로안,화물,남,34세,상해없음,보행자,남,85세,중상
2017042600100240,2017년 4월 26일 11시,수요일,전라남도 영암군 군서면,중상사고,0,1,0,0,차대사람 - 길가장자리구역통행중,안전운전불이행,건조,맑음,단일로 - 기타,승용,남,75세,상해없음,보행자,남,54세,중상
2017042600100241,2017년 4월 26일 11시,수요일,전라남도 무안군 삼향읍,경상사고,0,0,2,0,차대차 - 추돌,안전거리미확보,젖음/습기,흐림,교차로 - 교차로안,승용,남,55세,상해없음,화물,남,65세,상해없음
2017042600100242,2017년 4월 26일 11시,수요일,전라남도 광양시 광양읍,경상사고,0,0,2,0,차대차 - 추돌,안전운전불이행,건조,맑음,단일로 - 기타,승용,남,66세,상해없음,승용,여,41세,경상
2017042600100243,2017년 4월 26일 11시,수요일,전라남도 광양시 중동,경상사고,0,0,2,0,차대차 - 기타,안전운전불이행,건조,맑음,주차장 - 주차장,승용,남,43세,경상,승용,남,50세,경상
2017042600100272,2017년 4월 26일 12시,수요일,전라남도 순천시 서면,경상사고,0,0,1,0,차대차 - 추돌,안전운전불이행,건조,맑음,교차로 - 교차로부근,승용,남,58세,상해없음,승용,여,39세,경상
2017042600100273,2017년 4월 26일 12시,수요일,전라남도 해남군 북평면,경상사고,0,0,1,0,차대차 - 추돌,안전거리미확보,건조,맑음,단일로 - 기타,화물,남,53세,상해없음,화물,남,82세,경상
2017042600100274,2017년 4월 26일 12시,수요일,전라남도 장성군 장성읍,중상사고,0,1,1,0,차대사람 - 횡단중,안전운전불이행,건조,맑음,단일로 - 기타,건설기계,남,43세,상해없음,보행자,여,16세,중상
2017042600100306,2017년 4월 26일 13시,수요일,전라남도 순천시 별량면,경상사고,0,0,1,0,차대차 - 추돌,안전운전불이행,건조,맑음,교차로 - 교차로안,승용,여,49세,상해없음,승용,남,34세,경상
2017042600100376,2017년 4월 26일 15시,수요일,전라남도 신안군 압해읍,중상사고,0,1,0,0,차대차 - 측면충돌,안전운전불이행,건조,맑음,단일로 - 기타,농기계,남,76세,중상,승합,남,42세,상해없음
2017042600100377,2017년 4월 26일 15시,수요일,전라남도 해남군 해남읍,경상사고,0,0,1,0,차대차 - 기타,안전운전불이행,건조,맑음,교차로 - 교차로안,이륜,남,16세,경상,승용,남,44세,상해없음
2017042600100410,2017년 4월 26일 16시,수요일,전라남도 여수시 학동,중상사고,0,1,0,0,차대사람 - 횡단중,보행자보호의무위반,건조,맑음,단일로 - 기타,승용,남,32세,상해없음,보행자,여,70세,중상
2017042600100451,2017년 4월 26일 17시,수요일,전라남도 영암군 삼호읍,경상사고,0,0,1,0,차대사람 - 차도통행중,안전운전불이행,건조,맑음,단일로 - 기타,승용,여,52세,상해없음,보행자,남,41세,경상
2017042600100452,2017년 4월 26일 17시,수요일,전라남도 광양시 태인동,경상사고,0,0,2,0,차대차 - 측면충돌,안전운전불이행,건조,맑음,교차로 - 교차로안,화물,남,33세,경상,특수,남,50세,경상
2017042600100490,2017년 4월 26일 18시,수요일,전라남도 목포시 상동,경상사고,0,0,1,0,차대차 - 측면충돌,중앙선침범,건조,맑음,단일로 - 기타,승용,남,62세,상해없음,이륜,남,17세,경상
2017042600100491,2017년 4월 26일 18시,수요일,전라남도 순천시 풍덕동,경상사고,0,0,1,0,차대차 - 측면충돌,중앙선침범,건조,맑음,단일로 - 기타,승용,여,42세,상해없음,이륜,남,24세,경상
2017042600100532,2017년 4월 26일 19시,수요일,전라남도 나주시 노안면,경상사고,0,0,1,0,차대차 - 측면충돌,중앙선침범,건조,맑음,교차로 - 교차로부근,승용,여,31세,상해없음,승용,남,24세,경상
2017042600100533,2017년 4월 26일 19시,수요일,전라남도 영광군 영광읍,경상사고,0,0,1,0,차대차 - 측면충돌,직진우회전진행방해,건조,맑음,교차로 - 교차로안,승용,남,18세,상해없음,승용,여,46세,경상
2017042600100534,2017년 4월 26일 19시,수요일,전라남도 장성군 북이면,경상사고,0,0,1,0,차량단독 - 전도전복 - 전도,안전운전불이행,건조,맑음,단일로 - 기타,화물,남,66세,경상,,,,
2017042600100559,2017년 4월 26일 20시,수요일,전라남도 보성군 노동면,경상사고,0,0,1,0,차량단독 - 전도전복 - 전도,안전운전불이행,건조,맑음,단일로 - 기타,화물,남,62세,경상,,,,
2017042600100591,2017년 4월 26일 21시,수요일,전라남도 여수시 안산동,경상사고,0,0,2,0,차대차 - 정면충돌,교차로운행방법위반,건조,맑음,교차로 - 교차로안,승용,남,60세,경상,승용,여,54세,경상
2017042600100592,2017년 4월 26일 21시,수요일,전라남도 순천시 해룡면,경상사고,0,0,1,0,차대차 - 추돌,차로위반,건조,흐림,단일로 - 기타,승용,남,48세,상해없음,승용,남,33세,경상
2017042700100076,2017년 4월 27일 06시,목요일,전라남도 목포시 옥암동,경상사고,0,0,1,0,차대차 - 측면충돌,신호위반,건조,맑음,단일로 - 기타,승용,남,32세,상해없음,화물,남,32세,경상
2017042700100102,2017년 4월 27일 07시,목요일,전라남도 진도군 의신면,중상사고,0,1,0,0,차대차 - 정면충돌,중앙선침범,건조,맑음,단일로 - 기타,화물,여,55세,상해없음,화물,여,46세,중상
2017042700100103,2017년 4월 27일 07시,목요일,전라남도 광양시 다압면,경상사고,0,0,3,0,차대차 - 측면충돌,교차로운행방법위반,건조,맑음,교차로 - 교차로안,화물,남,52세,경상,승용,남,81세,경상
2017042700100137,2017년 4월 27일 08시,목요일,전라남도 신안군 압해읍,중상사고,0,1,0,0,차대차 - 기타,안전운전불이행,건조,맑음,단일로 - 기타,화물,남,64세,상해없음,원동기,남,74세,중상
2017042700100138,2017년 4월 27일 08시,목요일,전라남도 여수시 안산동,경상사고,0,0,3,0,차대차 - 추돌,안전운전불이행,건조,맑음,교차로 - 교차로안,승용,여,30세,경상,승용,여,35세,경상
2017042700100139,2017년 4월 27일 08시,목요일,전라남도 순천시 가곡동,경상사고,0,0,1,0,차대차 - 측면충돌,차로위반,건조,맑음,단일로 - 기타,승용,여,38세,상해없음,승용,여,63세,경상
2017042700100140,2017년 4월 27일 08시,목요일,전라남도 영광군 영광읍,경상사고,0,0,1,0,차대사람 - 기타,안전운전불이행,건조,맑음,교차로 - 교차로안,승용,남,23세,상해없음,보행자,여,72세,경상
2017042700100141,2017년 4월 27일 08시,목요일,전라남도 화순군 화순읍,중상사고,0,1,0,0,차대차 - 측면충돌,직진우회전진행방해,건조,맑음,교차로 - 교차로안,자전거,남,13세,중상,승용,남,43세,상해없음
2017042700100175,2017년 4월 27일 09시,목요일,전라남도 목포시 상동,경상사고,0,0,1,0,차대차 - 측면충돌,안전운전불이행,건조,맑음,단일로 - 기타,건설기계,남,53세,상해없음,승용,여,56세,경상
2017042700100222,2017년 4월 27일 11시,목요일,전라남도 여수시 소라면,경상사고,0,0,1,0,차대차 - 측면충돌,안전운전불이행,건조,맑음,교차로 - 교차로안,승용,남,27세,경상,화물,남,47세,상해없음
2017042700100223,2017년 4월 27일 11시,목요일,전라남도 영암군 삼호읍,경상사고,0,0,1,0,차대차 - 기타,직진우회전진행방해,건조,맑음,교차로 - 교차로안,승용,남,69세,상해없음,승용,남,58세,경상
2017042700100224,2017년 4월 27일 11시,목요일,전라남도 곡성군 겸면,경상사고,0,0,1,0,차대차 - 기타,안전운전불이행,건조,맑음,단일로 - 기타,화물,남,29세,상해없음,화물,남,59세,경상
2017042700100273,2017년 4월 27일 13시,목요일,전라남도 장흥군 장흥읍,경상사고,0,0,1,0,차대차 - 측면충돌,안전운전불이행,건조,맑음,교차로 - 교차로안,승용,남,58세,상해없음,승용,남,71세,상해없음
2017042700100274,2017년 4월 27일 13시,목요일,전라남도 함평군 함평읍,사망사고,1,0,0,0,차대사람 - 횡단중,안전운전불이행,건조,맑음,교차로 - 교차로안,화물,남,54세,상해없음,보행자,남,60세,사망
2017042700100275,2017년 4월 27일 13시,목요일,전라남도 강진군 강진읍,경상사고,0,0,1,0,차대차 - 기타,안전운전불이행,건조,맑음,단일로 - 기타,승합,남,63세,상해없음,화물,남,76세,경상
2017042700100431,2017년 4월 27일 17시,목요일,전라남도 순천시 해룡면,경상사고,0,0,1,0,차대차 - 추돌,안전거리미확보,건조,맑음,교차로 - 교차로부근,승용,남,45세,상해없음,승용,남,60세,경상
2017042700100432,2017년 4월 27일 17시,목요일,전라남도 순천시 연향동,경상사고,0,0,3,0,차대차 - 측면충돌,신호위반,건조,맑음,교차로 - 교차로안,승용,남,51세,상해없음,승용,남,35세,경상
2017042700100433,2017년 4월 27일 17시,목요일,전라남도 고흥군 고흥읍,경상사고,0,0,1,0,차대차 - 후진중충돌,안전운전불이행,건조,맑음,교차로 - 교차로부근,화물,남,51세,상해없음,승용,남,21세,경상
2017042700100434,2017년 4월 27일 17시,목요일,전라남도 무안군 해제면,사망사고,1,1,1,0,차대차 - 정면충돌,안전운전불이행,건조,맑음,교차로 - 교차로안,화물,남,64세,사망,승합,남,43세,경상
2017042700100482,2017년 4월 27일 18시,목요일,전라남도 목포시 용해동,경상사고,0,0,1,0,차대사람 - 횡단중,보행자보호의무위반,건조,맑음,교차로 - 교차로부근,승용,여,26세,상해없음,보행자,남,8세,경상
2017042700100483,2017년 4월 27일 18시,목요일,전라남도 순천시 연향동,중상사고,0,1,0,0,차대차 - 기타,안전운전불이행,건조,맑음,단일로 - 기타,화물,남,35세,상해없음,원동기,남,17세,중상
2017042700100484,2017년 4월 27일 18시,목요일,전라남도 고흥군 고흥읍,중상사고,0,1,0,0,차대사람 - 횡단중,중앙선침범,건조,맑음,단일로 - 기타,승용,남,61세,상해없음,보행자,남,57세,중상
2017042700100516,2017년 4월 27일 19시,목요일,전라남도 목포시 산정동,경상사고,0,0,1,0,차대사람 - 길가장자리구역통행중,안전운전불이행,건조,맑음,단일로 - 기타,승용,남,43세,상해없음,보행자,여,40세,경상
2017042700100517,2017년 4월 27일 19시,목요일,전라남도 순천시 연향동,경상사고,0,0,2,0,차대차 - 정면충돌,안전운전불이행,건조,맑음,교차로 - 교차로부근,승용,남,42세,상해없음,승용,여,46세,경상
2017042700100518,2017년 4월 27일 19시,목요일,전라남도 화순군 화순읍,중상사고,0,1,0,0,차대사람 - 횡단중,안전운전불이행,건조,맑음,단일로 - 기타,승용,남,50세,상해없음,보행자,남,4세,중상
2017042700100519,2017년 4월 27일 19시,목요일,전라남도 영암군 덕진면,중상사고,0,2,0,0,차대차 - 측면충돌,신호위반,건조,맑음,교차로 - 교차로안,승용,여,29세,중상,화물,남,33세,중상
2017042700100595,2017년 4월 27일 21시,목요일,전라남도 강진군 강진읍,경상사고,0,0,6,0,차대차 - 기타,안전운전불이행,건조,맑음,주차장 - 주차장,승용,남,48세,상해없음,승용,남,51세,경상
2017042700100643,2017년 4월 27일 23시,목요일,전라남도 보성군 벌교읍,부상신고사고,0,0,0,1,차대차 - 추돌,안전운전불이행,건조,맑음,단일로 - 기타,승용,남,40세,부상신고,화물,남,46세,기타불명
2017042800100057,2017년 4월 28일 03시,금요일,전라남도 나주시 성북동,중상사고,0,2,4,0,차대차 - 추돌,차로위반,건조,맑음,단일로 - 기타,승용,남,17세,상해없음,화물,남,59세,경상
2017042800100073,2017년 4월 28일 05시,금요일,전라남도 순천시 서면,중상사고,0,2,3,0,차대차 - 추돌,안전운전불이행,건조,맑음,교차로 - 교차로부근,화물,남,56세,중상,승용,남,37세,중상
2017042800100087,2017년 4월 28일 06시,금요일,전라남도 화순군 화순읍,중상사고,0,1,0,0,차대차 - 측면충돌,교차로운행방법위반,건조,맑음,주차장 - 주차장,승용,여,60세,상해없음,자전거,남,83세,중상
2017042800100140,2017년 4월 28일 08시,금요일,전라남도 여수시 신기동,중상사고,0,1,3,0,차대차 - 측면충돌,신호위반,건조,맑음,교차로 - 교차로안,승용,여,42세,상해없음,승용,여,30세,경상
2017042800100141,2017년 4월 28일 08시,금요일,전라남도 함평군 함평읍,부상신고사고,0,0,0,1,차대차 - 정면충돌,중앙선침범,건조,맑음,단일로 - 기타,이륜,남,64세,부상신고,승용,여,44세,상해없음
2017042800100142,2017년 4월 28일 08시,금요일,전라남도 함평군 함평읍,경상사고,0,0,1,0,차량단독 - 전도전복,안전운전불이행,건조,맑음,단일로 - 기타,이륜,남,84세,경상,미분류,미분류,미분류,미분류
2017042800100195,2017년 4월 28일 09시,금요일,전라남도 여수시 화장동,경상사고,0,0,1,0,차대차 - 측면충돌,불법유턴,건조,맑음,교차로 - 교차로안,화물,남,71세,상해없음,승용,남,35세,경상
2017042800100196,2017년 4월 28일 09시,금요일,전라남도 장성군 장성읍,경상사고,0,0,1,1,차대차 - 측면충돌,교차로운행방법위반,건조,맑음,교차로 - 교차로안,승용,여,61세,부상신고,승용,여,46세,경상
2017042800100224,2017년 4월 28일 10시,금요일,전라남도 목포시 산정동,경상사고,0,0,1,0,차대차 - 기타,직진우회전진행방해,건조,맑음,교차로 - 교차로안,승용,남,68세,상해없음,승용,여,41세,경상
2017042800100225,2017년 4월 28일 10시,금요일,전라남도 여수시 화양면,부상신고사고,0,0,0,1,차량단독 - 기타,안전운전불이행,건조,맑음,단일로 - 기타,승합,남,55세,상해없음,,,,
2017042800100226,2017년 4월 28일 10시,금요일,전라남도 나주시 이창동,중상사고,0,1,0,0,차대차 - 기타,안전운전불이행,건조,맑음,단일로 - 기타,화물,남,44세,상해없음,원동기,남,76세,중상
2017042800100227,2017년 4월 28일 10시,금요일,전라남도 광양시 마동,중상사고,0,1,0,0,차량단독 - 전도전복 - 전도,안전운전불이행,건조,맑음,단일로 - 기타,이륜,남,18세,중상,,,,
2017042800100293,2017년 4월 28일 12시,금요일,전라남도 순천시 연향동,경상사고,0,0,1,0,차대사람 - 길가장자리구역통행중,안전운전불이행,건조,맑음,단일로 - 기타,승용,여,68세,상해없음,보행자,여,61세,경상
2017042800100294,2017년 4월 28일 12시,금요일,전라남도 장흥군 장흥읍,경상사고,0,0,2,0,차대차 - 측면충돌,중앙선침범,건조,맑음,단일로 - 기타,승용,남,64세,상해없음,승용,남,54세,경상
2017042800100323,2017년 4월 28일 13시,금요일,전라남도 신안군 안좌면,사망사고,1,0,0,0,차량단독 - 기타,안전운전불이행,건조,맑음,단일로 - 기타,농기계,남,75세,사망,,,,
2017042800100324,2017년 4월 28일 13시,금요일,전라남도 나주시 성북동,중상사고,0,1,0,0,차대사람 - 횡단중,안전운전불이행,건조,맑음,단일로 - 기타,승합,남,51세,상해없음,보행자,여,74세,중상
2017042800100359,2017년 4월 28일 14시,금요일,전라남도 고흥군 도양읍,경상사고,0,0,1,0,차대차 - 측면충돌,안전운전불이행,건조,맑음,단일로 - 기타,승용,남,40세,상해없음,화물,남,66세,경상
2017042800100432,2017년 4월 28일 16시,금요일,전라남도 순천시 주암면,중상사고,0,1,0,0,차대사람 - 차도통행중,안전운전불이행,건조,맑음,교차로 - 교차로부근,승용,남,47세,상해없음,보행자,여,69세,중상
2017042800100433,2017년 4월 28일 16시,금요일,전라남도 완도군 완도읍,경상사고,0,0,1,0,차대차 - 기타,안전운전불이행,건조,맑음,단일로 - 기타,자전거,남,60세,경상,화물,남,39세,상해없음
2017042800100434,2017년 4월 28일 16시,금요일,전라남도 진도군 고군면,중상사고,0,1,0,0,차대사람 - 차도통행중,안전운전불이행,건조,맑음,단일로 - 기타,승용,남,77세,상해없음,보행자,여,33세,중상
2017042800100479,2017년 4월 28일 17시,금요일,전라남도 목포시 용당동,중상사고,0,1,0,0,차대차 - 기타,안전운전불이행,건조,맑음,단일로 - 기타,승용,남,76세,상해없음,이륜,남,52세,중상
2017042800100480,2017년 4월 28일 17시,금요일,전라남도 여수시 오림동,경상사고,0,0,2,1,차대차 - 측면충돌,신호위반,건조,맑음,교차로 - 교차로안,승용,남,29세,부상신고,승합,남,55세,경상
2017042800100481,2017년 4월 28일 17시,금요일,전라남도 순천시 풍덕동,경상사고,0,0,1,0,차대차 - 측면충돌,교차로운행방법위반,건조,맑음,교차로 - 교차로안,승용,남,20세,상해없음,원동기,남,14세,경상
2017042800100482,2017년 4월 28일 17시,금요일,전라남도 고흥군 풍양면,중상사고,0,1,2,0,차대차 - 측면충돌,교차로운행방법위반,건조,맑음,교차로 - 교차로안,승용,여,55세,경상,화물,남,35세,경상
2017042800100508,2017년 4월 28일 18시,금요일,전라남도 여수시 선원동,경상사고,0,0,1,0,차대차 - 측면충돌,기타,건조,맑음,단일로 - 기타,화물,남,46세,상해없음,이륜,남,39세,경상
2017042800100553,2017년 4월 28일 19시,금요일,전라남도 목포시 상동,경상사고,0,0,1,0,차대사람 - 보도통행중,기타,건조,맑음,기타 - 기타,화물,남,46세,상해없음,보행자,여,83세,경상
2017042800100554,2017년 4월 28일 19시,금요일,전라남도 여수시 남산동,경상사고,0,0,4,0,차대차 - 추돌,안전운전불이행,건조,맑음,교차로 - 교차로부근,승용,남,38세,상해없음,승합,여,47세,경상
2017042800100555,2017년 4월 28일 19시,금요일,전라남도 여수시 웅천동,중상사고,0,2,0,0,차대차 - 측면충돌,신호위반,건조,맑음,교차로 - 교차로안,승용,남,42세,중상,승용,남,35세,중상
2017042800100556,2017년 4월 28일 19시,금요일,전라남도 여수시 봉산동,중상사고,0,1,0,0,차대사람 - 횡단중,안전운전불이행,건조,맑음,단일로 - 기타,원동기,남,18세,상해없음,보행자,여,67세,중상
2017042800100557,2017년 4월 28일 19시,금요일,전라남도 고흥군 점암면,사망사고,1,0,0,0,차량단독 - 전도전복 - 전도,안전운전불이행,건조,맑음,단일로 - 기타,원동기,남,80세,사망,,,,
2017042800100558,2017년 4월 28일 19시,금요일,전라남도 고흥군 대서면,중상사고,0,2,0,0,차대차 - 추돌,안전운전불이행,건조,맑음,단일로 - 기타,화물,남,59세,상해없음,농기계,남,81세,중상
2017042800100559,2017년 4월 28일 19시,금요일,전라남도 장성군 장성읍,경상사고,0,0,1,0,차대차 - 기타,직진우회전진행방해,건조,맑음,교차로 - 교차로안,승용,여,42세,상해없음,승용,남,49세,상해없음
2017042800100560,2017년 4월 28일 19시,금요일,전라남도 담양군 담양읍,중상사고,0,1,0,0,차대사람 - 횡단중,보행자보호의무위반,건조,맑음,교차로 - 교차로횡단보도내,승용,남,63세,상해없음,보행자,남,51세,중상
2017042800100605,2017년 4월 28일 20시,금요일,전라남도 순천시 조례동,경상사고,0,0,1,0,차대차 - 추돌,안전운전불이행,건조,맑음,단일로 - 기타,승용,남,56세,상해없음,승용,남,29세,경상
2017042800100606,2017년 4월 28일 20시,금요일,전라남도 고흥군 도양읍,경상사고,0,0,3,0,차대차 - 측면충돌,안전운전불이행,건조,맑음,단일로 - 기타,화물,남,55세,상해없음,승용,남,55세,경상