사고번호,사고일시,요일,시군구,사고내용,사망자수,중상자수,경상자수,부상신고자수,사고유형,법규위반,노면상태,기상상태,도로형태,가해운전자 차종,가해운전자 성별,가해운전자 연령,가해운전자 상해정도,피해운전자 차종,피해운전자 성별,피해운전자 연령,피해운전자 상해정도
2017042800100636,2017년 4월 28일 21시,금요일,전라남도 담양군 담양읍,중상사고,0,1,0,0,차대사람 - 횡단중,안전운전불이행,건조,맑음,단일로 - 기타,승용,남,41세,상해없음,보행자,여,44세,중상
2017042800100671,2017년 4월 28일 22시,금요일,전라남도 목포시 산정동,경상사고,0,0,2,0,차대차 - 기타,안전운전불이행,건조,맑음,교차로 - 교차로부근,승합,여,56세,상해없음,승용,여,33세,경상
2017042900100031,2017년 4월 29일 00시,토요일,전라남도 순천시 조곡동,경상사고,0,0,1,0,차대차 - 정면충돌,안전운전불이행,건조,맑음,단일로 - 기타,승용,남,24세,상해없음,승용,남,63세,상해없음
2017042900100190,2017년 4월 29일 09시,토요일,전라남도 여수시 신기동,중상사고,0,1,0,0,차대차 - 측면충돌,안전운전불이행,건조,맑음,단일로 - 기타,승용,여,42세,상해없음,원동기,남,72세,중상
2017042900100191,2017년 4월 29일 09시,토요일,전라남도 해남군 북일면,경상사고,0,0,1,0,차대차 - 측면충돌,중앙선침범,건조,맑음,단일로 - 기타,승용,여,55세,상해없음,원동기,남,64세,경상
2017042900100227,2017년 4월 29일 10시,토요일,전라남도 완도군 완도읍,경상사고,0,0,1,0,차대차 - 기타,안전운전불이행,건조,맑음,교차로 - 교차로부근,이륜,남,74세,경상,승용,남,25세,상해없음
2017042900100254,2017년 4월 29일 11시,토요일,전라남도 해남군 옥천면,경상사고,0,0,6,0,차대차 - 측면충돌,신호위반,건조,맑음,교차로 - 교차로안,승합,여,45세,상해없음,승용,남,35세,경상
2017042900100286,2017년 4월 29일 12시,토요일,전라남도 여수시 여서동,경상사고,0,0,6,0,차대차 - 측면충돌,교차로운행방법위반,건조,맑음,교차로 - 교차로안,승용,남,45세,경상,승용,남,40세,경상
2017042900100287,2017년 4월 29일 12시,토요일,전라남도 나주시 남평읍,부상신고사고,0,0,0,1,차대차 - 측면충돌,안전운전불이행,건조,맑음,단일로 - 기타,승용,여,34세,부상신고,건설기계,남,65세,상해없음
2017042900100288,2017년 4월 29일 12시,토요일,전라남도 고흥군 풍양면,경상사고,0,0,1,0,차대차 - 기타,안전운전불이행,건조,맑음,단일로 - 기타,승용,여,55세,상해없음,승용,남,64세,경상
2017042900100289,2017년 4월 29일 12시,토요일,전라남도 고흥군 고흥읍,경상사고,0,0,1,0,차대사람 - 길가장자리구역통행중,안전운전불이행,건조,맑음,단일로 - 기타,원동기,남,24세,상해없음,보행자,여,7세,경상
2017042900100290,2017년 4월 29일 12시,토요일,전라남도 고흥군 고흥읍,중상사고,0,1,0,0,차량단독 - 전도전복 - 전도,안전운전불이행,건조,맑음,교차로 - 교차로안,원동기,남,50세,중상,,,,
2017042900100291,2017년 4월 29일 12시,토요일,전라남도 해남군 북평면,사망사고,1,0,0,0,차대차 - 측면충돌,중앙선침범,건조,맑음,교차로 - 교차로부근,이륜,남,83세,사망,화물,남,69세,상해없음
2017042900100334,2017년 4월 29일 13시,토요일,전라남도 영광군 군서면,경상사고,0,0,1,0,차대차 - 정면충돌,직진우회전진행방해,건조,맑음,교차로 - 교차로안,승용,여,56세,기타불명,화물,남,58세,경상
2017042900100335,2017년 4월 29일 13시,토요일,전라남도 광양시 광양읍,경상사고,0,0,2,0,차대차 - 측면충돌,직진우회전진행방해,건조,맑음,교차로 - 교차로안,승용,여,37세,경상,승용,남,54세,경상
2017042900100369,2017년 4월 29일 14시,토요일,전라남도 나주시 남평읍,사망사고,2,0,3,0,차대차 - 측면충돌,교차로운행방법위반,건조,맑음,교차로 - 교차로안,승용,남,36세,상해없음,건설기계,남,54세,경상
2017042900100370,2017년 4월 29일 14시,토요일,전라남도 고흥군 도양읍,중상사고,0,2,4,0,차대차 - 측면충돌,교차로운행방법위반,건조,맑음,교차로 - 교차로안,승용,남,71세,경상,화물,남,51세,경상
2017042900100371,2017년 4월 29일 14시,토요일,전라남도 보성군 벌교읍,중상사고,0,1,0,0,차량단독 - 전도전복 - 전도,안전운전불이행,건조,맑음,단일로 - 기타,원동기,남,64세,중상,,,,
2017042900100451,2017년 4월 29일 16시,토요일,전라남도 목포시 옥암동,경상사고,0,0,1,0,차대사람 - 기타,안전운전불이행,건조,맑음,단일로 - 기타,승용,남,41세,상해없음,보행자,여,42세,경상
2017042900100452,2017년 4월 29일 16시,토요일,전라남도 여수시 신월동,경상사고,0,0,1,0,차대차 - 추돌,안전운전불이행,건조,맑음,교차로 - 교차로부근,화물,남,59세,상해없음,승용,남,32세,경상
2017042900100453,2017년 4월 29일 16시,토요일,전라남도 순천시 장천동,중상사고,0,1,0,0,차대사람 - 횡단중,안전운전불이행,건조,맑음,단일로 - 기타,승용,여,41세,상해없음,보행자,여,49세,중상
2017042900100454,2017년 4월 29일 16시,토요일,전라남도 함평군 함평읍,경상사고,0,0,2,0,차대차 - 측면충돌,신호위반,건조,맑음,교차로 - 교차로안,승용,남,60세,상해없음,승용,남,70세,경상
2017042900100455,2017년 4월 29일 16시,토요일,전라남도 담양군 담양읍,경상사고,0,0,1,0,차대사람 - 횡단중,안전운전불이행,건조,맑음,단일로 - 기타,승용,여,43세,상해없음,보행자,여,11세,경상
2017042900100456,2017년 4월 29일 16시,토요일,전라남도 광양시 광양읍,경상사고,0,0,3,0,차대차 - 추돌,안전운전불이행,건조,맑음,교차로 - 교차로부근,화물,남,62세,상해없음,승용,여,47세,경상
2017042900100496,2017년 4월 29일 17시,토요일,전라남도 목포시 상동,경상사고,0,0,1,0,차대차 - 측면충돌,안전운전불이행,건조,맑음,단일로 - 기타,원동기,남,17세,경상,승용,남,27세,상해없음
2017042900100497,2017년 4월 29일 17시,토요일,전라남도 광양시 광양읍,경상사고,0,0,1,0,차대차 - 측면충돌,중앙선침범,건조,맑음,교차로 - 교차로부근,승용,남,61세,상해없음,원동기,남,59세,경상
2017042900100498,2017년 4월 29일 17시,토요일,전라남도 광양시 옥곡면,경상사고,0,0,1,1,차대사람 - 길가장자리구역통행중,안전운전불이행,건조,맑음,교차로 - 교차로안,자전거,남,51세,부상신고,보행자,여,56세,경상
2017042900100499,2017년 4월 29일 17시,토요일,전라남도 광양시 광양읍,경상사고,0,0,1,0,차대사람 - 차도통행중,안전운전불이행,건조,맑음,교차로 - 교차로안,기타불명,기타불명,미분류,기타불명,보행자,여,76세,경상
2017042900100573,2017년 4월 29일 19시,토요일,전라남도 여수시 율촌면,경상사고,0,0,3,0,차대차 - 추돌,안전거리미확보,건조,맑음,단일로 - 기타,승합,남,57세,상해없음,승용,여,35세,경상
2017042900100574,2017년 4월 29일 19시,토요일,전라남도 영암군 삼호읍,경상사고,0,0,1,0,차대차 - 추돌,안전운전불이행,건조,맑음,교차로 - 교차로부근,화물,남,60세,경상,화물,남,72세,상해없음
2017042900100609,2017년 4월 29일 20시,토요일,전라남도 목포시 용해동,사망사고,1,0,0,0,차대사람 - 횡단중,안전운전불이행,건조,맑음,교차로 - 교차로횡단보도내,승용,남,52세,상해없음,보행자,여,85세,사망
2017042900100637,2017년 4월 29일 21시,토요일,전라남도 영광군 영광읍,경상사고,0,0,1,0,차대사람 - 길가장자리구역통행중,중앙선침범,건조,맑음,단일로 - 기타,승용,여,39세,상해없음,보행자,여,40세,경상
2017042900100638,2017년 4월 29일 21시,토요일,전라남도 영암군 영암읍,경상사고,0,0,1,0,차대차 - 측면충돌,안전운전불이행,건조,맑음,교차로 - 교차로안,승용,여,35세,상해없음,승용,남,53세,상해없음
2017042900100687,2017년 4월 29일 23시,토요일,전라남도 여수시 안산동,중상사고,0,1,1,0,차대차 - 측면충돌,안전운전불이행,건조,맑음,교차로 - 교차로안,승용,남,29세,상해없음,승용,남,38세,중상
2017043000100051,2017년 4월 30일 02시,일요일,전라남도 광양시 광양읍,중상사고,0,2,0,0,차대차 - 기타,안전운전불이행,건조,맑음,단일로 - 기타,승용,남,34세,중상,승용,여,44세,중상
2017043000100071,2017년 4월 30일 04시,일요일,전라남도 여수시 선원동,경상사고,0,0,1,0,차대사람 - 횡단중,보행자보호의무위반,건조,맑음,교차로 - 교차로횡단보도내,이륜,남,17세,상해없음,보행자,여,45세,경상
2017043000100078,2017년 4월 30일 05시,일요일,전라남도 목포시 상동,경상사고,0,0,1,0,차대차 - 기타,안전운전불이행,건조,맑음,단일로 - 기타,승용,남,18세,상해없음,승합,남,58세,기타불명
2017043000100108,2017년 4월 30일 08시,일요일,전라남도 함평군 해보면,중상사고,0,1,0,0,차대차 - 추돌,안전운전불이행,건조,맑음,단일로 - 기타,승용,여,40세,상해없음,농기계,남,74세,중상
2017043000100125,2017년 4월 30일 09시,일요일,전라남도 함평군 월야면,경상사고,0,0,1,1,차대차 - 정면충돌,직진우회전진행방해,건조,맑음,교차로 - 교차로안,이륜,남,80세,부상신고,승용,남,62세,상해없음
2017043000100150,2017년 4월 30일 10시,일요일,전라남도 여수시 안산동,경상사고,0,0,1,0,차대차 - 측면충돌,안전거리미확보,건조,맑음,단일로 - 기타,승용,남,40세,상해없음,승용,남,51세,상해없음
2017043000100151,2017년 4월 30일 10시,일요일,전라남도 화순군 화순읍,경상사고,0,0,1,0,차대차 - 측면충돌,안전운전불이행,건조,맑음,교차로 - 교차로횡단보도내,자전거,남,9세,경상,승용,남,62세,상해없음
2017043000100152,2017년 4월 30일 10시,일요일,전라남도 영암군 금정면,중상사고,0,1,4,0,차대차 - 정면충돌,중앙선침범,건조,맑음,단일로 - 기타,승용,남,79세,중상,승합,남,37세,경상
2017043000100229,2017년 4월 30일 13시,일요일,전라남도 해남군 송지면,중상사고,0,1,0,0,차량단독 - 기타,안전운전불이행,건조,맑음,단일로 - 기타,승합,남,50세,상해없음,,,,
2017043000100230,2017년 4월 30일 13시,일요일,전라남도 영광군 법성면,경상사고,0,0,1,0,차대차 - 측면충돌,직진우회전진행방해,건조,맑음,교차로 - 교차로안,승용,남,45세,상해없음,이륜,남,45세,경상
2017043000100258,2017년 4월 30일 14시,일요일,전라남도 목포시 죽교동,중상사고,0,1,0,0,차대사람 - 기타,안전운전불이행,건조,맑음,주차장 - 주차장,승용,남,54세,상해없음,보행자,여,86세,중상
2017043000100259,2017년 4월 30일 14시,일요일,전라남도 목포시 죽교동,중상사고,0,1,0,0,차대사람 - 횡단중,안전운전불이행,건조,맑음,단일로 - 기타,승용,남,29세,상해없음,보행자,남,58세,중상
2017043000100260,2017년 4월 30일 14시,일요일,전라남도 화순군 화순읍,경상사고,0,0,1,0,차대사람 - 기타,안전운전불이행,건조,맑음,단일로 - 기타,승용,남,79세,상해없음,보행자,여,21세,경상
2017043000100261,2017년 4월 30일 14시,일요일,전라남도 함평군 함평읍,경상사고,0,0,3,0,차대차 - 측면충돌,안전운전불이행,건조,맑음,단일로 - 기타,승용,남,35세,상해없음,승용,여,26세,경상
2017043000100262,2017년 4월 30일 14시,일요일,전라남도 함평군 월야면,사망사고,1,3,0,0,차량단독 - 전도전복,안전운전불이행,건조,맑음,단일로 - 기타,승용,남,41세,중상,미분류,미분류,미분류,미분류
2017043000100293,2017년 4월 30일 15시,일요일,전라남도 여수시 여서동,경상사고,0,0,1,0,차대차 - 측면충돌,안전운전불이행,건조,맑음,단일로 - 기타,승용,남,56세,상해없음,자전거,남,90세 이상,경상
2017043000100294,2017년 4월 30일 15시,일요일,전라남도 해남군 황산면,경상사고,0,0,6,0,차대차 - 측면충돌,중앙선침범,건조,맑음,단일로 - 기타,승용,남,39세,상해없음,승용,남,48세,경상
2017043000100329,2017년 4월 30일 16시,일요일,전라남도 영암군 삼호읍,경상사고,0,0,2,0,차대차 - 추돌,안전운전불이행,건조,맑음,교차로 - 교차로부근,승용,남,33세,상해없음,승용,남,53세,경상
2017043000100385,2017년 4월 30일 18시,일요일,전라남도 순천시 덕월동,경상사고,0,0,4,0,차대차 - 정면충돌,기타,건조,맑음,단일로 - 기타,승용,남,48세,상해없음,승용,여,47세,경상
2017043000100386,2017년 4월 30일 18시,일요일,전라남도 담양군 담양읍,경상사고,0,0,2,0,차대차 - 추돌,안전운전불이행,건조,맑음,단일로 - 기타,승용,남,55세,상해없음,승용,여,56세,경상
2017043000100468,2017년 4월 30일 21시,일요일,전라남도 목포시 연산동,경상사고,0,0,1,0,차대사람 - 횡단중,안전운전불이행,건조,맑음,단일로 - 기타,승용,남,45세,상해없음,보행자,남,58세,경상
2017043000100469,2017년 4월 30일 21시,일요일,전라남도 무안군 삼향읍,경상사고,0,0,4,0,차대차 - 측면충돌,직진우회전진행방해,건조,맑음,교차로 - 교차로안,승용,여,39세,상해없음,승용,여,34세,경상
2017043000100486,2017년 4월 30일 22시,일요일,전라남도 여수시 덕충동,경상사고,0,0,2,0,차대차 - 기타,안전운전불이행,건조,맑음,단일로 - 기타,승용,남,48세,상해없음,승용,남,43세,경상
2017050100100019,2017년 5월 1일 00시,월요일,전라남도 광양시 광양읍,경상사고,0,0,1,0,차대사람 - 기타,안전운전불이행,건조,맑음,교차로 - 교차로부근,승용,남,27세,상해없음,보행자,남,48세,경상
2017050100100027,2017년 5월 1일 01시,월요일,전라남도 광양시 마동,중상사고,0,1,0,0,차량단독 - 전도전복,안전운전불이행,건조,맑음,단일로 - 기타,승용,남,30세,중상,미분류,미분류,미분류,미분류
2017050100100079,2017년 5월 1일 07시,월요일,전라남도 나주시 빛가람동,경상사고,0,0,3,0,차대차 - 측면충돌,신호위반,건조,맑음,교차로 - 교차로안,화물,남,49세,상해없음,승용,여,46세,경상
2017050100100080,2017년 5월 1일 07시,월요일,전라남도 나주시 남평읍,경상사고,0,0,1,0,차대사람 - 기타,안전운전불이행,건조,맑음,단일로 - 기타,승용,남,56세,상해없음,보행자,남,47세,경상
2017050100100104,2017년 5월 1일 08시,월요일,전라남도 순천시 상사면,경상사고,0,0,4,0,차대차 - 측면충돌,안전운전불이행,건조,맑음,단일로 - 기타,승용,여,44세,상해없음,승합,여,31세,경상
2017050100100105,2017년 5월 1일 08시,월요일,전라남도 나주시 용산동,경상사고,0,0,1,0,차대차 - 추돌,안전거리미확보,건조,맑음,단일로 - 기타,원동기,남,90세 이상,경상,승용,남,74세,상해없음
2017050100100106,2017년 5월 1일 08시,월요일,전라남도 구례군 구례읍,중상사고,0,1,1,0,차대차 - 측면충돌,교차로운행방법위반,건조,맑음,교차로 - 교차로안,승용,남,56세,상해없음,화물,남,82세,중상
2017050100100128,2017년 5월 1일 09시,월요일,전라남도 순천시 덕암동,경상사고,0,0,1,0,차대차 - 측면충돌,직진우회전진행방해,건조,맑음,교차로 - 교차로안,승용,남,52세,상해없음,승용,남,28세,경상
2017050100100129,2017년 5월 1일 09시,월요일,전라남도 순천시 주암면,경상사고,0,0,1,0,차대차 - 기타,안전운전불이행,건조,맑음,단일로 - 기타,승용,남,44세,상해없음,승용,남,28세,경상
2017050100100152,2017년 5월 1일 10시,월요일,전라남도 함평군 함평읍,중상사고,0,1,1,0,차대차 - 추돌,안전운전불이행,건조,맑음,단일로 - 기타,화물,남,50세,상해없음,승용,여,57세,경상
2017050100100153,2017년 5월 1일 10시,월요일,전라남도 강진군 강진읍,경상사고,0,0,2,0,차대차 - 측면충돌,직진우회전진행방해,건조,맑음,교차로 - 교차로안,화물,남,44세,상해없음,승용,남,57세,경상
2017050100100154,2017년 5월 1일 10시,월요일,전라남도 무안군 청계면,중상사고,0,1,0,0,차대차 - 측면충돌,교차로운행방법위반,건조,맑음,교차로 - 교차로안,승합,남,55세,상해없음,이륜,남,83세,중상
2017050100100181,2017년 5월 1일 11시,월요일,전라남도 영광군 염산면,중상사고,0,1,1,0,차대차 - 기타,안전운전불이행,건조,맑음,단일로 - 기타,화물,남,72세,상해없음,이륜,남,70세,경상
2017050100100214,2017년 5월 1일 12시,월요일,전라남도 영광군 영광읍,경상사고,0,0,2,0,차대차 - 측면충돌,직진우회전진행방해,건조,맑음,교차로 - 교차로안,승용,남,69세,상해없음,승합,남,60세,상해없음
2017050100100215,2017년 5월 1일 12시,월요일,전라남도 광양시 광영동,중상사고,0,1,1,0,차량단독 - 전도전복 - 전도,안전운전불이행,건조,맑음,단일로 - 기타,승용,남,73세,경상,,,,
2017050100100260,2017년 5월 1일 13시,월요일,전라남도 보성군 조성면,경상사고,0,0,1,0,차대차 - 측면충돌,직진우회전진행방해,건조,맑음,교차로 - 교차로안,원동기,남,59세,경상,승용,여,59세,상해없음
2017050100100285,2017년 5월 1일 14시,월요일,전라남도 목포시 옥암동,경상사고,0,0,1,0,차대차 - 추돌,안전거리미확보,건조,맑음,단일로 - 기타,승용,남,60세,상해없음,승용,남,46세,경상
2017050100100286,2017년 5월 1일 14시,월요일,전라남도 나주시 대호동,중상사고,0,1,0,0,차대차 - 기타,안전운전불이행,건조,맑음,단일로 - 기타,승용,여,47세,상해없음,원동기,남,77세,중상
2017050100100287,2017년 5월 1일 14시,월요일,전라남도 강진군 강진읍,경상사고,0,0,1,0,차대차 - 측면충돌,안전운전불이행,건조,맑음,단일로 - 기타,화물,여,46세,상해없음,자전거,남,57세,경상
2017050100100369,2017년 5월 1일 16시,월요일,전라남도 목포시 용당동,경상사고,0,0,1,0,차대차 - 기타,안전운전불이행,건조,맑음,교차로 - 교차로안,승용,여,64세,상해없음,자전거,남,74세,경상
2017050100100370,2017년 5월 1일 16시,월요일,전라남도 목포시 용해동,경상사고,0,0,5,0,차대차 - 기타,교차로운행방법위반,건조,맑음,교차로 - 교차로안,승용,여,36세,경상,승용,여,25세,경상
2017050100100371,2017년 5월 1일 16시,월요일,전라남도 여수시 신기동,경상사고,0,0,1,0,차대사람 - 횡단중,안전운전불이행,건조,맑음,단일로 - 기타,승용,여,48세,상해없음,보행자,여,47세,경상
2017050100100372,2017년 5월 1일 16시,월요일,전라남도 여수시 선원동,중상사고,0,1,0,0,차량단독 - 전도전복,안전운전불이행,건조,맑음,교차로 - 교차로안,자전거,남,67세,중상,미분류,미분류,미분류,미분류
2017050100100405,2017년 5월 1일 17시,월요일,전라남도 여수시 문수동,경상사고,0,0,1,0,차대차 - 추돌,안전운전불이행,건조,맑음,교차로 - 교차로부근,승용,여,61세,상해없음,화물,남,45세,경상
2017050100100406,2017년 5월 1일 17시,월요일,전라남도 완도군 금일읍,경상사고,0,0,4,0,차대차 - 정면충돌,중앙선침범,건조,맑음,단일로 - 기타,화물,남,69세,상해없음,승합,남,55세,경상
2017050100100441,2017년 5월 1일 18시,월요일,전라남도 여수시 학동,중상사고,0,1,0,0,차대사람 - 횡단중,보행자보호의무위반,건조,맑음,단일로 - 기타,승용,남,34세,상해없음,보행자,여,65세,중상
2017050100100442,2017년 5월 1일 18시,월요일,전라남도 무안군 삼향읍,중상사고,0,4,1,0,차대차 - 추돌,안전운전불이행,건조,맑음,단일로 - 기타,승용,남,54세,상해없음,승합,남,38세,중상
2017050100100482,2017년 5월 1일 19시,월요일,전라남도 목포시 상동,경상사고,0,0,1,0,차대사람 - 횡단중,보행자보호의무위반,건조,맑음,단일로 - 기타,이륜,남,17세,상해없음,보행자,여,18세,경상
2017050100100512,2017년 5월 1일 20시,월요일,전라남도 해남군 해남읍,중상사고,0,1,0,0,차대사람 - 횡단중,안전운전불이행,건조,맑음,단일로 - 기타,승용,남,58세,기타불명,보행자,여,9세,중상
2017050100100513,2017년 5월 1일 20시,월요일,전라남도 해남군 해남읍,경상사고,0,0,4,0,차대차 - 정면충돌,안전운전불이행,건조,맑음,단일로 - 기타,승용,남,69세,상해없음,승용,남,39세,경상
2017050100100539,2017년 5월 1일 21시,월요일,전라남도 여수시 광무동,중상사고,0,1,0,0,차대사람 - 횡단중,안전운전불이행,건조,맑음,단일로 - 기타,승용,남,41세,상해없음,보행자,여,54세,중상
2017050100100587,2017년 5월 1일 23시,월요일,전라남도 여수시 학동,경상사고,0,0,2,0,차대차 - 측면충돌,직진우회전진행방해,건조,맑음,교차로 - 교차로안,승용,남,46세,상해없음,승용,남,27세,경상
2017050100100588,2017년 5월 1일 23시,월요일,전라남도 장흥군 회진면,사망사고,1,0,0,0,차량단독 - 전도전복,안전운전불이행,건조,맑음,단일로 - 기타,승용,남,22세,사망,미분류,미분류,미분류,미분류
2017050200100024,2017년 5월 2일 00시,화요일,전라남도 담양군 담양읍,중상사고,0,1,2,0,차대차 - 측면충돌,직진우회전진행방해,건조,맑음,교차로 - 교차로안,승용,남,51세,경상,승용,여,24세,중상
2017050200100090,2017년 5월 2일 07시,화요일,전라남도 목포시 산정동,경상사고,0,0,1,0,차대차 - 기타,안전운전불이행,건조,맑음,단일로 - 기타,이륜,남,66세,경상,승용,남,51세,상해없음
2017050200100091,2017년 5월 2일 07시,화요일,전라남도 무안군 무안읍,중상사고,0,1,0,0,차대차 - 측면충돌,교차로운행방법위반,건조,맑음,교차로 - 교차로안,승합,남,70세,상해없음,자전거,남,74세,중상
2017050200100167,2017년 5월 2일 09시,화요일,전라남도 목포시 대의동3가,중상사고,0,1,0,0,차대사람 - 횡단중,안전운전불이행,건조,맑음,교차로 - 교차로안,승용,남,59세,상해없음,보행자,여,68세,중상
2017050200100168,2017년 5월 2일 09시,화요일,전라남도 순천시 조례동,중상사고,0,1,0,0,차대사람 - 길가장자리구역통행중,안전운전불이행,건조,맑음,기타 - 기타,승용,여,40세,상해없음,보행자,남,68세,중상
2017050200100169,2017년 5월 2일 09시,화요일,전라남도 담양군 담양읍,경상사고,0,0,1,0,차대차 - 기타,안전거리미확보,건조,맑음,단일로 - 기타,화물,남,65세,상해없음,건설기계,남,68세,상해없음
2017050200100215,2017년 5월 2일 11시,화요일,전라남도 나주시 세지면,경상사고,0,0,1,0,차대사람 - 기타,안전운전불이행,건조,맑음,단일로 - 기타,화물,남,38세,상해없음,보행자,남,71세,경상
2017050200100279,2017년 5월 2일 13시,화요일,전라남도 여수시 신기동,경상사고,0,0,4,0,차대차 - 측면충돌,차로위반,건조,맑음,교차로 - 교차로부근,승용,여,38세,상해없음,승용,여,31세,경상
2017050200100280,2017년 5월 2일 13시,화요일,전라남도 순천시 송광면,경상사고,0,0,1,0,차량단독 - 전도전복,안전운전불이행,건조,맑음,단일로 - 기타,이륜,남,82세,경상,미분류,미분류,미분류,미분류
2017050200100281,2017년 5월 2일 13시,화요일,전라남도 장흥군 장흥읍,중상사고,0,1,0,0,차대차 - 측면충돌,안전운전불이행,건조,맑음,교차로 - 교차로부근,승용,여,66세,상해없음,화물,남,43세,중상
2017050200100306,2017년 5월 2일 14시,화요일,전라남도 여수시 상암동,경상사고,0,0,1,0,차대차 - 측면충돌,불법유턴,건조,맑음,단일로 - 기타,승용,남,55세,상해없음,승용,남,56세,경상
2017050200100307,2017년 5월 2일 14시,화요일,전라남도 순천시 가곡동,중상사고,0,2,0,0,차대차 - 추돌,안전운전불이행,건조,맑음,교차로 - 교차로부근,승용,여,64세,기타불명,승용,남,74세,중상
2017050200100308,2017년 5월 2일 14시,화요일,전라남도 구례군 구례읍,중상사고,0,1,0,0,차대차 - 측면충돌,안전운전불이행,건조,맑음,단일로 - 기타,승용,남,75세,상해없음,원동기,남,41세,중상
2017050200100376,2017년 5월 2일 16시,화요일,전라남도 목포시 산정동,중상사고,0,1,1,0,차대사람 - 횡단중,안전운전불이행,건조,맑음,단일로 - 기타,승용,남,61세,상해없음,보행자,남,59세,중상
2017050200100377,2017년 5월 2일 16시,화요일,전라남도 나주시 성북동,경상사고,0,0,2,0,차대차 - 추돌,안전운전불이행,건조,맑음,교차로 - 교차로안,승용,남,68세,경상,승용,여,42세,경상
2017050200100424,2017년 5월 2일 17시,화요일,전라남도 목포시 용해동,경상사고,0,0,4,0,차대차 - 측면충돌,안전운전불이행,건조,맑음,단일로 - 기타,화물,남,61세,상해없음,승용,남,29세,경상
2017050200100425,2017년 5월 2일 17시,화요일,전라남도 여수시 학동,경상사고,0,0,1,0,차대사람 - 횡단중,안전운전불이행,건조,맑음,교차로 - 교차로부근,자전거,남,13세,기타불명,보행자,여,74세,경상
2017050200100426,2017년 5월 2일 17시,화요일,전라남도 장흥군 장흥읍,경상사고,0,0,3,0,차대차 - 추돌,안전운전불이행,건조,맑음,교차로 - 교차로부근,화물,남,38세,상해없음,승합,남,66세,상해없음
2017050200100427,2017년 5월 2일 17시,화요일,전라남도 영광군 영광읍,경상사고,0,0,1,0,차대사람 - 기타,안전운전불이행,건조,맑음,단일로 - 기타,화물,남,58세,상해없음,보행자,남,74세,경상
2017050200100469,2017년 5월 2일 18시,화요일,전라남도 목포시 상동,중상사고,0,1,0,0,차대차 - 기타,신호위반,건조,맑음,교차로 - 교차로안,승합,남,48세,상해없음,이륜,남,62세,중상
2017050200100470,2017년 5월 2일 18시,화요일,전라남도 목포시 상동,경상사고,0,0,1,0,차대차 - 측면충돌,차로위반,건조,맑음,단일로 - 기타,승합,남,56세,상해없음,승용,여,45세,경상
2017050200100471,2017년 5월 2일 18시,화요일,전라남도 순천시 매곡동,중상사고,0,1,2,0,차대차 - 측면충돌,안전운전불이행,건조,맑음,교차로 - 교차로부근,승용,남,22세,상해없음,승용,여,49세,경상
2017050200100472,2017년 5월 2일 18시,화요일,전라남도 강진군 작천면,경상사고,0,0,1,0,차대차 - 기타,중앙선침범,건조,맑음,단일로 - 기타,승용,남,52세,상해없음,승용,여,33세,경상
2017050200100473,2017년 5월 2일 18시,화요일,전라남도 광양시 중동,경상사고,0,0,2,0,차대차 - 측면충돌,교차로운행방법위반,건조,맑음,교차로 - 교차로안,승용,남,59세,경상,승용,여,43세,경상
2017050200100513,2017년 5월 2일 19시,화요일,전라남도 진도군 임회면,중상사고,0,1,3,0,차량단독 - 전도전복 - 전도,안전운전불이행,건조,맑음,단일로 - 기타,화물,남,77세,경상,,,,
2017050200100549,2017년 5월 2일 20시,화요일,전라남도 보성군 벌교읍,경상사고,0,0,1,0,차대차 - 측면충돌,교차로운행방법위반,건조,맑음,교차로 - 교차로안,승용,남,71세,경상,승합,남,47세,상해없음
2017050200100625,2017년 5월 2일 23시,화요일,전라남도 담양군 창평면,경상사고,0,0,1,0,차대사람 - 길가장자리구역통행중,안전운전불이행,건조,맑음,단일로 - 기타,승용,남,49세,상해없음,보행자,여,18세,경상
2017050300100022,2017년 5월 3일 00시,수요일,전라남도 여수시 미평동,경상사고,0,0,1,0,차대사람 - 길가장자리구역통행중,안전운전불이행,건조,맑음,단일로 - 기타,승용,남,56세,상해없음,보행자,남,62세,경상
2017050300100062,2017년 5월 3일 03시,수요일,전라남도 순천시 석현동,중상사고,0,1,0,0,차대사람 - 길가장자리구역통행중,안전운전불이행,건조,맑음,단일로 - 기타,승용,남,20세,상해없음,보행자,남,18세,중상
2017050300100071,2017년 5월 3일 04시,수요일,전라남도 순천시 풍덕동,경상사고,0,0,1,0,차대차 - 기타,직진우회전진행방해,건조,맑음,교차로 - 교차로안,승용,여,64세,상해없음,승용,남,43세,경상
2017050300100072,2017년 5월 3일 04시,수요일,전라남도 담양군 대전면,중상사고,0,1,0,0,차량단독 - 전도전복 - 전도,안전운전불이행,건조,맑음,단일로 - 기타,원동기,남,17세,상해없음,,,,
2017050300100094,2017년 5월 3일 06시,수요일,전라남도 해남군 마산면,중상사고,0,2,0,0,차대차 - 정면충돌,중앙선침범,건조,맑음,단일로 - 기타,승용,남,22세,상해없음,승용,여,45세,중상
2017050300100123,2017년 5월 3일 08시,수요일,전라남도 장성군 황룡면,경상사고,0,0,1,0,차대차 - 측면충돌,안전운전불이행,건조,맑음,교차로 - 교차로안,승용,남,34세,경상,승용,남,62세,상해없음