사고번호,사고일시,요일,시군구,사고내용,사망자수,중상자수,경상자수,부상신고자수,사고유형,법규위반,노면상태,기상상태,도로형태,가해운전자 차종,가해운전자 성별,가해운전자 연령,가해운전자 상해정도,피해운전자 차종,피해운전자 성별,피해운전자 연령,피해운전자 상해정도
2017050300100124,2017년 5월 3일 08시,수요일,전라남도 구례군 구례읍,중상사고,0,1,0,0,차대차 - 측면충돌,직진우회전진행방해,건조,맑음,교차로 - 교차로안,화물,남,46세,상해없음,원동기,남,85세,중상
2017050300100168,2017년 5월 3일 10시,수요일,전라남도 고흥군 점암면,경상사고,0,0,1,0,차대차 - 측면충돌,안전운전불이행,건조,맑음,단일로 - 기타,화물,남,39세,상해없음,자전거,남,68세,경상
2017050300100227,2017년 5월 3일 12시,수요일,전라남도 신안군 신의면,중상사고,0,1,0,0,차대차 - 측면충돌,안전운전불이행,건조,맑음,교차로 - 교차로안,승합,남,43세,상해없음,원동기,남,41세,중상
2017050300100228,2017년 5월 3일 12시,수요일,전라남도 여수시 웅천동,경상사고,0,0,1,0,차대차 - 추돌,안전운전불이행,건조,맑음,단일로 - 기타,승용,여,58세,상해없음,화물,여,29세,경상
2017050300100262,2017년 5월 3일 13시,수요일,전라남도 나주시 금천면,경상사고,0,0,1,0,차대차 - 측면충돌,교차로운행방법위반,건조,맑음,교차로 - 교차로안,승용,여,33세,상해없음,승용,남,47세,경상
2017050300100263,2017년 5월 3일 13시,수요일,전라남도 담양군 담양읍,경상사고,0,0,1,0,차대차 - 측면충돌,직진우회전진행방해,건조,맑음,교차로 - 교차로안,승용,여,40세,상해없음,승용,여,50세,경상
2017050300100264,2017년 5월 3일 13시,수요일,전라남도 담양군 담양읍,경상사고,0,0,1,0,차대차 - 측면충돌,직진우회전진행방해,건조,맑음,교차로 - 교차로안,승용,여,28세,상해없음,원동기,남,62세,경상
2017050300100265,2017년 5월 3일 13시,수요일,전라남도 장성군 남면,경상사고,0,0,2,0,차대차 - 후진중충돌,안전운전불이행,건조,맑음,단일로 - 기타,승용,남,67세,상해없음,승용,남,33세,경상
2017050300100266,2017년 5월 3일 13시,수요일,전라남도 장성군 남면,경상사고,0,0,1,0,차대차 - 기타,차로위반,건조,맑음,단일로 - 기타,승용,여,43세,상해없음,승용,여,52세,경상
2017050300100291,2017년 5월 3일 14시,수요일,전라남도 영광군 법성면,경상사고,0,0,1,0,차대차 - 측면충돌,직진우회전진행방해,건조,맑음,교차로 - 교차로안,사륜오토바이(ATV),남,74세,경상,승용,남,51세,상해없음
2017050300100292,2017년 5월 3일 14시,수요일,전라남도 완도군 완도읍,경상사고,0,0,2,0,차대차 - 추돌,안전거리미확보,건조,맑음,단일로 - 기타,승용,남,27세,상해없음,화물,남,50세,경상
2017050300100328,2017년 5월 3일 15시,수요일,전라남도 여수시 충무동,경상사고,0,0,1,0,차대차 - 측면충돌,교차로운행방법위반,건조,맑음,교차로 - 교차로안,화물,남,59세,상해없음,승용,남,59세,경상
2017050300100329,2017년 5월 3일 15시,수요일,전라남도 순천시 남정동,중상사고,0,1,0,0,차대사람 - 횡단중,안전운전불이행,건조,맑음,교차로 - 교차로부근,승용,여,23세,상해없음,보행자,남,14세,중상
2017050300100330,2017년 5월 3일 15시,수요일,전라남도 영암군 도포면,중상사고,0,1,0,0,차대사람 - 기타,안전운전불이행,건조,맑음,주차장 - 주차장,건설기계,남,67세,상해없음,보행자,여,55세,중상
2017050300100331,2017년 5월 3일 15시,수요일,전라남도 장성군 북이면,경상사고,0,0,1,0,차대차 - 측면충돌,안전운전불이행,건조,맑음,교차로 - 교차로안,원동기,남,71세,경상,승용,남,26세,상해없음
2017050300100362,2017년 5월 3일 16시,수요일,전라남도 장성군 북이면,경상사고,0,0,1,0,차대차 - 정면충돌,안전운전불이행,건조,맑음,교차로 - 교차로부근,원동기,남,79세,경상,승용,남,46세,상해없음
2017050300100363,2017년 5월 3일 16시,수요일,전라남도 담양군 담양읍,사망사고,1,0,0,0,차대차 - 측면충돌,중앙선침범,건조,맑음,단일로 - 기타,자전거,남,80세,사망,승용,남,34세,상해없음
2017050300100405,2017년 5월 3일 17시,수요일,전라남도 해남군 해남읍,경상사고,0,0,1,0,차대사람 - 횡단중,안전운전불이행,건조,맑음,단일로 - 기타,승용,남,58세,상해없음,보행자,여,59세,경상
2017050300100406,2017년 5월 3일 17시,수요일,전라남도 화순군 화순읍,부상신고사고,0,0,0,1,차대차 - 측면충돌,안전운전불이행,건조,맑음,단일로 - 기타,승용,여,21세,상해없음,승용,여,45세,기타불명
2017050300100407,2017년 5월 3일 17시,수요일,전라남도 화순군 한천면,경상사고,0,0,8,0,차대차 - 추돌,안전거리미확보,건조,맑음,단일로 - 교량,승용,남,48세,경상,승용,남,38세,경상
2017050300100408,2017년 5월 3일 17시,수요일,전라남도 영암군 삼호읍,중상사고,0,1,0,0,차대사람 - 기타,안전운전불이행,건조,맑음,교차로 - 교차로부근,승용,남,44세,중상,보행자,남,90세 이상,상해없음
2017050300100437,2017년 5월 3일 18시,수요일,전라남도 광양시 금호동,경상사고,0,0,5,0,차대차 - 추돌,안전운전불이행,건조,맑음,교차로 - 교차로부근,승용,남,28세,상해없음,승용,여,30세,경상
2017050300100461,2017년 5월 3일 19시,수요일,전라남도 목포시 상동,경상사고,0,0,1,0,차대사람 - 횡단중,안전운전불이행,건조,맑음,단일로 - 기타,기타불명,기타불명,미분류,기타불명,보행자,여,51세,경상
2017050300100462,2017년 5월 3일 19시,수요일,전라남도 나주시 왕곡면,중상사고,0,2,0,0,차대차 - 추돌,안전거리미확보,건조,맑음,단일로 - 고가도로위,승용,남,36세,중상,농기계,남,60세,중상
2017050300100463,2017년 5월 3일 19시,수요일,전라남도 무안군 청계면,중상사고,0,1,0,0,차대차 - 측면충돌,안전운전불이행,건조,맑음,단일로 - 기타,승용,남,46세,상해없음,이륜,남,56세,중상
2017050300100464,2017년 5월 3일 19시,수요일,전라남도 무안군 청계면,중상사고,0,1,0,0,차대차 - 기타,교차로운행방법위반,건조,맑음,교차로 - 교차로부근,사륜오토바이(ATV),여,70세,중상,화물,남,61세,상해없음
2017050300100496,2017년 5월 3일 20시,수요일,전라남도 보성군 회천면,경상사고,0,0,2,0,차대차 - 측면충돌,안전운전불이행,건조,맑음,단일로 - 기타,승용,남,43세,상해없음,승용,여,48세,경상
2017050300100523,2017년 5월 3일 21시,수요일,전라남도 영암군 삼호읍,경상사고,0,0,1,0,차대차 - 측면충돌,안전운전불이행,건조,맑음,교차로 - 교차로안,승용,남,45세,상해없음,승용,남,27세,경상
2017050400100042,2017년 5월 4일 02시,목요일,전라남도 여수시 화장동,중상사고,0,1,0,0,차대차 - 추돌,안전운전불이행,건조,맑음,교차로 - 교차로부근,승용,남,51세,상해없음,승용,여,34세,중상
2017050400100054,2017년 5월 4일 03시,목요일,전라남도 순천시 연향동,중상사고,0,3,2,0,차대차 - 측면충돌,신호위반,건조,맑음,교차로 - 교차로안,승용,남,25세,상해없음,화물,남,52세,중상
2017050400100061,2017년 5월 4일 04시,목요일,전라남도 여수시 학동,경상사고,0,0,1,0,차대차 - 측면충돌,교차로운행방법위반,건조,맑음,교차로 - 교차로안,승용,남,25세,상해없음,승용,남,19세,경상
2017050400100062,2017년 5월 4일 04시,목요일,전라남도 해남군 문내면,중상사고,0,1,0,0,차량단독 - 전도전복 - 전도,안전운전불이행,건조,맑음,단일로 - 기타,승용,남,30세,중상,,,,
2017050400100070,2017년 5월 4일 05시,목요일,전라남도 나주시 과원동,경상사고,0,0,1,0,차대차 - 측면충돌,신호위반,건조,맑음,교차로 - 교차로안,승용,남,47세,상해없음,승용,남,41세,경상
2017050400100126,2017년 5월 4일 08시,목요일,전라남도 영암군 삼호읍,중상사고,0,1,1,0,차대차 - 측면충돌,안전운전불이행,건조,맑음,교차로 - 교차로안,승용,남,24세,경상,승용,여,47세,중상
2017050400100127,2017년 5월 4일 08시,목요일,전라남도 광양시 옥곡면,경상사고,0,0,3,0,차대차 - 추돌,안전운전불이행,건조,맑음,교차로 - 교차로부근,화물,남,51세,경상,승용,남,31세,경상
2017050400100157,2017년 5월 4일 09시,목요일,전라남도 순천시 인월동,중상사고,0,1,2,0,차대차 - 추돌,안전운전불이행,건조,맑음,단일로 - 기타,화물,남,58세,상해없음,승용,여,47세,경상
2017050400100158,2017년 5월 4일 09시,목요일,전라남도 강진군 강진읍,경상사고,0,0,1,0,차대차 - 측면충돌,교차로운행방법위반,건조,맑음,교차로 - 교차로안,원동기,남,69세,경상,화물,남,62세,상해없음
2017050400100159,2017년 5월 4일 09시,목요일,전라남도 진도군 임회면,중상사고,0,1,0,0,차대차 - 기타,안전운전불이행,건조,맑음,교차로 - 교차로안,승용,남,57세,상해없음,이륜,남,44세,중상
2017050400100160,2017년 5월 4일 09시,목요일,전라남도 광양시 중동,경상사고,0,0,4,0,차대차 - 측면충돌,직진우회전진행방해,건조,맑음,교차로 - 교차로안,승용,남,58세,경상,승용,여,44세,경상
2017050400100194,2017년 5월 4일 10시,목요일,전라남도 목포시 동명동,사망사고,1,0,0,0,차대차 - 기타,안전거리미확보,건조,맑음,단일로 - 기타,자전거,남,68세,사망,화물,남,46세,상해없음
2017050400100195,2017년 5월 4일 10시,목요일,전라남도 장흥군 안양면,중상사고,0,3,1,0,차대차 - 측면충돌,기타,건조,맑음,단일로 - 기타,승용,남,62세,경상,승합,남,68세,중상
2017050400100196,2017년 5월 4일 10시,목요일,전라남도 구례군 문척면,중상사고,0,2,0,0,차량단독 - 전도전복 - 전도,기타,건조,맑음,단일로 - 기타,승용,여,51세,상해없음,,,,
2017050400100231,2017년 5월 4일 11시,목요일,전라남도 해남군 황산면,중상사고,0,2,0,0,차대차 - 기타,교차로운행방법위반,건조,맑음,교차로 - 교차로안,승용,여,41세,상해없음,화물,여,67세,중상
2017050400100232,2017년 5월 4일 11시,목요일,전라남도 광양시 광양읍,경상사고,0,0,1,0,차대차 - 측면충돌,신호위반,건조,맑음,교차로 - 교차로안,승용,여,54세,상해없음,화물,남,35세,경상
2017050400100269,2017년 5월 4일 12시,목요일,전라남도 고흥군 도양읍,경상사고,0,0,5,0,차대차 - 측면충돌,교차로운행방법위반,건조,맑음,교차로 - 교차로안,승용,여,32세,경상,승용,남,42세,경상
2017050400100270,2017년 5월 4일 12시,목요일,전라남도 강진군 도암면,경상사고,0,0,2,0,차대차 - 측면충돌,중앙선침범,건조,맑음,단일로 - 기타,화물,남,55세,상해없음,화물,남,40세,경상
2017050400100271,2017년 5월 4일 12시,목요일,전라남도 강진군 병영면,중상사고,0,1,1,1,차대차 - 측면충돌,교차로운행방법위반,건조,맑음,교차로 - 교차로안,승용,남,53세,부상신고,승용,남,79세,상해없음
2017050400100272,2017년 5월 4일 12시,목요일,전라남도 담양군 담양읍,중상사고,0,1,0,0,차대차 - 기타,안전운전불이행,건조,맑음,단일로 - 기타,승용,여,49세,상해없음,자전거,여,74세,중상
2017050400100273,2017년 5월 4일 12시,목요일,전라남도 담양군 고서면,경상사고,0,0,5,0,차대차 - 측면충돌,직진우회전진행방해,건조,맑음,교차로 - 교차로안,화물,남,69세,경상,승용,남,47세,경상
2017050400100339,2017년 5월 4일 14시,목요일,전라남도 목포시 상동,경상사고,0,0,3,0,차대차 - 측면충돌,차로위반,건조,맑음,단일로 - 기타,승용,남,38세,경상,승용,여,54세,경상
2017050400100340,2017년 5월 4일 14시,목요일,전라남도 여수시 둔덕동,경상사고,0,0,2,0,차대차 - 측면충돌,안전거리미확보,건조,맑음,단일로 - 기타,승합,남,60세,상해없음,승용,여,35세,경상
2017050400100341,2017년 5월 4일 14시,목요일,전라남도 보성군 득량면,경상사고,0,0,3,1,차대차 - 측면충돌,중앙선침범,건조,맑음,단일로 - 기타,승용,여,47세,부상신고,승용,여,62세,경상
2017050400100373,2017년 5월 4일 15시,목요일,전라남도 목포시 상락동2가,경상사고,0,0,2,0,차대차 - 기타,안전운전불이행,건조,맑음,교차로 - 교차로부근,승용,남,33세,상해없음,승용,남,28세,경상
2017050400100374,2017년 5월 4일 15시,목요일,전라남도 고흥군 도화면,중상사고,0,1,0,0,차대차 - 측면충돌,안전운전불이행,건조,맑음,단일로 - 기타,원동기,여,67세,중상,화물,남,59세,기타불명
2017050400100375,2017년 5월 4일 15시,목요일,전라남도 완도군 청산면,경상사고,0,0,1,0,차대사람 - 기타,안전운전불이행,건조,맑음,단일로 - 기타,승합,남,68세,상해없음,보행자,남,41세,경상
2017050400100412,2017년 5월 4일 16시,목요일,전라남도 목포시 석현동,경상사고,0,0,1,0,차대차 - 측면충돌,신호위반,건조,맑음,교차로 - 교차로안,이륜,남,30세,상해없음,승용,남,32세,경상
2017050400100413,2017년 5월 4일 16시,목요일,전라남도 여수시 신기동,경상사고,0,0,1,0,차대사람 - 길가장자리구역통행중,안전운전불이행,건조,맑음,교차로 - 교차로부근,승용,남,67세,상해없음,보행자,여,34세,경상
2017050400100414,2017년 5월 4일 16시,목요일,전라남도 나주시 남평읍,중상사고,0,1,0,0,차대사람 - 차도통행중,안전운전불이행,건조,맑음,단일로 - 기타,승합,여,52세,상해없음,보행자,여,80세,중상
2017050400100453,2017년 5월 4일 17시,목요일,전라남도 여수시 안산동,중상사고,0,1,0,0,차대차 - 측면충돌,중앙선침범,건조,맑음,교차로 - 교차로부근,승용,여,37세,상해없음,이륜,남,33세,중상
2017050400100454,2017년 5월 4일 17시,목요일,전라남도 순천시 해룡면,부상신고사고,0,0,0,1,차량단독 - 기타,안전운전불이행,건조,맑음,단일로 - 기타,승용,남,59세,부상신고,,,,
2017050400100455,2017년 5월 4일 17시,목요일,전라남도 고흥군 풍양면,중상사고,0,1,0,0,차대사람 - 길가장자리구역통행중,안전운전불이행,건조,맑음,단일로 - 기타,화물,남,54세,상해없음,보행자,여,12세,중상
2017050400100486,2017년 5월 4일 18시,목요일,전라남도 장흥군 대덕읍,경상사고,0,0,1,0,차대차 - 측면충돌,직진우회전진행방해,건조,맑음,교차로 - 교차로안,화물,남,60세,상해없음,승용,여,50세,경상
2017050400100487,2017년 5월 4일 18시,목요일,전라남도 고흥군 도양읍,중상사고,0,4,0,0,차대차 - 측면충돌,기타,젖음/습기,비,교차로 - 교차로안,승용,남,43세,중상,승용,남,58세,중상
2017050400100523,2017년 5월 4일 19시,목요일,전라남도 목포시 옥암동,중상사고,0,1,0,0,차대사람 - 횡단중,안전운전불이행,기타,비,교차로 - 교차로횡단보도내,승용,남,56세,상해없음,보행자,남,81세,중상
2017050400100524,2017년 5월 4일 19시,목요일,전라남도 순천시 중앙동,경상사고,0,0,1,0,차대사람 - 횡단중,안전운전불이행,건조,맑음,단일로 - 기타,승용,남,40세,상해없음,보행자,여,25세,경상
2017050400100525,2017년 5월 4일 19시,목요일,전라남도 영암군 학산면,경상사고,0,0,1,0,차대사람 - 길가장자리구역통행중,안전운전불이행,젖음/습기,비,단일로 - 기타,화물,남,54세,상해없음,보행자,남,61세,경상
2017050400100526,2017년 5월 4일 19시,목요일,전라남도 광양시 광양읍,경상사고,0,0,2,0,차대차 - 정면충돌,안전운전불이행,건조,흐림,교차로 - 교차로안,승용,여,58세,경상,승용,여,58세,경상
2017050400100553,2017년 5월 4일 20시,목요일,전라남도 목포시 옥암동,중상사고,0,1,1,0,차대차 - 측면충돌,안전운전불이행,기타,흐림,단일로 - 기타,승용,여,41세,경상,승용,남,18세,중상
2017050400100554,2017년 5월 4일 20시,목요일,전라남도 순천시 낙안면,중상사고,0,1,1,1,차대차 - 정면충돌,안전운전불이행,젖음/습기,비,단일로 - 기타,승용,남,69세,경상,화물,남,51세,중상
2017050400100555,2017년 5월 4일 20시,목요일,전라남도 영암군 삼호읍,경상사고,0,0,1,0,차대사람 - 횡단중,신호위반,건조,맑음,교차로 - 교차로안,원동기,남,32세,상해없음,보행자,여,13세,경상
2017050400100556,2017년 5월 4일 20시,목요일,전라남도 완도군 신지면,경상사고,0,0,1,0,차량단독 - 전도전복 - 전도,안전운전불이행,젖음/습기,비,단일로 - 기타,승용,남,49세,경상,,,,
2017050400100614,2017년 5월 4일 22시,목요일,전라남도 목포시 명륜동,중상사고,0,1,0,0,차대차 - 기타,안전운전불이행,건조,기타,교차로 - 교차로안,승용,여,32세,상해없음,이륜,남,31세,중상
2017050400100615,2017년 5월 4일 22시,목요일,전라남도 여수시 여천동,경상사고,0,0,1,0,차대차 - 추돌,안전운전불이행,젖음/습기,비,단일로 - 기타,승용,남,51세,상해없음,승용,여,32세,경상
2017050400100616,2017년 5월 4일 22시,목요일,전라남도 나주시 빛가람동,경상사고,0,0,1,0,차대차 - 추돌,안전운전불이행,젖음/습기,비,단일로 - 기타,자전거,남,18세,경상,승용,남,38세,기타불명
2017050400100640,2017년 5월 4일 23시,목요일,전라남도 나주시 빛가람동,경상사고,0,0,2,0,차대차 - 측면충돌,신호위반,건조,맑음,교차로 - 교차로안,승용,남,37세,경상,승용,여,38세,경상
2017050500100020,2017년 5월 5일 00시,금요일,전라남도 순천시 해룡면,중상사고,0,1,0,0,차대사람 - 횡단중,안전운전불이행,젖음/습기,비,단일로 - 기타,승용,남,56세,상해없음,보행자,남,61세,중상
2017050500100021,2017년 5월 5일 00시,금요일,전라남도 나주시 대호동,경상사고,0,0,1,1,차대차 - 정면충돌,중앙선침범,젖음/습기,흐림,단일로 - 기타,승용,남,25세,부상신고,화물,남,36세,경상
2017050500100022,2017년 5월 5일 00시,금요일,전라남도 완도군 완도읍,중상사고,0,1,0,0,차대사람 - 횡단중,보행자보호의무위반,젖음/습기,비,단일로 - 기타,승용,남,36세,상해없음,보행자,남,47세,중상
2017050500100023,2017년 5월 5일 00시,금요일,전라남도 광양시 중동,경상사고,0,0,1,0,차대사람 - 기타,안전운전불이행,기타,맑음,단일로 - 기타,승용,남,27세,상해없음,보행자,여,21세,경상
2017050500100043,2017년 5월 5일 01시,금요일,전라남도 순천시 연향동,경상사고,0,0,2,0,차대차 - 기타,교차로운행방법위반,젖음/습기,비,교차로 - 교차로안,승용,남,28세,상해없음,승용,여,51세,경상
2017050500100055,2017년 5월 5일 02시,금요일,전라남도 여수시 학동,경상사고,0,0,1,0,차량단독 - 기타,안전운전불이행,건조,맑음,교차로 - 교차로부근,승용,남,61세,상해없음,,,,
2017050500100104,2017년 5월 5일 07시,금요일,전라남도 여수시 둔덕동,사망사고,1,0,0,0,차량단독 - 공작물충돌,안전운전불이행,젖음/습기,비,단일로 - 기타,화물,남,54세,사망,,,,
2017050500100105,2017년 5월 5일 07시,금요일,전라남도 곡성군 입면,중상사고,0,2,1,0,차대차 - 추돌,안전운전불이행,건조,맑음,교차로 - 교차로부근,승용,남,55세,경상,승용,여,47세,중상
2017050500100144,2017년 5월 5일 09시,금요일,전라남도 여수시 광무동,중상사고,0,1,0,0,차대사람 - 횡단중,안전운전불이행,젖음/습기,비,단일로 - 기타,승용,남,57세,상해없음,보행자,남,64세,중상
2017050500100145,2017년 5월 5일 09시,금요일,전라남도 순천시 해룡면,경상사고,0,0,3,0,차대차 - 추돌,안전거리미확보,젖음/습기,비,단일로 - 기타,화물,남,52세,상해없음,화물,남,57세,상해없음
2017050500100146,2017년 5월 5일 09시,금요일,전라남도 영암군 영암읍,중상사고,0,1,0,0,차대사람 - 차도통행중,안전운전불이행,건조,맑음,단일로 - 기타,화물,남,76세,상해없음,보행자,여,70세,중상
2017050500100147,2017년 5월 5일 09시,금요일,전라남도 진도군 군내면,중상사고,0,1,0,0,차대차 - 측면충돌,교차로운행방법위반,젖음/습기,비,교차로 - 교차로안,화물,남,60세,상해없음,화물,남,58세,중상
2017050500100165,2017년 5월 5일 10시,금요일,전라남도 신안군 지도읍,중상사고,0,1,0,0,차대사람 - 길가장자리구역통행중,중앙선침범,건조,맑음,단일로 - 기타,화물,남,52세,상해없음,보행자,여,71세,중상
2017050500100166,2017년 5월 5일 10시,금요일,전라남도 광양시 옥곡면,경상사고,0,0,1,0,차대차 - 정면충돌,교차로운행방법위반,건조,흐림,교차로 - 교차로안,건설기계,남,54세,상해없음,승합,여,43세,경상
2017050500100189,2017년 5월 5일 11시,금요일,전라남도 나주시 남평읍,경상사고,0,0,1,0,차대사람 - 차도통행중,안전운전불이행,건조,맑음,단일로 - 기타,승용,남,74세,상해없음,보행자,여,59세,경상
2017050500100219,2017년 5월 5일 12시,금요일,전라남도 영암군 삼호읍,경상사고,0,0,2,0,차대차 - 측면충돌,안전운전불이행,건조,맑음,교차로 - 교차로안,승용,남,39세,경상,승용,여,58세,경상
2017050500100253,2017년 5월 5일 13시,금요일,전라남도 순천시 해룡면,경상사고,0,0,2,0,차대차 - 기타,안전운전불이행,건조,맑음,교차로 - 교차로부근,승용,여,36세,상해없음,승용,남,39세,상해없음
2017050500100309,2017년 5월 5일 15시,금요일,전라남도 순천시 조례동,경상사고,0,0,1,0,차대차 - 기타,안전운전불이행,젖음/습기,비,단일로 - 기타,원동기,남,29세,경상,승용,남,41세,상해없음
2017050500100310,2017년 5월 5일 15시,금요일,전라남도 보성군 회천면,중상사고,0,1,1,0,차대차 - 기타,안전운전불이행,젖음/습기,비,교차로 - 교차로안,승용,남,39세,상해없음,승용,남,60세,경상
2017050500100344,2017년 5월 5일 16시,금요일,전라남도 목포시 남교동,경상사고,0,0,1,0,차대차 - 기타,안전운전불이행,건조,맑음,기타 - 기타,승용,남,46세,상해없음,자전거,남,37세,경상
2017050500100345,2017년 5월 5일 16시,금요일,전라남도 여수시 웅천동,경상사고,0,0,2,0,차대차 - 측면충돌,교차로운행방법위반,건조,맑음,교차로 - 교차로안,승용,남,62세,상해없음,승용,여,62세,경상
2017050500100346,2017년 5월 5일 16시,금요일,전라남도 나주시 이창동,중상사고,0,1,0,0,차대사람 - 횡단중,안전운전불이행,젖음/습기,비,단일로 - 기타,화물,남,62세,상해없음,보행자,여,65세,중상
2017050500100347,2017년 5월 5일 16시,금요일,전라남도 곡성군 곡성읍,경상사고,0,0,1,0,차대차 - 측면충돌,신호위반,젖음/습기,비,교차로 - 교차로안,자전거,여,58세,경상,승용,남,45세,상해없음
2017050500100348,2017년 5월 5일 16시,금요일,전라남도 곡성군 삼기면,경상사고,0,0,2,0,차대차 - 후진중충돌,안전운전불이행,젖음/습기,비,교차로 - 교차로부근,승용,남,41세,상해없음,승용,남,36세,경상
2017050500100388,2017년 5월 5일 17시,금요일,전라남도 여수시 수정동,경상사고,0,0,1,0,차대사람 - 횡단중,보행자보호의무위반,젖음/습기,비,단일로 - 기타,승용,남,39세,상해없음,보행자,여,19세,경상
2017050500100389,2017년 5월 5일 17시,금요일,전라남도 여수시 학동,경상사고,0,0,1,0,차대사람 - 기타,안전운전불이행,젖음/습기,비,교차로 - 교차로안,승용,남,26세,상해없음,보행자,남,14세,경상
2017050500100390,2017년 5월 5일 17시,금요일,전라남도 순천시 황전면,경상사고,0,0,3,1,차대차 - 정면충돌,교차로운행방법위반,젖음/습기,비,교차로 - 교차로안,화물,남,79세,상해없음,승용,남,36세,경상
2017050500100391,2017년 5월 5일 17시,금요일,전라남도 영암군 삼호읍,중상사고,0,1,0,0,차대차 - 기타,안전운전불이행,건조,흐림,단일로 - 기타,이륜,남,30세,중상,승합,남,57세,상해없음
2017050500100392,2017년 5월 5일 17시,금요일,전라남도 곡성군 곡성읍,사망사고,1,0,0,0,차량단독 - 도로외이탈 - 기타,안전운전불이행,젖음/습기,비,기타 - 기타,자전거,남,58세,사망,,,,
2017050500100421,2017년 5월 5일 18시,금요일,전라남도 목포시 상동,경상사고,0,0,1,0,차대사람 - 기타,안전운전불이행,건조,흐림,기타 - 기타,승용,여,50세,상해없음,보행자,남,4세,경상
2017050500100422,2017년 5월 5일 18시,금요일,전라남도 순천시 해룡면,경상사고,0,0,1,0,차대차 - 측면충돌,안전거리미확보,건조,맑음,단일로 - 기타,승용,남,18세,상해없음,승용,남,22세,경상
2017050500100423,2017년 5월 5일 18시,금요일,전라남도 목포시 상동,경상사고,0,0,1,0,차대사람 - 기타,안전운전불이행,건조,흐림,단일로 - 기타,승용,여,50세,상해없음,보행자,여,미분류,경상
2017050500100424,2017년 5월 5일 18시,금요일,전라남도 영광군 영광읍,경상사고,0,0,1,0,차대차 - 측면충돌,안전운전불이행,젖음/습기,비,교차로 - 교차로안,승용,남,45세,상해없음,승용,남,24세,경상
2017050500100489,2017년 5월 5일 20시,금요일,전라남도 여수시 문수동,사망사고,1,0,0,0,차대사람 - 횡단중,안전운전불이행,젖음/습기,비,단일로 - 기타,화물,남,55세,상해없음,보행자,여,81세,사망
2017050500100490,2017년 5월 5일 20시,금요일,전라남도 해남군 현산면,중상사고,0,1,1,2,차대차 - 추돌,안전거리미확보,젖음/습기,비,단일로 - 기타,승용,남,56세,상해없음,승용,남,41세,중상
2017050500100491,2017년 5월 5일 20시,금요일,전라남도 무안군 무안읍,중상사고,0,3,3,0,차대차 - 측면충돌,과속,젖음/습기,비,교차로 - 교차로안,승용,남,65세,경상,승용,여,51세,경상
2017050500100526,2017년 5월 5일 21시,금요일,전라남도 목포시 죽교동,경상사고,0,0,2,0,차대차 - 측면충돌,교차로운행방법위반,건조,흐림,교차로 - 교차로안,특수,남,50세,경상,승용,여,47세,경상
2017050500100527,2017년 5월 5일 21시,금요일,전라남도 여수시 남산동,경상사고,0,0,1,0,차대차 - 추돌,안전운전불이행,젖음/습기,비,교차로 - 교차로안,승용,남,52세,상해없음,승용,남,46세,경상
2017050500100528,2017년 5월 5일 21시,금요일,전라남도 완도군 금일읍,중상사고,0,1,2,0,차대사람 - 기타,기타,건조,맑음,단일로 - 기타,승용,남,57세,상해없음,보행자,남,53세,중상
2017050500100559,2017년 5월 5일 23시,금요일,전라남도 장성군 동화면,부상신고사고,0,0,0,1,차량단독 - 전도전복 - 전도,안전운전불이행,건조,맑음,단일로 - 기타,승용,여,32세,부상신고,,,,
2017050600100069,2017년 5월 6일 06시,토요일,전라남도 목포시 상동,경상사고,0,0,3,0,차대차 - 측면충돌,직진우회전진행방해,건조,맑음,교차로 - 교차로안,승용,남,46세,경상,화물,남,56세,경상
2017050600100085,2017년 5월 6일 07시,토요일,전라남도 고흥군 고흥읍,중상사고,0,1,0,0,차대차 - 측면충돌,차로위반,건조,맑음,단일로 - 기타,승용,여,51세,중상,화물,남,76세,상해없음
2017050600100086,2017년 5월 6일 07시,토요일,전라남도 담양군 담양읍,경상사고,0,0,1,0,차대차 - 측면충돌,안전운전불이행,건조,맑음,단일로 - 기타,승용,여,41세,상해없음,승용,남,26세,경상
2017050600100107,2017년 5월 6일 08시,토요일,전라남도 고흥군 동강면,경상사고,0,0,2,0,차대차 - 측면충돌,기타,건조,맑음,교차로 - 교차로안,화물,남,49세,경상,승용,남,60세,경상
2017050600100129,2017년 5월 6일 09시,토요일,전라남도 여수시 신월동,경상사고,0,0,1,0,차대차 - 추돌,안전운전불이행,건조,맑음,교차로 - 교차로부근,승용,남,61세,상해없음,승용,남,57세,경상
2017050600100130,2017년 5월 6일 09시,토요일,전라남도 고흥군 도화면,사망사고,1,0,0,0,차량단독 - 전도전복 - 전도,안전운전불이행,건조,맑음,단일로 - 기타,화물,남,56세,사망,,,,
2017050600100154,2017년 5월 6일 10시,토요일,전라남도 화순군 동면,부상신고사고,0,0,0,1,차량단독 - 전도전복 - 전도,안전운전불이행,건조,맑음,단일로 - 기타,승용,남,70세,부상신고,,,,
2017050600100155,2017년 5월 6일 10시,토요일,전라남도 장성군 동화면,중상사고,0,1,0,0,차량단독 - 전도전복 - 전도,안전운전불이행,건조,맑음,단일로 - 기타,이륜,남,66세,중상,,,,
2017050600100156,2017년 5월 6일 10시,토요일,전라남도 완도군 노화읍,중상사고,0,1,0,0,차량단독 - 전도전복,안전운전불이행,건조,맑음,단일로 - 기타,화물,남,59세,상해없음,미분류,미분류,미분류,미분류