사고번호,사고일시,요일,시군구,사고내용,사망자수,중상자수,경상자수,부상신고자수,사고유형,법규위반,노면상태,기상상태,도로형태,가해운전자 차종,가해운전자 성별,가해운전자 연령,가해운전자 상해정도,피해운전자 차종,피해운전자 성별,피해운전자 연령,피해운전자 상해정도
2017051600100103,2017년 5월 16일 07시,화요일,전라남도 장성군 북하면,중상사고,0,1,0,0,차대사람 - 횡단중,안전운전불이행,건조,맑음,단일로 - 기타,승용,남,61세,상해없음,보행자,여,81세,중상
2017051600100141,2017년 5월 16일 08시,화요일,전라남도 여수시 신기동,경상사고,0,0,2,0,차대차 - 측면충돌,안전거리미확보,건조,맑음,단일로 - 기타,승용,남,31세,상해없음,승용,남,69세,경상
2017051600100142,2017년 5월 16일 08시,화요일,전라남도 장흥군 용산면,경상사고,0,0,2,0,차대차 - 측면충돌,직진우회전진행방해,건조,맑음,교차로 - 교차로안,승용,남,79세,경상,승용,남,60세,상해없음
2017051600100143,2017년 5월 16일 08시,화요일,전라남도 보성군 회천면,경상사고,0,0,2,0,차대차 - 추돌,안전거리미확보,건조,맑음,단일로 - 기타,화물,남,52세,상해없음,화물,남,39세,경상
2017051600100186,2017년 5월 16일 09시,화요일,전라남도 목포시 대성동,경상사고,0,0,1,0,차량단독 - 기타,안전운전불이행,건조,맑음,교차로 - 교차로안,승용,남,59세,상해없음,,,,
2017051600100214,2017년 5월 16일 10시,화요일,전라남도 나주시 금천면,경상사고,0,0,2,0,차대차 - 추돌,안전운전불이행,건조,맑음,교차로 - 교차로부근,화물,남,32세,상해없음,승용,남,46세,경상
2017051600100242,2017년 5월 16일 11시,화요일,전라남도 나주시 남평읍,중상사고,0,1,0,0,차대사람 - 기타,안전운전불이행,건조,맑음,단일로 - 교량,승용,남,43세,상해없음,보행자,여,70세,중상
2017051600100243,2017년 5월 16일 11시,화요일,전라남도 장성군 삼계면,경상사고,0,0,3,0,차대차 - 측면충돌,신호위반,건조,맑음,교차로 - 교차로안,승용,여,51세,상해없음,승용,여,33세,경상
2017051600100244,2017년 5월 16일 11시,화요일,전라남도 담양군 대전면,중상사고,0,1,0,0,차대차 - 측면충돌,직진우회전진행방해,건조,맑음,교차로 - 교차로안,화물,남,68세,상해없음,이륜,남,75세,중상
2017051600100294,2017년 5월 16일 13시,화요일,전라남도 목포시 용당동,경상사고,0,0,3,0,차대차 - 추돌,안전운전불이행,건조,맑음,단일로 - 기타,승용,남,61세,상해없음,승용,여,34세,경상
2017051600100295,2017년 5월 16일 13시,화요일,전라남도 나주시 금계동,경상사고,0,0,3,0,차대차 - 측면충돌,불법유턴,건조,맑음,교차로 - 교차로안,승용,남,56세,경상,원동기,여,51세,경상
2017051600100296,2017년 5월 16일 13시,화요일,전라남도 담양군 고서면,경상사고,0,0,2,0,차대차 - 추돌,안전운전불이행,건조,맑음,교차로 - 교차로부근,화물,남,59세,상해없음,화물,남,42세,경상
2017051600100322,2017년 5월 16일 14시,화요일,전라남도 목포시 석현동,경상사고,0,0,1,0,차대사람 - 횡단중,안전운전불이행,건조,맑음,단일로 - 기타,화물,남,46세,상해없음,보행자,남,48세,경상
2017051600100323,2017년 5월 16일 14시,화요일,전라남도 여수시 선원동,경상사고,0,0,1,0,차대사람 - 기타,안전운전불이행,건조,맑음,교차로 - 교차로부근,승용,남,52세,상해없음,보행자,남,44세,경상
2017051600100324,2017년 5월 16일 14시,화요일,전라남도 영광군 영광읍,중상사고,0,1,0,0,차대차 - 측면충돌,중앙선침범,건조,맑음,단일로 - 기타,건설기계,남,37세,상해없음,이륜,남,66세,중상
2017051600100354,2017년 5월 16일 15시,화요일,전라남도 목포시 상동,경상사고,0,0,1,0,차대차 - 기타,안전운전불이행,건조,맑음,교차로 - 교차로안,자전거,남,10세,경상,승용,여,58세,상해없음
2017051600100389,2017년 5월 16일 16시,화요일,전라남도 담양군 대덕면,중상사고,0,1,0,0,차대차 - 측면충돌,안전운전불이행,건조,맑음,교차로 - 교차로안,승용,여,54세,상해없음,원동기,남,80세,중상
2017051600100390,2017년 5월 16일 16시,화요일,전라남도 광양시 광양읍,경상사고,0,0,1,0,차대사람 - 기타,기타,건조,맑음,단일로 - 기타,승합,남,58세,상해없음,보행자,여,47세,경상
2017051600100428,2017년 5월 16일 17시,화요일,전라남도 곡성군 곡성읍,중상사고,0,2,0,0,차대차 - 기타,안전운전불이행,건조,맑음,단일로 - 기타,승용,남,25세,상해없음,승용,남,51세,중상
2017051600100468,2017년 5월 16일 18시,화요일,전라남도 순천시 조례동,경상사고,0,0,1,0,차대차 - 측면충돌,안전운전불이행,건조,맑음,주차장 - 주차장,승용,남,48세,상해없음,자전거,남,9세,경상
2017051600100469,2017년 5월 16일 18시,화요일,전라남도 해남군 해남읍,부상신고사고,0,0,0,1,차대사람 - 기타,안전운전불이행,건조,맑음,기타 - 기타,화물,남,44세,상해없음,보행자,남,3세,부상신고
2017051600100470,2017년 5월 16일 18시,화요일,전라남도 무안군 운남면,사망사고,1,3,1,0,차대차 - 측면충돌,안전운전불이행,건조,맑음,교차로 - 교차로안,화물,남,80세,사망,화물,남,50세,경상
2017051600100510,2017년 5월 16일 19시,화요일,전라남도 순천시 별량면,경상사고,0,0,2,0,차대차 - 측면충돌,교차로운행방법위반,건조,맑음,교차로 - 교차로안,화물,남,50세,상해없음,승용,남,74세,경상
2017051600100577,2017년 5월 16일 22시,화요일,전라남도 순천시 풍덕동,경상사고,0,0,2,0,차대차 - 측면충돌,교차로운행방법위반,건조,맑음,교차로 - 교차로안,화물,남,37세,경상,승용,여,55세,경상
2017051600100578,2017년 5월 16일 22시,화요일,전라남도 화순군 화순읍,경상사고,0,0,1,0,차대차 - 정면충돌,안전운전불이행,건조,맑음,교차로 - 교차로안,승용,남,69세,상해없음,이륜,남,16세,경상
2017051600100579,2017년 5월 16일 22시,화요일,전라남도 광양시 광양읍,경상사고,0,0,1,0,차대사람 - 횡단중,안전운전불이행,건조,맑음,단일로 - 기타,화물,남,38세,상해없음,보행자,남,58세,경상
2017051700100093,2017년 5월 17일 07시,수요일,전라남도 장성군 삼계면,중상사고,0,1,1,0,차대차 - 측면충돌,교차로운행방법위반,건조,맑음,교차로 - 교차로안,승용,여,59세,상해없음,이륜,남,70세,중상
2017051700100136,2017년 5월 17일 08시,수요일,전라남도 목포시 용당동,경상사고,0,0,1,0,차대차 - 기타,안전운전불이행,건조,맑음,교차로 - 교차로안,승용,남,60세,상해없음,자전거,남,13세,경상
2017051700100137,2017년 5월 17일 08시,수요일,전라남도 장흥군 대덕읍,경상사고,0,0,1,0,차대차 - 측면충돌,안전운전불이행,건조,맑음,교차로 - 교차로안,화물,여,50세,상해없음,농기계,남,54세,경상
2017051700100175,2017년 5월 17일 09시,수요일,전라남도 순천시 용당동,경상사고,0,0,2,0,차대차 - 측면충돌,직진우회전진행방해,건조,맑음,교차로 - 교차로안,승용,남,59세,상해없음,승용,남,68세,상해없음
2017051700100176,2017년 5월 17일 09시,수요일,전라남도 진도군 고군면,경상사고,0,0,1,0,차대차 - 측면충돌,교차로운행방법위반,건조,맑음,교차로 - 교차로안,이륜,남,64세,경상,화물,남,69세,상해없음
2017051700100211,2017년 5월 17일 10시,수요일,전라남도 순천시 풍덕동,중상사고,0,1,0,0,차대사람 - 횡단중,안전운전불이행,건조,맑음,교차로 - 교차로부근,화물,남,40세,상해없음,보행자,여,70세,중상
2017051700100232,2017년 5월 17일 11시,수요일,전라남도 곡성군 곡성읍,경상사고,0,0,1,0,차대차 - 측면충돌,중앙선침범,건조,맑음,교차로 - 교차로부근,승용,남,80세,상해없음,이륜,여,56세,경상
2017051700100256,2017년 5월 17일 12시,수요일,전라남도 목포시 죽교동,경상사고,0,0,2,0,차대차 - 측면충돌,직진우회전진행방해,건조,맑음,교차로 - 교차로안,승용,남,76세,경상,승용,남,72세,경상
2017051700100257,2017년 5월 17일 12시,수요일,전라남도 순천시 덕암동,중상사고,0,1,0,0,차대차 - 측면충돌,안전운전불이행,건조,맑음,단일로 - 기타,승용,남,70세,상해없음,승용,여,49세,중상
2017051700100258,2017년 5월 17일 12시,수요일,전라남도 순천시 주암면,경상사고,0,0,2,1,차대차 - 측면충돌,중앙선침범,건조,맑음,단일로 - 터널,승용,여,50세,상해없음,승용,남,29세,경상
2017051700100259,2017년 5월 17일 12시,수요일,전라남도 고흥군 도양읍,중상사고,0,1,0,0,차량단독 - 공작물충돌,안전운전불이행,건조,맑음,단일로 - 기타,화물,여,53세,중상,,,,
2017051700100260,2017년 5월 17일 12시,수요일,전라남도 영광군 군남면,중상사고,0,1,0,0,차대차 - 추돌,안전운전불이행,건조,맑음,단일로 - 기타,원동기,남,77세,중상,승용,여,57세,상해없음
2017051700100294,2017년 5월 17일 13시,수요일,전라남도 순천시 오천동,경상사고,0,0,1,0,차대사람 - 횡단중,안전운전불이행,건조,맑음,단일로 - 기타,승용,남,45세,상해없음,보행자,여,29세,경상
2017051700100349,2017년 5월 17일 15시,수요일,전라남도 장흥군 관산읍,경상사고,0,0,3,0,차대차 - 추돌,안전운전불이행,건조,맑음,단일로 - 기타,화물,남,63세,상해없음,화물,남,66세,경상
2017051700100350,2017년 5월 17일 15시,수요일,전라남도 고흥군 풍양면,경상사고,0,0,1,0,차대차 - 기타,안전운전불이행,건조,맑음,단일로 - 기타,농기계,여,74세,경상,승용,남,26세,상해없음
2017051700100391,2017년 5월 17일 16시,수요일,전라남도 순천시 남내동,경상사고,0,0,1,1,차대차 - 측면충돌,안전거리미확보,건조,맑음,단일로 - 교량,화물,남,66세,부상신고,승용,남,37세,상해없음
2017051700100392,2017년 5월 17일 16시,수요일,전라남도 화순군 화순읍,경상사고,0,0,2,1,차대차 - 측면충돌,교차로운행방법위반,건조,맑음,교차로 - 교차로안,승용,남,63세,부상신고,승용,남,61세,경상
2017051700100425,2017년 5월 17일 17시,수요일,전라남도 목포시 용해동,중상사고,0,1,2,0,차대차 - 측면충돌,과속,건조,맑음,단일로 - 기타,승용,남,52세,경상,자전거,남,59세,중상
2017051700100426,2017년 5월 17일 17시,수요일,전라남도 여수시 문수동,중상사고,0,1,0,0,차대차 - 기타,교차로운행방법위반,건조,맑음,교차로 - 교차로안,승용,여,43세,상해없음,승용,남,65세,상해없음
2017051700100427,2017년 5월 17일 17시,수요일,전라남도 장흥군 장흥읍,중상사고,0,1,0,0,차대차 - 측면충돌,안전운전불이행,건조,맑음,교차로 - 교차로부근,승용,여,62세,상해없음,이륜,남,28세,중상
2017051700100428,2017년 5월 17일 17시,수요일,전라남도 장흥군 장흥읍,경상사고,0,0,1,1,차대차 - 측면충돌,직진우회전진행방해,건조,맑음,교차로 - 교차로안,승용,여,21세,부상신고,화물,남,65세,경상
2017051700100480,2017년 5월 17일 18시,수요일,전라남도 순천시 오천동,중상사고,0,1,2,0,차대차 - 정면충돌,중앙선침범,건조,맑음,단일로 - 기타,승용,남,50세,경상,승용,남,51세,중상
2017051700100520,2017년 5월 17일 19시,수요일,전라남도 순천시 덕월동,중상사고,0,1,0,0,차대차 - 기타,안전운전불이행,건조,맑음,단일로 - 기타,화물,남,75세,상해없음,자전거,남,63세,중상
2017051700100548,2017년 5월 17일 20시,수요일,전라남도 여수시 삼산면,경상사고,0,0,1,0,차대차 - 기타,안전운전불이행,건조,맑음,단일로 - 교량,화물,남,55세,상해없음,화물,남,53세,상해없음
2017051800100025,2017년 5월 18일 00시,목요일,전라남도 강진군 군동면,중상사고,0,1,1,0,차대차 - 추돌,안전운전불이행,건조,맑음,단일로 - 기타,승용,남,49세,중상,화물,남,49세,경상
2017051800100026,2017년 5월 18일 00시,목요일,전라남도 광양시 금호동,경상사고,0,0,1,0,차대차 - 측면충돌,안전운전불이행,건조,맑음,교차로 - 교차로안,화물,남,43세,상해없음,특수,남,60세,경상
2017051800100101,2017년 5월 18일 07시,목요일,전라남도 순천시 조례동,경상사고,0,0,1,0,차대차 - 기타,안전운전불이행,건조,맑음,단일로 - 기타,화물,남,31세,상해없음,승용,여,46세,경상
2017051800100102,2017년 5월 18일 07시,목요일,전라남도 영광군 영광읍,경상사고,0,0,2,0,차대차 - 정면충돌,직진우회전진행방해,건조,맑음,교차로 - 교차로안,승용,여,58세,경상,승용,남,29세,경상
2017051800100103,2017년 5월 18일 07시,목요일,전라남도 장성군 남면,중상사고,0,1,0,0,차대차 - 정면충돌,안전운전불이행,건조,맑음,교차로 - 교차로안,이륜,남,84세,상해없음,화물,남,55세,상해없음
2017051800100146,2017년 5월 18일 08시,목요일,전라남도 고흥군 도양읍,경상사고,0,0,1,0,차대차 - 측면충돌,안전운전불이행,건조,맑음,교차로 - 교차로안,승용,남,66세,상해없음,자전거,여,49세,경상
2017051800100241,2017년 5월 18일 11시,목요일,전라남도 담양군 무정면,경상사고,0,0,1,0,차대차 - 측면충돌,기타,건조,맑음,교차로 - 교차로안,이륜,남,33세,경상,승용,남,57세,상해없음
2017051800100270,2017년 5월 18일 12시,목요일,전라남도 목포시 상동,경상사고,0,0,3,0,차대차 - 기타,안전운전불이행,건조,맑음,교차로 - 교차로부근,승용,남,28세,상해없음,승용,남,38세,경상
2017051800100296,2017년 5월 18일 13시,목요일,전라남도 순천시 인제동,부상신고사고,0,0,0,1,차대사람 - 보도통행중,안전운전불이행,건조,맑음,단일로 - 기타,기타불명,기타불명,미분류,기타불명,보행자,여,65세,부상신고
2017051800100297,2017년 5월 18일 13시,목요일,전라남도 강진군 도암면,경상사고,0,0,1,0,차량단독 - 공작물충돌,기타,건조,맑음,교차로 - 교차로부근,화물,남,33세,경상,,,,
2017051800100298,2017년 5월 18일 13시,목요일,전라남도 완도군 보길면,경상사고,0,0,1,0,차대사람 - 횡단중,불법유턴,건조,맑음,기타 - 기타,화물,남,47세,상해없음,보행자,여,68세,경상
2017051800100328,2017년 5월 18일 14시,목요일,전라남도 강진군 군동면,경상사고,0,0,1,0,차대차 - 추돌,안전거리미확보,건조,맑음,단일로 - 기타,원동기,남,69세,경상,화물,남,34세,상해없음
2017051800100329,2017년 5월 18일 14시,목요일,전라남도 곡성군 오곡면,경상사고,0,0,2,0,차대차 - 후진중충돌,안전운전불이행,건조,맑음,단일로 - 기타,승합,남,49세,상해없음,승용,남,64세,경상
2017051800100330,2017년 5월 18일 14시,목요일,전라남도 무안군 운남면,중상사고,0,1,0,0,차대차 - 측면충돌,차로위반,건조,맑음,단일로 - 기타,건설기계,남,48세,상해없음,화물,남,43세,중상
2017051800100360,2017년 5월 18일 15시,목요일,전라남도 보성군 조성면,사망사고,1,0,1,0,차대차 - 추돌,안전운전불이행,건조,맑음,단일로 - 터널,화물,남,76세,사망,건설기계,남,27세,경상
2017051800100399,2017년 5월 18일 16시,목요일,전라남도 보성군 보성읍,중상사고,0,1,0,0,차량단독 - 전도전복 - 전도,안전운전불이행,건조,맑음,단일로 - 기타,화물,남,40세,중상,,,,
2017051800100400,2017년 5월 18일 16시,목요일,전라남도 화순군 화순읍,경상사고,0,0,2,0,차대차 - 측면충돌,신호위반,건조,맑음,교차로 - 교차로안,승용,여,56세,경상,건설기계,남,29세,경상
2017051800100438,2017년 5월 18일 17시,목요일,전라남도 순천시 덕월동,경상사고,0,0,2,0,차대차 - 측면충돌,교차로운행방법위반,건조,맑음,교차로 - 교차로안,승용,남,24세,상해없음,승용,여,57세,경상
2017051800100439,2017년 5월 18일 17시,목요일,전라남도 장흥군 장흥읍,사망사고,1,1,0,0,차대사람 - 횡단중,안전운전불이행,건조,맑음,교차로 - 교차로안,승용,남,57세,상해없음,보행자,남,3세,사망
2017051800100483,2017년 5월 18일 18시,목요일,전라남도 순천시 가곡동,부상신고사고,0,0,0,1,차대차 - 기타,교차로운행방법위반,건조,맑음,교차로 - 교차로부근,자전거,남,35세,부상신고,승용,여,48세,상해없음
2017051800100484,2017년 5월 18일 18시,목요일,전라남도 나주시 송월동,중상사고,0,1,0,0,차대사람 - 차도통행중,안전운전불이행,건조,맑음,교차로 - 교차로안,승용,남,32세,상해없음,보행자,여,52세,중상
2017051800100485,2017년 5월 18일 18시,목요일,전라남도 영암군 덕진면,경상사고,0,0,2,0,차대차 - 측면충돌,안전운전불이행,건조,맑음,교차로 - 교차로안,승용,여,57세,경상,승용,여,55세,경상
2017051800100528,2017년 5월 18일 19시,목요일,전라남도 무안군 해제면,중상사고,0,1,0,0,차량단독 - 전도전복,안전운전불이행,건조,맑음,단일로 - 기타,이륜,남,44세,중상,미분류,미분류,미분류,미분류
2017051800100558,2017년 5월 18일 20시,목요일,전라남도 목포시 용해동,경상사고,0,0,4,0,차대차 - 측면충돌,안전거리미확보,건조,기타,단일로 - 기타,승용,여,35세,경상,승용,여,41세,경상
2017051800100628,2017년 5월 18일 22시,목요일,전라남도 목포시 산정동,경상사고,0,0,1,0,차대사람 - 길가장자리구역통행중,안전운전불이행,건조,맑음,교차로 - 교차로부근,승용,남,51세,상해없음,보행자,여,22세,경상
2017051800100629,2017년 5월 18일 22시,목요일,전라남도 목포시 상동,중상사고,0,1,2,0,차대차 - 측면충돌,신호위반,건조,맑음,교차로 - 교차로안,승용,여,49세,상해없음,승용,남,41세,경상
2017051900100070,2017년 5월 19일 04시,금요일,전라남도 영광군 묘량면,사망사고,1,0,0,0,차대사람 - 길가장자리구역통행중,안전운전불이행,건조,맑음,단일로 - 기타,화물,남,57세,상해없음,보행자,여,82세,사망
2017051900100091,2017년 5월 19일 06시,금요일,전라남도 곡성군 오산면,중상사고,0,1,0,0,차량단독 - 전도전복 - 전도,안전운전불이행,건조,맑음,단일로 - 기타,승용,남,78세,상해없음,,,,
2017051900100108,2017년 5월 19일 07시,금요일,전라남도 고흥군 도양읍,중상사고,0,1,0,0,차대차 - 기타,교차로운행방법위반,건조,맑음,교차로 - 교차로안,승용,여,47세,상해없음,농기계,남,77세,중상
2017051900100150,2017년 5월 19일 08시,금요일,전라남도 순천시 장천동,경상사고,0,0,2,0,차대차 - 측면충돌,직진우회전진행방해,건조,맑음,교차로 - 교차로안,화물,남,65세,상해없음,승용,남,51세,경상
2017051900100151,2017년 5월 19일 08시,금요일,전라남도 순천시 해룡면,경상사고,0,0,1,0,차대차 - 기타,안전운전불이행,건조,맑음,단일로 - 기타,승용,남,28세,상해없음,승용,여,50세,경상
2017051900100152,2017년 5월 19일 08시,금요일,전라남도 나주시 이창동,경상사고,0,0,1,0,차대차 - 기타,교차로운행방법위반,건조,맑음,교차로 - 교차로안,승용,남,17세,상해없음,화물,남,62세,경상
2017051900100153,2017년 5월 19일 08시,금요일,전라남도 해남군 해남읍,경상사고,0,0,2,0,차량단독 - 기타,안전운전불이행,건조,맑음,교차로 - 교차로부근,자전거,남,13세,경상,,,,
2017051900100154,2017년 5월 19일 08시,금요일,전라남도 보성군 복내면,경상사고,0,0,1,0,차대사람 - 기타,기타,건조,맑음,단일로 - 기타,건설기계,남,38세,상해없음,보행자,여,75세,경상
2017051900100155,2017년 5월 19일 08시,금요일,전라남도 함평군 나산면,경상사고,0,0,1,0,차대차 - 정면충돌,안전운전불이행,건조,맑음,교차로 - 교차로안,사륜오토바이(ATV),남,79세,경상,화물,남,67세,상해없음
2017051900100202,2017년 5월 19일 09시,금요일,전라남도 여수시 학동,경상사고,0,0,2,0,차대차 - 측면충돌,안전운전불이행,건조,맑음,교차로 - 교차로안,승용,여,57세,상해없음,승용,남,58세,경상
2017051900100203,2017년 5월 19일 09시,금요일,전라남도 순천시 주암면,중상사고,0,1,0,0,차대차 - 측면충돌,안전운전불이행,건조,맑음,교차로 - 교차로안,승용,남,27세,상해없음,이륜,여,75세,중상
2017051900100204,2017년 5월 19일 09시,금요일,전라남도 순천시 연향동,경상사고,0,0,1,0,차대차 - 측면충돌,직진우회전진행방해,건조,맑음,교차로 - 교차로안,승용,여,58세,상해없음,승용,여,61세,경상
2017051900100276,2017년 5월 19일 11시,금요일,전라남도 목포시 죽교동,중상사고,0,1,0,0,차대차 - 측면충돌,안전운전불이행,건조,맑음,교차로 - 교차로안,승합,남,60세,상해없음,승용,남,29세,중상
2017051900100277,2017년 5월 19일 11시,금요일,전라남도 나주시 봉황면,경상사고,0,0,2,0,차대차 - 정면충돌,직진우회전진행방해,건조,맑음,교차로 - 교차로안,승용,남,71세,상해없음,화물,남,65세,상해없음
2017051900100278,2017년 5월 19일 11시,금요일,전라남도 장성군 황룡면,경상사고,0,0,2,0,차대차 - 측면충돌,안전운전불이행,건조,맑음,단일로 - 기타,승용,여,36세,경상,특수,남,54세,경상
2017051900100309,2017년 5월 19일 12시,금요일,전라남도 보성군 벌교읍,경상사고,0,0,1,0,차대차 - 측면충돌,중앙선침범,건조,맑음,교차로 - 교차로부근,화물,남,29세,상해없음,승용,남,60세,상해없음
2017051900100347,2017년 5월 19일 13시,금요일,전라남도 장흥군 장흥읍,중상사고,0,1,0,0,차대차 - 측면충돌,직진우회전진행방해,건조,맑음,교차로 - 교차로안,승용,남,47세,상해없음,이륜,여,56세,중상
2017051900100348,2017년 5월 19일 13시,금요일,전라남도 해남군 현산면,중상사고,0,1,0,0,차량단독 - 전도전복,안전운전불이행,건조,맑음,단일로 - 기타,이륜,남,53세,중상,미분류,미분류,미분류,미분류
2017051900100380,2017년 5월 19일 14시,금요일,전라남도 목포시 상동,경상사고,0,0,1,0,차대사람 - 기타,안전운전불이행,건조,맑음,단일로 - 기타,화물,남,48세,상해없음,보행자,여,71세,경상
2017051900100381,2017년 5월 19일 14시,금요일,전라남도 목포시 남교동,경상사고,0,0,1,0,차대사람 - 횡단중,안전운전불이행,건조,맑음,교차로 - 교차로안,이륜,남,73세,상해없음,보행자,여,55세,경상
2017051900100382,2017년 5월 19일 14시,금요일,전라남도 구례군 토지면,중상사고,0,2,3,0,차량단독 - 전도전복 - 전도,안전운전불이행,건조,맑음,단일로 - 기타,승용,여,69세,경상,,,,
2017051900100414,2017년 5월 19일 15시,금요일,전라남도 목포시 옥암동,경상사고,0,0,5,0,차대차 - 측면충돌,안전운전불이행,건조,맑음,단일로 - 기타,승용,남,35세,상해없음,화물,남,71세,경상
2017051900100477,2017년 5월 19일 16시,금요일,전라남도 목포시 산정동,경상사고,0,0,1,0,차대차 - 측면충돌,안전운전불이행,건조,맑음,기타 - 기타,화물,남,35세,상해없음,자전거,남,77세,경상
2017051900100478,2017년 5월 19일 16시,금요일,전라남도 장흥군 장흥읍,부상신고사고,0,0,0,1,차대차 - 기타,안전운전불이행,건조,맑음,단일로 - 기타,승용,여,67세,부상신고,화물,남,34세,상해없음
2017051900100479,2017년 5월 19일 16시,금요일,전라남도 곡성군 곡성읍,경상사고,0,0,1,0,차대사람 - 기타,안전운전불이행,건조,맑음,교차로 - 교차로안,승용,남,55세,상해없음,보행자,남,48세,경상
2017051900100480,2017년 5월 19일 16시,금요일,전라남도 광양시 중동,중상사고,0,2,0,0,차대차 - 측면충돌,안전운전불이행,건조,맑음,교차로 - 교차로부근,승용,여,23세,상해없음,승용,여,49세,중상
2017051900100509,2017년 5월 19일 17시,금요일,전라남도 여수시 미평동,경상사고,0,0,1,0,차대차 - 측면충돌,안전운전불이행,건조,맑음,단일로 - 기타,승합,남,62세,상해없음,원동기,여,52세,경상
2017051900100510,2017년 5월 19일 17시,금요일,전라남도 강진군 병영면,중상사고,0,1,0,0,차대차 - 측면충돌,교차로운행방법위반,건조,맑음,교차로 - 교차로안,원동기,남,74세,중상,화물,남,78세,상해없음
2017051900100584,2017년 5월 19일 19시,금요일,전라남도 순천시 덕월동,부상신고사고,0,0,0,1,차대차 - 측면충돌,직진우회전진행방해,건조,맑음,교차로 - 교차로안,이륜,여,59세,부상신고,승용,남,23세,상해없음
2017051900100708,2017년 5월 19일 22시,금요일,전라남도 여수시 충무동,경상사고,0,0,1,0,차대사람 - 길가장자리구역통행중,안전운전불이행,건조,맑음,단일로 - 기타,승합,남,59세,상해없음,보행자,남,55세,경상
2017052000100035,2017년 5월 20일 00시,토요일,전라남도 광양시 광영동,중상사고,0,1,0,0,차대차 - 추돌,안전운전불이행,건조,맑음,단일로 - 기타,승용,남,52세,중상,특수,남,53세,상해없음
2017052000100180,2017년 5월 20일 09시,토요일,전라남도 여수시 돌산읍,경상사고,0,0,1,0,차대차 - 측면충돌,중앙선침범,건조,맑음,단일로 - 기타,승용,남,54세,상해없음,승용,남,49세,경상
2017052000100235,2017년 5월 20일 11시,토요일,전라남도 해남군 해남읍,중상사고,0,1,0,0,차량단독 - 전도전복,안전운전불이행,건조,맑음,단일로 - 기타,이륜,남,17세,상해없음,미분류,미분류,미분류,미분류
2017052000100236,2017년 5월 20일 11시,토요일,전라남도 완도군 완도읍,중상사고,0,1,2,0,차대차 - 추돌,과속,건조,맑음,단일로 - 기타,승용,남,52세,상해없음,승용,남,67세,경상
2017052000100265,2017년 5월 20일 12시,토요일,전라남도 보성군 벌교읍,중상사고,0,2,4,0,차대차 - 추돌,안전운전불이행,건조,맑음,단일로 - 기타,건설기계,남,48세,상해없음,승용,남,50세,상해없음
2017052000100266,2017년 5월 20일 12시,토요일,전라남도 곡성군 오곡면,경상사고,0,0,1,0,차대차 - 정면충돌,중앙선침범,건조,맑음,단일로 - 기타,원동기,남,81세,경상,승용,남,51세,상해없음
2017052000100296,2017년 5월 20일 13시,토요일,전라남도 순천시 가곡동,경상사고,0,0,1,0,차대차 - 측면충돌,신호위반,건조,맑음,교차로 - 교차로안,승용,남,70세,상해없음,승용,남,72세,경상
2017052000100297,2017년 5월 20일 13시,토요일,전라남도 강진군 칠량면,부상신고사고,0,0,0,1,차량단독 - 공작물충돌,기타,건조,맑음,단일로 - 기타,이륜,남,60세,부상신고,,,,
2017052000100338,2017년 5월 20일 14시,토요일,전라남도 장흥군 관산읍,경상사고,0,0,4,0,차대차 - 정면충돌,중앙선침범,건조,맑음,단일로 - 기타,승용,남,32세,경상,건설기계,남,59세,경상
2017052000100339,2017년 5월 20일 14시,토요일,전라남도 강진군 강진읍,중상사고,0,1,1,0,차대차 - 측면충돌,교차로운행방법위반,건조,맑음,교차로 - 교차로안,승합,남,76세,상해없음,승용,남,57세,경상
2017052000100340,2017년 5월 20일 14시,토요일,전라남도 완도군 군외면,경상사고,0,0,2,0,차대차 - 측면충돌,안전운전불이행,건조,맑음,기타 - 기타,승합,남,62세,상해없음,승용,여,41세,경상
2017052000100377,2017년 5월 20일 15시,토요일,전라남도 순천시 매곡동,경상사고,0,0,2,0,차대차 - 추돌,안전운전불이행,건조,맑음,단일로 - 기타,승용,남,42세,상해없음,승용,남,39세,경상
2017052000100378,2017년 5월 20일 15시,토요일,전라남도 영암군 신북면,경상사고,0,0,1,0,차대차 - 측면충돌,안전운전불이행,건조,맑음,단일로 - 기타,건설기계,남,38세,상해없음,농기계,남,61세,경상
2017052000100379,2017년 5월 20일 15시,토요일,전라남도 담양군 용면,중상사고,0,1,0,0,차대사람 - 횡단중,보행자보호의무위반,건조,맑음,단일로 - 기타,화물,남,65세,상해없음,보행자,남,6세,중상
2017052000100380,2017년 5월 20일 15시,토요일,전라남도 무안군 삼향읍,경상사고,0,0,1,0,차대차 - 기타,안전운전불이행,건조,맑음,교차로 - 교차로안,승용,남,62세,상해없음,승용,여,52세,경상
2017052000100416,2017년 5월 20일 16시,토요일,전라남도 신안군 안좌면,중상사고,0,1,0,0,차대사람 - 차도통행중,안전운전불이행,건조,맑음,단일로 - 기타,화물,남,68세,상해없음,보행자,남,5세,중상
2017052000100417,2017년 5월 20일 16시,토요일,전라남도 여수시 화양면,중상사고,0,1,0,0,차대사람 - 기타,안전운전불이행,건조,맑음,단일로 - 기타,승용,남,67세,상해없음,보행자,남,74세,중상
2017052000100418,2017년 5월 20일 16시,토요일,전라남도 여수시 돌산읍,경상사고,0,0,1,0,차대차 - 측면충돌,직진우회전진행방해,건조,맑음,교차로 - 교차로안,승용,남,24세,상해없음,승용,여,48세,경상