사고번호,사고일시,요일,시군구,사고내용,사망자수,중상자수,경상자수,부상신고자수,사고유형,법규위반,노면상태,기상상태,도로형태,가해운전자 차종,가해운전자 성별,가해운전자 연령,가해운전자 상해정도,피해운전자 차종,피해운전자 성별,피해운전자 연령,피해운전자 상해정도
2017052800100274,2017년 5월 28일 14시,일요일,전라남도 강진군 강진읍,경상사고,0,0,1,0,차량단독 - 전도전복 - 전도,안전운전불이행,건조,맑음,교차로 - 교차로안,농기계,남,69세,경상,,,,
2017052800100297,2017년 5월 28일 15시,일요일,전라남도 진도군 임회면,중상사고,0,3,1,0,차대차 - 기타,중앙선침범,건조,맑음,단일로 - 기타,승용,여,58세,상해없음,승용,남,48세,중상
2017052800100298,2017년 5월 28일 15시,일요일,전라남도 진도군 진도읍,경상사고,0,0,2,0,차대차 - 추돌,안전거리미확보,건조,맑음,단일로 - 기타,승용,남,35세,상해없음,승용,여,54세,경상
2017052800100326,2017년 5월 28일 16시,일요일,전라남도 고흥군 도양읍,경상사고,0,0,1,0,차대차 - 기타,교차로운행방법위반,건조,맑음,교차로 - 교차로안,이륜,여,69세,경상,자전거,남,89세,상해없음
2017052800100327,2017년 5월 28일 16시,일요일,전라남도 무안군 현경면,경상사고,0,0,3,0,차대차 - 추돌,안전거리미확보,건조,맑음,단일로 - 기타,승용,남,42세,상해없음,승용,남,56세,경상
2017052800100368,2017년 5월 28일 17시,일요일,전라남도 보성군 미력면,중상사고,0,1,0,0,차대차 - 측면충돌,기타,건조,맑음,교차로 - 교차로안,승용,여,41세,상해없음,승용,남,52세,중상
2017052800100369,2017년 5월 28일 17시,일요일,전라남도 무안군 일로읍,중상사고,0,1,0,0,차대차 - 측면충돌,안전운전불이행,건조,맑음,교차로 - 교차로부근,승용,남,60세,상해없음,승용,여,43세,중상
2017052800100370,2017년 5월 28일 17시,일요일,전라남도 광양시 마동,중상사고,0,1,5,1,차대차 - 측면충돌,안전운전불이행,건조,맑음,단일로 - 기타,화물,여,38세,부상신고,승용,여,35세,경상
2017052800100371,2017년 5월 28일 17시,일요일,전라남도 광양시 광양읍,경상사고,0,0,2,0,차대차 - 측면충돌,안전운전불이행,건조,맑음,단일로 - 기타,화물,남,57세,상해없음,승용,남,32세,경상
2017052800100423,2017년 5월 28일 19시,일요일,전라남도 여수시 봉산동,중상사고,0,1,3,0,차대차 - 측면충돌,교차로운행방법위반,건조,맑음,교차로 - 교차로안,승용,남,30세,경상,승용,여,42세,경상
2017052800100424,2017년 5월 28일 19시,일요일,전라남도 무안군 무안읍,경상사고,0,0,1,0,차대사람 - 길가장자리구역통행중,안전운전불이행,건조,맑음,교차로 - 교차로부근,승용,남,69세,상해없음,보행자,여,62세,경상
2017052800100456,2017년 5월 28일 20시,일요일,전라남도 순천시 남정동,경상사고,0,0,3,0,차대차 - 측면충돌,직진우회전진행방해,건조,맑음,교차로 - 교차로안,승용,남,67세,경상,승용,여,31세,경상
2017052800100480,2017년 5월 28일 21시,일요일,전라남도 여수시 신월동,중상사고,0,3,1,1,차대차 - 측면충돌,불법유턴,건조,맑음,단일로 - 기타,승용,남,48세,부상신고,승용,남,34세,경상
2017052900100028,2017년 5월 29일 00시,월요일,전라남도 여수시 봉산동,경상사고,0,0,2,0,차대차 - 측면충돌,안전운전불이행,건조,맑음,기타 - 기타,화물,남,70세,상해없음,승용,여,56세,경상
2017052900100029,2017년 5월 29일 00시,월요일,전라남도 나주시 금천면,경상사고,0,0,2,0,차대차 - 추돌,안전운전불이행,건조,맑음,단일로 - 기타,승용,남,24세,경상,화물,여,50세,경상
2017052900100049,2017년 5월 29일 02시,월요일,전라남도 순천시 조례동,중상사고,0,1,0,0,차대사람 - 횡단중,보행자보호의무위반,건조,맑음,교차로 - 교차로부근,승용,남,34세,상해없음,보행자,남,26세,중상
2017052900100057,2017년 5월 29일 04시,월요일,전라남도 목포시 산정동,중상사고,0,1,0,0,차대사람 - 횡단중,안전운전불이행,건조,맑음,단일로 - 기타,승용,남,71세,상해없음,보행자,여,72세,중상
2017052900100076,2017년 5월 29일 06시,월요일,전라남도 곡성군 삼기면,중상사고,0,1,0,0,차대차 - 측면충돌,중앙선침범,건조,맑음,단일로 - 기타,승합,남,64세,상해없음,이륜,남,58세,중상
2017052900100134,2017년 5월 29일 08시,월요일,전라남도 나주시 성북동,중상사고,0,1,5,0,차대차 - 측면충돌,신호위반,건조,맑음,교차로 - 교차로안,승용,남,57세,상해없음,화물,남,71세,경상
2017052900100173,2017년 5월 29일 09시,월요일,전라남도 영광군 홍농읍,경상사고,0,0,1,0,차대차 - 측면충돌,안전운전불이행,건조,맑음,단일로 - 기타,원동기,남,79세,경상,승용,여,36세,상해없음
2017052900100203,2017년 5월 29일 10시,월요일,전라남도 해남군 산이면,경상사고,0,0,3,0,차대차 - 정면충돌,신호위반,건조,맑음,교차로 - 교차로안,화물,남,54세,경상,승용,남,24세,경상
2017052900100204,2017년 5월 29일 10시,월요일,전라남도 무안군 삼향읍,경상사고,0,0,1,0,차대차 - 추돌,안전운전불이행,건조,맑음,교차로 - 교차로부근,승용,여,39세,상해없음,승용,여,39세,경상
2017052900100238,2017년 5월 29일 11시,월요일,전라남도 목포시 상동,경상사고,0,0,1,0,차대차 - 측면충돌,신호위반,건조,맑음,교차로 - 교차로횡단보도내,승용,남,62세,상해없음,승용,여,24세,경상
2017052900100267,2017년 5월 29일 12시,월요일,전라남도 목포시 상동,경상사고,0,0,2,0,차대차 - 측면충돌,신호위반,건조,맑음,교차로 - 교차로안,승용,남,60세,경상,승용,여,72세,경상
2017052900100268,2017년 5월 29일 12시,월요일,전라남도 순천시 풍덕동,경상사고,0,0,1,0,차대차 - 기타,교차로운행방법위반,건조,맑음,교차로 - 교차로부근,승용,남,67세,상해없음,승합,남,51세,상해없음
2017052900100269,2017년 5월 29일 12시,월요일,전라남도 광양시 광양읍,중상사고,0,1,0,0,차대차 - 측면충돌,직진우회전진행방해,건조,맑음,교차로 - 교차로안,이륜,남,62세,중상,승용,여,44세,상해없음
2017052900100299,2017년 5월 29일 13시,월요일,전라남도 순천시 해룡면,경상사고,0,0,4,0,차대차 - 추돌,안전거리미확보,건조,맑음,교차로 - 교차로부근,화물,남,74세,상해없음,승용,여,27세,경상
2017052900100361,2017년 5월 29일 15시,월요일,전라남도 순천시 석현동,중상사고,0,1,0,0,차대차 - 기타,안전운전불이행,건조,맑음,단일로 - 기타,화물,남,56세,상해없음,개인형이동수단(PM),남,81세,중상
2017052900100362,2017년 5월 29일 15시,월요일,전라남도 순천시 장천동,경상사고,0,0,1,0,차대차 - 기타,불법유턴,건조,맑음,단일로 - 기타,승용,여,42세,상해없음,승용,여,39세,경상
2017052900100363,2017년 5월 29일 15시,월요일,전라남도 나주시 성북동,경상사고,0,0,1,0,차대차 - 측면충돌,안전운전불이행,건조,맑음,주차장 - 주차장,승용,여,42세,상해없음,승용,남,30세,상해없음
2017052900100364,2017년 5월 29일 15시,월요일,전라남도 함평군 나산면,경상사고,0,0,2,0,차대차 - 측면충돌,안전운전불이행,건조,맑음,단일로 - 기타,승용,여,54세,경상,화물,남,67세,경상
2017052900100441,2017년 5월 29일 17시,월요일,전라남도 여수시 둔덕동,경상사고,0,0,1,0,차대차 - 측면충돌,신호위반,건조,맑음,교차로 - 교차로안,승용,남,59세,상해없음,승용,여,49세,경상
2017052900100442,2017년 5월 29일 17시,월요일,전라남도 여수시 봉산동,경상사고,0,0,2,0,차대차 - 측면충돌,교차로운행방법위반,건조,맑음,교차로 - 교차로안,원동기,남,53세,상해없음,승용,여,37세,경상
2017052900100443,2017년 5월 29일 17시,월요일,전라남도 여수시 율촌면,경상사고,0,0,1,0,차대차 - 측면충돌,안전운전불이행,건조,맑음,교차로 - 교차로안,화물,남,34세,상해없음,승용,남,47세,경상
2017052900100444,2017년 5월 29일 17시,월요일,전라남도 여수시 신기동,경상사고,0,0,1,0,차대차 - 측면충돌,안전운전불이행,건조,맑음,교차로 - 교차로부근,승용,여,44세,상해없음,자전거,남,12세,경상
2017052900100471,2017년 5월 29일 18시,월요일,전라남도 목포시 용해동,경상사고,0,0,4,0,차대차 - 측면충돌,안전운전불이행,건조,맑음,교차로 - 교차로안,승용,남,56세,경상,원동기,남,36세,경상
2017052900100472,2017년 5월 29일 18시,월요일,전라남도 목포시 석현동,경상사고,0,0,1,0,차대차 - 측면충돌,교차로운행방법위반,건조,맑음,교차로 - 교차로안,자전거,남,13세,경상,승용,남,26세,상해없음
2017052900100473,2017년 5월 29일 18시,월요일,전라남도 담양군 담양읍,경상사고,0,0,1,0,차대차 - 추돌,안전거리미확보,건조,맑음,단일로 - 기타,승용,남,33세,기타불명,승용,남,49세,경상
2017052900100506,2017년 5월 29일 19시,월요일,전라남도 광양시 광양읍,부상신고사고,0,0,0,1,차대차 - 측면충돌,안전운전불이행,건조,맑음,교차로 - 교차로부근,화물,남,39세,부상신고,승용,남,58세,상해없음
2017052900100590,2017년 5월 29일 22시,월요일,전라남도 목포시 옥암동,경상사고,0,0,3,0,차대차 - 측면충돌,신호위반,건조,맑음,교차로 - 교차로안,승용,남,30세,상해없음,승용,남,65세,상해없음
2017052900100591,2017년 5월 29일 22시,월요일,전라남도 나주시 왕곡면,중상사고,0,2,3,0,차대차 - 측면충돌,신호위반,건조,맑음,교차로 - 교차로안,화물,남,61세,중상,승용,남,21세,경상
2017053000100044,2017년 5월 30일 02시,화요일,전라남도 여수시 학동,경상사고,0,0,3,0,차대차 - 기타,불법유턴,건조,맑음,교차로 - 교차로안,승용,남,36세,상해없음,승용,남,53세,경상
2017053000100103,2017년 5월 30일 07시,화요일,전라남도 영암군 덕진면,경상사고,0,0,1,0,차대차 - 측면충돌,중앙선침범,건조,맑음,단일로 - 기타,원동기,남,74세,경상,승용,여,28세,상해없음
2017053000100139,2017년 5월 30일 08시,화요일,전라남도 신안군 암태면,경상사고,0,0,3,0,차대차 - 기타,중앙선침범,건조,맑음,교차로 - 교차로부근,화물,남,64세,경상,화물,남,66세,경상
2017053000100140,2017년 5월 30일 08시,화요일,전라남도 무안군 무안읍,경상사고,0,0,2,0,차대차 - 정면충돌,안전운전불이행,건조,맑음,교차로 - 교차로안,승용,남,34세,상해없음,승용,남,36세,경상
2017053000100177,2017년 5월 30일 09시,화요일,전라남도 광양시 마동,경상사고,0,0,2,0,차대차 - 측면충돌,신호위반,건조,맑음,교차로 - 교차로안,승용,남,40세,상해없음,승용,여,35세,경상
2017053000100209,2017년 5월 30일 10시,화요일,전라남도 목포시 상동,경상사고,0,0,1,0,차대차 - 추돌,안전운전불이행,건조,맑음,단일로 - 기타,승용,남,50세,상해없음,승용,남,76세,경상
2017053000100210,2017년 5월 30일 10시,화요일,전라남도 목포시 달동,경상사고,0,0,4,0,차대차 - 추돌,안전운전불이행,건조,맑음,단일로 - 교량,승용,여,42세,경상,승용,남,37세,경상
2017053000100211,2017년 5월 30일 10시,화요일,전라남도 여수시 여천동,경상사고,0,0,1,0,차대차 - 추돌,안전운전불이행,건조,맑음,단일로 - 기타,화물,남,35세,상해없음,승용,남,43세,경상
2017053000100212,2017년 5월 30일 10시,화요일,전라남도 화순군 도곡면,중상사고,0,1,0,0,차대차 - 정면충돌,중앙선침범,건조,맑음,단일로 - 기타,화물,남,42세,상해없음,이륜,남,33세,중상
2017053000100238,2017년 5월 30일 11시,화요일,전라남도 신안군 하의면,중상사고,0,1,0,0,차량단독 - 전도전복,안전운전불이행,건조,맑음,단일로 - 기타,이륜,남,63세,중상,미분류,미분류,미분류,미분류
2017053000100267,2017년 5월 30일 12시,화요일,전라남도 고흥군 대서면,경상사고,0,0,1,0,차대차 - 측면충돌,교차로운행방법위반,건조,맑음,교차로 - 교차로안,이륜,남,63세,경상,승용,여,44세,상해없음
2017053000100294,2017년 5월 30일 13시,화요일,전라남도 목포시 용해동,경상사고,0,0,2,0,차대차 - 기타,교차로운행방법위반,건조,맑음,교차로 - 교차로안,승용,남,45세,상해없음,승용,여,56세,경상
2017053000100295,2017년 5월 30일 13시,화요일,전라남도 여수시 여천동,경상사고,0,0,2,0,차대차 - 추돌,안전운전불이행,건조,맑음,단일로 - 기타,승용,남,47세,상해없음,승용,남,25세,경상
2017053000100296,2017년 5월 30일 13시,화요일,전라남도 순천시 장천동,경상사고,0,0,1,0,차대차 - 측면충돌,안전운전불이행,건조,맑음,단일로 - 기타,이륜,남,34세,경상,승용,남,58세,상해없음
2017053000100297,2017년 5월 30일 13시,화요일,전라남도 해남군 문내면,중상사고,0,1,0,0,차대차 - 측면충돌,교차로운행방법위반,건조,맑음,교차로 - 교차로안,사륜오토바이(ATV),남,75세,중상,화물,남,52세,상해없음
2017053000100328,2017년 5월 30일 14시,화요일,전라남도 나주시 중앙동,중상사고,0,1,0,0,차대사람 - 횡단중,안전운전불이행,건조,맑음,단일로 - 기타,승용,여,51세,상해없음,보행자,남,56세,중상
2017053000100329,2017년 5월 30일 14시,화요일,전라남도 고흥군 과역면,중상사고,0,1,0,0,차대차 - 측면충돌,안전운전불이행,건조,맑음,단일로 - 기타,사륜오토바이(ATV),남,84세,중상,승용,남,43세,상해없음
2017053000100330,2017년 5월 30일 14시,화요일,전라남도 무안군 무안읍,경상사고,0,0,1,0,차대차 - 측면충돌,안전운전불이행,건조,맑음,단일로 - 기타,화물,남,75세,상해없음,승용,남,29세,경상
2017053000100331,2017년 5월 30일 14시,화요일,전라남도 무안군 현경면,경상사고,0,0,1,0,차대차 - 측면충돌,직진우회전진행방해,건조,맑음,교차로 - 교차로안,승용,남,62세,경상,승용,남,73세,상해없음
2017053000100351,2017년 5월 30일 15시,화요일,전라남도 목포시 상동,경상사고,0,0,1,0,차대차 - 측면충돌,안전거리미확보,건조,맑음,단일로 - 기타,승용,남,29세,상해없음,승합,남,42세,경상
2017053000100352,2017년 5월 30일 15시,화요일,전라남도 목포시 상동,경상사고,0,0,1,0,차대차 - 기타,기타,건조,맑음,단일로 - 기타,승용,여,65세,상해없음,승합,남,47세,상해없음
2017053000100353,2017년 5월 30일 15시,화요일,전라남도 순천시 중앙동,경상사고,0,0,2,0,차대차 - 측면충돌,직진우회전진행방해,건조,맑음,교차로 - 교차로안,승용,남,28세,경상,승용,남,54세,경상
2017053000100425,2017년 5월 30일 17시,화요일,전라남도 여수시 시전동,경상사고,0,0,1,0,차대차 - 추돌,안전운전불이행,건조,맑음,단일로 - 터널,화물,남,65세,상해없음,승용,남,49세,경상
2017053000100426,2017년 5월 30일 17시,화요일,전라남도 고흥군 도덕면,경상사고,0,0,1,0,차대차 - 기타,중앙선침범,건조,맑음,단일로 - 기타,승용,여,51세,상해없음,이륜,남,51세,경상
2017053000100427,2017년 5월 30일 17시,화요일,전라남도 완도군 소안면,경상사고,0,0,1,0,차대차 - 정면충돌,안전운전불이행,건조,맑음,교차로 - 교차로안,화물,남,53세,상해없음,농기계,남,74세,경상
2017053000100428,2017년 5월 30일 17시,화요일,전라남도 무안군 삼향읍,중상사고,0,1,0,0,차대사람 - 횡단중,보행자보호의무위반,건조,맑음,단일로 - 기타,승용,남,66세,상해없음,보행자,여,8세,중상
2017053000100598,2017년 5월 30일 23시,화요일,전라남도 목포시 옥암동,경상사고,0,0,1,0,차대차 - 측면충돌,신호위반,건조,맑음,교차로 - 교차로안,승용,남,39세,상해없음,승용,여,36세,경상
2017053000100599,2017년 5월 30일 23시,화요일,전라남도 해남군 해남읍,경상사고,0,0,1,0,차대차 - 측면충돌,교차로운행방법위반,건조,맑음,교차로 - 교차로안,승용,여,52세,상해없음,승용,남,36세,경상
2017053100100027,2017년 5월 31일 00시,수요일,전라남도 함평군 학교면,사망사고,1,0,0,0,차대사람 - 기타,안전운전불이행,건조,맑음,단일로 - 기타,화물,남,34세,상해없음,보행자,남,61세,사망
2017053100100057,2017년 5월 31일 04시,수요일,전라남도 무안군 삼향읍,부상신고사고,0,0,0,1,차량단독 - 전도전복,안전운전불이행,건조,맑음,단일로 - 기타,승용,남,24세,부상신고,미분류,미분류,미분류,미분류
2017053100100063,2017년 5월 31일 05시,수요일,전라남도 나주시 산포면,중상사고,0,1,4,0,차량단독 - 전도전복 - 전도,안전운전불이행,건조,맑음,단일로 - 기타,화물,여,57세,경상,,,,
2017053100100077,2017년 5월 31일 06시,수요일,전라남도 여수시 둔덕동,중상사고,0,2,1,0,차대차 - 정면충돌,신호위반,건조,맑음,교차로 - 교차로안,승용,남,53세,상해없음,승용,남,60세,중상
2017053100100166,2017년 5월 31일 09시,수요일,전라남도 영광군 묘량면,중상사고,0,2,5,0,차대차 - 측면충돌,중앙선침범,건조,맑음,단일로 - 기타,승합,남,25세,경상,화물,남,59세,경상
2017053100100261,2017년 5월 31일 13시,수요일,전라남도 목포시 연산동,경상사고,0,0,1,0,차대차 - 추돌,안전거리미확보,건조,맑음,단일로 - 기타,승용,남,51세,상해없음,승용,남,62세,경상
2017053100100262,2017년 5월 31일 13시,수요일,전라남도 구례군 마산면,중상사고,0,1,0,0,차대차 - 기타,안전운전불이행,건조,맑음,교차로 - 교차로안,승용,남,44세,상해없음,자전거,여,61세,중상
2017053100100290,2017년 5월 31일 14시,수요일,전라남도 목포시 상동,중상사고,0,1,0,0,차대차 - 기타,안전운전불이행,건조,맑음,교차로 - 교차로안,자전거,남,73세,중상,승용,남,30세,상해없음
2017053100100291,2017년 5월 31일 14시,수요일,전라남도 영암군 신북면,경상사고,0,0,2,0,차대차 - 측면충돌,안전운전불이행,건조,맑음,단일로 - 기타,승용,남,56세,상해없음,승용,여,63세,상해없음
2017053100100325,2017년 5월 31일 15시,수요일,전라남도 담양군 고서면,중상사고,0,2,0,0,차량단독 - 공작물충돌,안전운전불이행,건조,맑음,단일로 - 기타,승용,여,50세,중상,,,,
2017053100100368,2017년 5월 31일 16시,수요일,전라남도 목포시 산정동,중상사고,0,1,0,0,차대사람 - 차도통행중,안전운전불이행,건조,맑음,교차로 - 교차로안,승용,남,44세,상해없음,보행자,여,60세,중상
2017053100100402,2017년 5월 31일 17시,수요일,전라남도 보성군 벌교읍,사망사고,1,0,0,0,차대사람 - 차도통행중,안전운전불이행,건조,맑음,단일로 - 기타,농기계,남,32세,상해없음,보행자,남,78세,사망
2017053100100444,2017년 5월 31일 18시,수요일,전라남도 순천시 해룡면,경상사고,0,0,1,0,차대차 - 측면충돌,직진우회전진행방해,건조,맑음,교차로 - 교차로안,이륜,남,46세,상해없음,농기계,남,62세,경상
2017053100100445,2017년 5월 31일 18시,수요일,전라남도 순천시 연향동,경상사고,0,0,1,0,차대차 - 측면충돌,안전운전불이행,건조,맑음,교차로 - 교차로안,승용,여,51세,상해없음,승용,남,34세,경상
2017053100100464,2017년 5월 31일 19시,수요일,전라남도 목포시 산정동,경상사고,0,0,1,0,차대차 - 기타,신호위반,건조,맑음,교차로 - 교차로부근,승용,남,44세,상해없음,승용,여,41세,경상
2017053100100465,2017년 5월 31일 19시,수요일,전라남도 나주시 남내동,경상사고,0,0,1,0,차대차 - 기타,안전운전불이행,건조,맑음,단일로 - 기타,승용,남,64세,상해없음,승용,여,39세,경상
2017053100100466,2017년 5월 31일 19시,수요일,전라남도 화순군 화순읍,경상사고,0,0,2,0,차대차 - 측면충돌,안전거리미확보,건조,맑음,단일로 - 기타,승용,남,29세,상해없음,승용,남,59세,경상
2017053100100467,2017년 5월 31일 19시,수요일,전라남도 강진군 칠량면,사망사고,1,0,1,0,차대사람 - 기타,안전운전불이행,건조,맑음,교차로 - 교차로부근,화물,남,58세,상해없음,보행자,남,66세,사망
2017053100100468,2017년 5월 31일 19시,수요일,전라남도 광양시 중동,경상사고,0,0,1,0,차대차 - 측면충돌,안전거리미확보,젖음/습기,흐림,교차로 - 교차로안,승용,여,55세,상해없음,승용,남,37세,경상
2017053100100506,2017년 5월 31일 20시,수요일,전라남도 화순군 화순읍,경상사고,0,0,1,0,차대사람 - 길가장자리구역통행중,안전운전불이행,건조,맑음,단일로 - 기타,승용,여,55세,상해없음,보행자,여,11세,경상
2017053100100534,2017년 5월 31일 21시,수요일,전라남도 여수시 서교동,경상사고,0,0,1,0,차대사람 - 횡단중,신호위반,젖음/습기,비,교차로 - 교차로횡단보도내,승합,남,45세,상해없음,보행자,여,63세,경상
2017053100100562,2017년 5월 31일 22시,수요일,전라남도 목포시 산정동,경상사고,0,0,2,0,차대차 - 추돌,안전운전불이행,젖음/습기,비,단일로 - 기타,화물,남,54세,상해없음,화물,남,27세,경상
2017060100100052,2017년 6월 1일 02시,목요일,전라남도 광양시 광양읍,중상사고,0,1,2,0,차대차 - 추돌,차로위반,건조,맑음,단일로 - 기타,승용,남,31세,경상,승용,여,57세,중상
2017060100100129,2017년 6월 1일 08시,목요일,전라남도 영광군 법성면,경상사고,0,0,1,0,차대차 - 측면충돌,안전거리미확보,건조,맑음,단일로 - 기타,화물,남,26세,상해없음,승용,남,43세,경상
2017060100100197,2017년 6월 1일 10시,목요일,전라남도 구례군 산동면,경상사고,0,0,1,0,차대차 - 측면충돌,교차로운행방법위반,건조,맑음,단일로 - 기타,화물,여,62세,상해없음,승용,여,45세,경상
2017060100100219,2017년 6월 1일 11시,목요일,전라남도 광양시 광양읍,경상사고,0,0,1,0,차대차 - 측면충돌,불법유턴,건조,맑음,단일로 - 기타,승합,여,41세,상해없음,승용,남,54세,경상
2017060100100307,2017년 6월 1일 14시,목요일,전라남도 목포시 석현동,중상사고,0,1,0,0,차대사람 - 횡단중,보행자보호의무위반,건조,맑음,교차로 - 교차로횡단보도내,승용,남,45세,상해없음,보행자,여,56세,중상
2017060100100308,2017년 6월 1일 14시,목요일,전라남도 목포시 석현동,경상사고,0,0,1,0,차대차 - 측면충돌,안전운전불이행,건조,맑음,단일로 - 기타,승용,여,40세,경상,승용,남,66세,상해없음
2017060100100309,2017년 6월 1일 14시,목요일,전라남도 영암군 삼호읍,중상사고,0,1,0,0,차대사람 - 횡단중,안전운전불이행,건조,맑음,단일로 - 기타,승용,여,39세,상해없음,보행자,남,6세,중상
2017060100100310,2017년 6월 1일 14시,목요일,전라남도 담양군 담양읍,경상사고,0,0,2,0,차대차 - 측면충돌,신호위반,건조,맑음,교차로 - 교차로안,승용,여,50세,상해없음,승용,남,31세,경상
2017060100100347,2017년 6월 1일 15시,목요일,전라남도 완도군 고금면,중상사고,0,1,0,0,차량단독 - 전도전복,안전운전불이행,건조,맑음,단일로 - 기타,농기계,남,75세,중상,미분류,미분류,미분류,미분류
2017060100100348,2017년 6월 1일 15시,목요일,전라남도 무안군 일로읍,중상사고,0,1,0,0,차대차 - 추돌,안전운전불이행,건조,맑음,교차로 - 교차로안,화물,여,59세,상해없음,이륜,남,86세,중상
2017060100100376,2017년 6월 1일 16시,목요일,전라남도 나주시 빛가람동,경상사고,0,0,1,0,차대차 - 추돌,안전운전불이행,건조,맑음,교차로 - 교차로부근,승용,여,37세,상해없음,승용,여,44세,경상
2017060100100377,2017년 6월 1일 16시,목요일,전라남도 장흥군 장평면,중상사고,0,1,0,0,차대차 - 측면충돌,안전운전불이행,건조,맑음,단일로 - 기타,화물,남,59세,상해없음,이륜,남,67세,중상
2017060100100480,2017년 6월 1일 18시,목요일,전라남도 나주시 남평읍,경상사고,0,0,2,0,차대차 - 측면충돌,직진우회전진행방해,건조,맑음,교차로 - 교차로안,승용,여,45세,경상,승용,남,63세,상해없음
2017060100100481,2017년 6월 1일 18시,목요일,전라남도 보성군 보성읍,경상사고,0,0,4,0,차대차 - 추돌,안전운전불이행,건조,맑음,단일로 - 기타,승용,남,56세,상해없음,승용,여,51세,경상
2017060100100544,2017년 6월 1일 20시,목요일,전라남도 순천시 해룡면,중상사고,0,1,1,0,차대차 - 측면충돌,안전운전불이행,건조,흐림,단일로 - 기타,화물,남,57세,상해없음,화물,남,70세,중상
2017060100100568,2017년 6월 1일 21시,목요일,전라남도 보성군 벌교읍,사망사고,1,0,0,0,차대사람 - 기타,안전운전불이행,건조,맑음,단일로 - 기타,승용,남,46세,상해없음,보행자,남,90세 이상,사망
2017060100100595,2017년 6월 1일 22시,목요일,전라남도 목포시 산정동,중상사고,0,3,2,0,차대차 - 정면충돌,신호위반,건조,맑음,교차로 - 교차로안,화물,남,52세,중상,승용,남,53세,중상
2017060200100041,2017년 6월 2일 00시,금요일,전라남도 목포시 옥암동,경상사고,0,0,5,0,차대차 - 정면충돌,신호위반,건조,맑음,교차로 - 교차로안,승용,남,26세,경상,승용,남,44세,경상
2017060200100042,2017년 6월 2일 00시,금요일,전라남도 광양시 중동,중상사고,0,1,0,0,차대차 - 측면충돌,교차로운행방법위반,건조,맑음,교차로 - 교차로안,승용,남,20세,상해없음,승용,남,61세,중상
2017060200100077,2017년 6월 2일 04시,금요일,전라남도 목포시 산정동,경상사고,0,0,1,0,차대차 - 측면충돌,안전운전불이행,건조,맑음,교차로 - 교차로안,승용,남,22세,상해없음,승용,여,24세,경상
2017060200100110,2017년 6월 2일 06시,금요일,전라남도 나주시 남평읍,경상사고,0,0,1,0,차대차 - 측면충돌,안전운전불이행,건조,맑음,단일로 - 기타,승용,여,54세,경상,특수,남,57세,상해없음
2017060200100133,2017년 6월 2일 07시,금요일,전라남도 여수시 충무동,경상사고,0,0,1,0,차대사람 - 기타,기타,건조,맑음,단일로 - 기타,승합,남,52세,상해없음,보행자,여,80세,경상
2017060200100134,2017년 6월 2일 07시,금요일,전라남도 고흥군 도화면,중상사고,0,1,1,0,차대차 - 측면충돌,교차로운행방법위반,건조,맑음,교차로 - 교차로안,승용,여,57세,중상,승용,남,53세,경상
2017060200100135,2017년 6월 2일 07시,금요일,전라남도 함평군 월야면,경상사고,0,0,1,0,차대사람 - 기타,안전운전불이행,건조,맑음,단일로 - 기타,승용,여,55세,상해없음,보행자,남,60세,경상
2017060200100184,2017년 6월 2일 08시,금요일,전라남도 목포시 옥암동,중상사고,0,1,0,0,차대차 - 측면충돌,불법유턴,건조,맑음,교차로 - 교차로횡단보도내,자전거,남,13세,중상,승합,남,58세,상해없음
2017060200100185,2017년 6월 2일 08시,금요일,전라남도 목포시 상동,경상사고,0,0,1,0,차대차 - 측면충돌,안전운전불이행,건조,맑음,단일로 - 기타,승용,남,57세,상해없음,승용,여,38세,경상
2017060200100186,2017년 6월 2일 08시,금요일,전라남도 나주시 대호동,중상사고,0,1,3,0,차대차 - 추돌,안전운전불이행,건조,맑음,교차로 - 교차로부근,승용,여,34세,경상,승용,여,49세,경상
2017060200100187,2017년 6월 2일 08시,금요일,전라남도 함평군 함평읍,경상사고,0,0,2,0,차대차 - 측면충돌,교차로운행방법위반,건조,맑음,교차로 - 교차로안,승용,남,62세,상해없음,화물,남,58세,상해없음
2017060200100188,2017년 6월 2일 08시,금요일,전라남도 강진군 군동면,경상사고,0,0,1,0,차대차 - 기타,직진우회전진행방해,건조,맑음,교차로 - 교차로안,승용,여,47세,상해없음,원동기,남,78세,경상
2017060200100222,2017년 6월 2일 09시,금요일,전라남도 강진군 칠량면,경상사고,0,0,1,0,차대차 - 기타,안전운전불이행,건조,맑음,단일로 - 기타,원동기,남,70세,경상,화물,남,42세,기타불명
2017060200100223,2017년 6월 2일 09시,금요일,전라남도 구례군 구례읍,경상사고,0,0,1,0,차대사람 - 차도통행중,안전운전불이행,건조,맑음,교차로 - 교차로부근,승용,여,52세,상해없음,보행자,여,68세,경상
2017060200100250,2017년 6월 2일 10시,금요일,전라남도 광양시 중동,경상사고,0,0,2,0,차대차 - 측면충돌,교차로운행방법위반,건조,맑음,교차로 - 교차로안,승용,여,46세,경상,승용,남,43세,경상
2017060200100291,2017년 6월 2일 12시,금요일,전라남도 영광군 백수읍,경상사고,0,0,1,0,차대차 - 측면충돌,교차로운행방법위반,건조,맑음,교차로 - 교차로안,화물,남,68세,상해없음,승용,여,35세,경상