사고번호,사고일시,요일,시군구,사고내용,사망자수,중상자수,경상자수,부상신고자수,사고유형,법규위반,노면상태,기상상태,도로형태,가해운전자 차종,가해운전자 성별,가해운전자 연령,가해운전자 상해정도,피해운전자 차종,피해운전자 성별,피해운전자 연령,피해운전자 상해정도
2017060200100292,2017년 6월 2일 12시,금요일,전라남도 장성군 동화면,경상사고,0,0,3,0,차대차 - 기타,안전운전불이행,건조,맑음,교차로 - 교차로안,화물,남,32세,상해없음,화물,남,63세,경상
2017060200100379,2017년 6월 2일 15시,금요일,전라남도 목포시 용당동,부상신고사고,0,0,0,1,차량단독 - 전도전복 - 전도,안전운전불이행,건조,맑음,단일로 - 기타,이륜,남,51세,부상신고,,,,
2017060200100421,2017년 6월 2일 16시,금요일,전라남도 나주시 삼도동,경상사고,0,0,2,0,차대차 - 측면충돌,안전운전불이행,건조,맑음,교차로 - 교차로안,승용,여,31세,경상,화물,남,22세,경상
2017060200100422,2017년 6월 2일 16시,금요일,전라남도 영광군 영광읍,경상사고,0,0,1,0,차대차 - 측면충돌,안전운전불이행,건조,맑음,교차로 - 교차로안,자전거,남,13세,경상,승용,남,52세,상해없음
2017060200100460,2017년 6월 2일 17시,금요일,전라남도 장성군 북이면,경상사고,0,0,4,1,차대차 - 기타,교차로운행방법위반,건조,맑음,교차로 - 교차로안,승용,남,76세,부상신고,승용,남,50세,상해없음
2017060200100461,2017년 6월 2일 17시,금요일,전라남도 구례군 구례읍,경상사고,0,0,2,0,차대차 - 측면충돌,기타,건조,맑음,교차로 - 교차로부근,화물,남,56세,상해없음,농기계,남,76세,경상
2017060200100506,2017년 6월 2일 18시,금요일,전라남도 무안군 일로읍,중상사고,0,1,3,0,차대차 - 추돌,안전운전불이행,건조,맑음,단일로 - 기타,승합,남,48세,상해없음,화물,남,48세,중상
2017060200100507,2017년 6월 2일 18시,금요일,전라남도 영암군 삼호읍,경상사고,0,0,2,0,차대차 - 측면충돌,신호위반,건조,맑음,교차로 - 교차로안,특수,남,36세,경상,승용,여,37세,경상
2017060200100508,2017년 6월 2일 18시,금요일,전라남도 강진군 강진읍,경상사고,0,0,1,0,차대사람 - 횡단중,보행자보호의무위반,건조,맑음,교차로 - 교차로횡단보도내,승용,여,33세,상해없음,보행자,여,38세,경상
2017060200100544,2017년 6월 2일 19시,금요일,전라남도 광양시 광양읍,경상사고,0,0,1,0,차대차 - 측면충돌,직진우회전진행방해,건조,맑음,교차로 - 교차로안,승용,남,39세,상해없음,승용,남,40세,상해없음
2017060200100647,2017년 6월 2일 22시,금요일,전라남도 목포시 동명동,경상사고,0,0,2,0,차대사람 - 차도통행중,안전운전불이행,건조,맑음,단일로 - 기타,승용,남,29세,상해없음,보행자,여,17세,경상
2017060200100648,2017년 6월 2일 22시,금요일,전라남도 여수시 소호동,중상사고,0,1,0,0,차대사람 - 횡단중,보행자보호의무위반,건조,맑음,단일로 - 기타,승용,남,24세,상해없음,보행자,남,51세,중상
2017060200100649,2017년 6월 2일 22시,금요일,전라남도 순천시 해룡면,부상신고사고,0,0,0,1,차대사람 - 기타,안전운전불이행,건조,맑음,단일로 - 기타,자전거,남,26세,부상신고,보행자,남,14세,상해없음
2017060300100036,2017년 6월 3일 00시,토요일,전라남도 나주시 산포면,중상사고,0,1,0,0,차량단독 - 도로외이탈 - 기타,안전운전불이행,건조,맑음,단일로 - 기타,승용,남,41세,중상,,,,
2017060300100073,2017년 6월 3일 02시,토요일,전라남도 순천시 남정동,경상사고,0,0,1,0,차대차 - 측면충돌,안전운전불이행,건조,맑음,교차로 - 교차로안,승합,남,50세,상해없음,승용,남,22세,경상
2017060300100120,2017년 6월 3일 06시,토요일,전라남도 담양군 고서면,중상사고,0,1,0,0,차대차 - 측면충돌,중앙선침범,건조,맑음,교차로 - 교차로부근,승용,남,29세,상해없음,승용,남,56세,중상
2017060300100159,2017년 6월 3일 08시,토요일,전라남도 담양군 담양읍,경상사고,0,0,1,0,차대차 - 추돌,안전운전불이행,건조,맑음,교차로 - 교차로부근,화물,남,74세,상해없음,원동기,남,73세,경상
2017060300100182,2017년 6월 3일 09시,토요일,전라남도 여수시 화장동,경상사고,0,0,2,0,차대차 - 측면충돌,안전운전불이행,건조,맑음,단일로 - 기타,승용,남,66세,상해없음,승용,남,24세,경상
2017060300100206,2017년 6월 3일 10시,토요일,전라남도 광양시 진월면,중상사고,0,1,0,1,차대차 - 측면충돌,안전운전불이행,건조,맑음,단일로 - 기타,화물,남,48세,부상신고,승용,남,48세,중상
2017060300100240,2017년 6월 3일 11시,토요일,전라남도 여수시 신기동,경상사고,0,0,2,0,차대차 - 측면충돌,안전거리미확보,건조,맑음,단일로 - 기타,승용,남,47세,상해없음,승용,여,42세,경상
2017060300100241,2017년 6월 3일 11시,토요일,전라남도 여수시 교동,경상사고,0,0,1,0,차대사람 - 기타,안전운전불이행,건조,맑음,단일로 - 기타,승용,남,72세,상해없음,보행자,남,33세,경상
2017060300100242,2017년 6월 3일 11시,토요일,전라남도 나주시 왕곡면,경상사고,0,0,1,0,차대차 - 측면충돌,안전운전불이행,건조,맑음,단일로 - 기타,원동기,남,82세,경상,승용,남,42세,상해없음
2017060300100243,2017년 6월 3일 11시,토요일,전라남도 강진군 칠량면,경상사고,0,0,1,0,차대차 - 추돌,안전거리미확보,건조,맑음,단일로 - 기타,건설기계,남,52세,상해없음,화물,남,52세,경상
2017060300100244,2017년 6월 3일 11시,토요일,전라남도 곡성군 오곡면,경상사고,0,0,1,0,차대차 - 기타,직진우회전진행방해,건조,맑음,교차로 - 교차로안,승용,남,60세,상해없음,이륜,남,78세,경상
2017060300100282,2017년 6월 3일 12시,토요일,전라남도 순천시 황전면,경상사고,0,0,1,0,차대차 - 추돌,안전거리미확보,건조,맑음,단일로 - 기타,승용,여,58세,기타불명,승용,남,44세,경상
2017060300100283,2017년 6월 3일 12시,토요일,전라남도 순천시 연향동,중상사고,0,1,0,0,차대사람 - 횡단중,안전운전불이행,건조,맑음,교차로 - 교차로안,승용,남,52세,상해없음,보행자,남,7세,중상
2017060300100320,2017년 6월 3일 13시,토요일,전라남도 곡성군 입면,경상사고,0,0,2,0,차대차 - 측면충돌,직진우회전진행방해,건조,맑음,교차로 - 교차로안,승용,남,32세,경상,승용,남,56세,경상
2017060300100321,2017년 6월 3일 13시,토요일,전라남도 광양시 중동,경상사고,0,0,1,0,차대차 - 측면충돌,교차로운행방법위반,건조,맑음,교차로 - 교차로부근,승용,남,57세,상해없음,원동기,남,21세,경상
2017060300100361,2017년 6월 3일 14시,토요일,전라남도 담양군 대전면,경상사고,0,0,3,0,차대차 - 기타,중앙선침범,건조,맑음,단일로 - 기타,기타불명,기타불명,미분류,기타불명,승용,여,36세,경상
2017060300100390,2017년 6월 3일 15시,토요일,전라남도 여수시 중앙동,중상사고,0,2,2,0,차대차 - 추돌,안전운전불이행,건조,맑음,교차로 - 교차로안,승용,남,27세,상해없음,승용,남,31세,경상
2017060300100391,2017년 6월 3일 15시,토요일,전라남도 해남군 송지면,경상사고,0,0,1,0,차대차 - 추돌,안전거리미확보,건조,맑음,단일로 - 기타,승용,남,63세,상해없음,농기계,남,69세,경상
2017060300100431,2017년 6월 3일 16시,토요일,전라남도 목포시 서산동,경상사고,0,0,1,0,차대차 - 측면충돌,안전운전불이행,건조,맑음,단일로 - 기타,화물,남,60세,상해없음,자전거,남,4세,경상
2017060300100432,2017년 6월 3일 16시,토요일,전라남도 고흥군 봉래면,중상사고,0,1,0,0,차대사람 - 횡단중,안전운전불이행,건조,맑음,단일로 - 기타,승용,남,46세,상해없음,보행자,남,6세,중상
2017060300100433,2017년 6월 3일 16시,토요일,전라남도 담양군 창평면,경상사고,0,0,1,0,차량단독 - 전도전복 - 전도,안전운전불이행,건조,맑음,단일로 - 기타,원동기,남,15세,경상,,,,
2017060300100482,2017년 6월 3일 17시,토요일,전라남도 해남군 송지면,중상사고,0,1,0,0,차대사람 - 횡단중,안전운전불이행,건조,맑음,단일로 - 기타,승용,남,38세,상해없음,보행자,여,7세,중상
2017060300100483,2017년 6월 3일 17시,토요일,전라남도 장성군 장성읍,경상사고,0,0,1,0,차대차 - 측면충돌,안전운전불이행,건조,맑음,단일로 - 기타,승용,남,56세,상해없음,자전거,남,82세,경상
2017060300100484,2017년 6월 3일 17시,토요일,전라남도 장성군 장성읍,중상사고,0,1,2,0,차대차 - 기타,안전거리미확보,건조,맑음,단일로 - 기타,승용,남,25세,상해없음,승용,여,39세,경상
2017060300100536,2017년 6월 3일 18시,토요일,전라남도 목포시 대성동,경상사고,0,0,1,0,차대사람 - 횡단중,교차로운행방법위반,건조,맑음,교차로 - 교차로안,승용,남,29세,상해없음,보행자,남,6세,경상
2017060300100594,2017년 6월 3일 20시,토요일,전라남도 목포시 상동,경상사고,0,0,1,0,차대차 - 측면충돌,안전거리미확보,건조,기타,단일로 - 기타,승용,남,77세,상해없음,화물,남,37세,상해없음
2017060300100595,2017년 6월 3일 20시,토요일,전라남도 보성군 복내면,사망사고,1,0,0,0,차대차 - 측면충돌,안전운전불이행,건조,맑음,단일로 - 기타,화물,남,64세,상해없음,농기계,남,74세,사망
2017060300100650,2017년 6월 3일 22시,토요일,전라남도 목포시 용해동,경상사고,0,0,4,0,차대차 - 측면충돌,직진우회전진행방해,건조,맑음,교차로 - 교차로안,승용,남,40세,경상,승용,여,40세,경상
2017060300100651,2017년 6월 3일 22시,토요일,전라남도 여수시 소라면,경상사고,0,0,4,0,차대차 - 측면충돌,안전운전불이행,건조,맑음,단일로 - 기타,승용,남,51세,상해없음,승용,남,39세,경상
2017060300100652,2017년 6월 3일 22시,토요일,전라남도 여수시 광무동,경상사고,0,0,2,0,차대차 - 추돌,안전운전불이행,건조,맑음,교차로 - 교차로부근,승용,남,16세,상해없음,승용,남,65세,경상
2017060400100052,2017년 6월 4일 02시,일요일,전라남도 목포시 상동,중상사고,0,1,0,0,차대차 - 측면충돌,신호위반,건조,맑음,교차로 - 교차로안,승용,남,24세,상해없음,이륜,남,16세,중상
2017060400100110,2017년 6월 4일 07시,일요일,전라남도 화순군 이서면,경상사고,0,0,1,0,차대차 - 정면충돌,중앙선침범,건조,맑음,단일로 - 기타,승용,남,69세,상해없음,화물,남,28세,경상
2017060400100125,2017년 6월 4일 08시,일요일,전라남도 목포시 석현동,경상사고,0,0,1,0,차대차 - 측면충돌,신호위반,건조,맑음,교차로 - 교차로안,승용,여,67세,상해없음,승용,여,60세,경상
2017060400100141,2017년 6월 4일 09시,일요일,전라남도 순천시 조례동,경상사고,0,0,1,0,차대차 - 추돌,안전운전불이행,건조,맑음,교차로 - 교차로부근,승용,남,58세,상해없음,승용,남,58세,경상
2017060400100167,2017년 6월 4일 10시,일요일,전라남도 여수시 문수동,경상사고,0,0,1,0,차대사람 - 길가장자리구역통행중,안전운전불이행,건조,맑음,기타 - 기타,승용,남,69세,상해없음,보행자,남,2세,경상
2017060400100187,2017년 6월 4일 11시,일요일,전라남도 광양시 중동,중상사고,0,1,5,0,차대차 - 측면충돌,신호위반,건조,맑음,교차로 - 교차로안,승용,여,33세,경상,화물,여,54세,경상
2017060400100213,2017년 6월 4일 12시,일요일,전라남도 순천시 대룡동,중상사고,0,1,0,0,차대차 - 측면충돌,기타,건조,맑음,단일로 - 기타,승용,남,47세,상해없음,이륜,남,69세,중상
2017060400100214,2017년 6월 4일 12시,일요일,전라남도 보성군 보성읍,경상사고,0,0,1,0,차대차 - 측면충돌,중앙선침범,건조,맑음,단일로 - 기타,승용,남,39세,상해없음,승용,여,22세,상해없음
2017060400100215,2017년 6월 4일 12시,일요일,전라남도 함평군 해보면,경상사고,0,0,1,0,차대차 - 기타,교차로운행방법위반,건조,맑음,교차로 - 교차로안,농기계,남,71세,상해없음,화물,남,43세,경상
2017060400100216,2017년 6월 4일 12시,일요일,전라남도 장성군 북하면,경상사고,0,0,3,0,차대차 - 측면충돌,교차로운행방법위반,건조,맑음,교차로 - 교차로안,승용,남,32세,상해없음,승용,남,38세,경상
2017060400100217,2017년 6월 4일 12시,일요일,전라남도 광양시 광양읍,경상사고,0,0,2,0,차대차 - 측면충돌,중앙선침범,건조,맑음,단일로 - 기타,승용,남,30세,상해없음,승용,여,42세,경상
2017060400100244,2017년 6월 4일 13시,일요일,전라남도 목포시 용당동,중상사고,0,1,0,0,차대차 - 측면충돌,직진우회전진행방해,건조,맑음,교차로 - 교차로안,이륜,남,51세,중상,승용,여,71세,상해없음
2017060400100268,2017년 6월 4일 14시,일요일,전라남도 목포시 산정동,경상사고,0,0,1,0,차대차 - 측면충돌,교차로운행방법위반,건조,맑음,교차로 - 교차로안,승용,남,38세,상해없음,승용,남,52세,상해없음
2017060400100269,2017년 6월 4일 14시,일요일,전라남도 담양군 담양읍,경상사고,0,0,1,0,차대사람 - 길가장자리구역통행중,안전운전불이행,건조,맑음,단일로 - 기타,승용,남,45세,상해없음,보행자,여,56세,경상
2017060400100308,2017년 6월 4일 15시,일요일,전라남도 영암군 삼호읍,경상사고,0,0,1,0,차대차 - 정면충돌,안전운전불이행,건조,맑음,교차로 - 교차로안,자전거,남,34세,경상,화물,남,60세,상해없음
2017060400100309,2017년 6월 4일 15시,일요일,전라남도 강진군 강진읍,경상사고,0,0,1,0,차대사람 - 횡단중,안전운전불이행,건조,맑음,단일로 - 기타,승용,남,57세,상해없음,보행자,남,4세,경상
2017060400100358,2017년 6월 4일 17시,일요일,전라남도 영암군 덕진면,경상사고,0,0,2,0,차대차 - 측면충돌,안전운전불이행,건조,맑음,교차로 - 교차로안,화물,남,72세,경상,승용,남,36세,경상
2017060400100394,2017년 6월 4일 18시,일요일,전라남도 장흥군 대덕읍,경상사고,0,0,2,1,차대차 - 측면충돌,안전운전불이행,건조,맑음,교차로 - 교차로부근,승용,남,78세,부상신고,승용,남,43세,경상
2017060400100395,2017년 6월 4일 18시,일요일,전라남도 무안군 삼향읍,경상사고,0,0,6,0,차대차 - 측면충돌,교차로운행방법위반,건조,맑음,교차로 - 교차로안,승용,남,22세,경상,승용,남,46세,경상
2017060400100422,2017년 6월 4일 19시,일요일,전라남도 나주시 다도면,사망사고,1,0,0,0,차대차 - 정면충돌,중앙선침범,건조,맑음,교차로 - 교차로부근,원동기,남,79세,사망,승용,남,69세,상해없음
2017060400100423,2017년 6월 4일 19시,일요일,전라남도 보성군 보성읍,중상사고,0,1,0,0,차량단독 - 전도전복 - 전도,안전운전불이행,건조,맑음,교차로 - 교차로안,원동기,남,69세,상해없음,,,,
2017060400100443,2017년 6월 4일 20시,일요일,전라남도 영광군 군서면,중상사고,0,1,0,0,차대사람 - 길가장자리구역통행중,안전운전불이행,건조,맑음,단일로 - 기타,승용,남,66세,상해없음,보행자,여,55세,중상
2017060400100465,2017년 6월 4일 21시,일요일,전라남도 순천시 연향동,중상사고,0,1,0,0,차대차 - 측면충돌,교차로운행방법위반,건조,맑음,교차로 - 교차로횡단보도내,승용,남,36세,상해없음,자전거,여,28세,중상
2017060400100466,2017년 6월 4일 21시,일요일,전라남도 광양시 중동,중상사고,0,1,0,0,차대차 - 기타,안전운전불이행,건조,맑음,교차로 - 교차로부근,원동기,남,19세,중상,승용,여,42세,기타불명
2017060500100040,2017년 6월 5일 01시,월요일,전라남도 광양시 광영동,경상사고,0,0,4,0,차대차 - 측면충돌,안전거리미확보,건조,맑음,교차로 - 교차로부근,승용,남,55세,상해없음,승용,남,25세,경상
2017060500100061,2017년 6월 5일 05시,월요일,전라남도 나주시 문평면,경상사고,0,0,1,0,차대차 - 기타,안전운전불이행,건조,맑음,단일로 - 기타,화물,남,60세,상해없음,원동기,남,66세,경상
2017060500100062,2017년 6월 5일 05시,월요일,전라남도 광양시 마동,경상사고,0,0,1,0,차대차 - 측면충돌,신호위반,건조,맑음,교차로 - 교차로안,승용,여,34세,경상,건설기계,남,58세,상해없음
2017060500100121,2017년 6월 5일 08시,월요일,전라남도 신안군 지도읍,중상사고,0,1,0,0,차대사람 - 횡단중,안전운전불이행,건조,맑음,교차로 - 교차로안,화물,남,49세,상해없음,보행자,남,87세,중상
2017060500100122,2017년 6월 5일 08시,월요일,전라남도 나주시 보산동,중상사고,0,1,2,0,차대차 - 측면충돌,안전운전불이행,건조,맑음,단일로 - 기타,승용,남,49세,중상,승용,남,56세,경상
2017060500100123,2017년 6월 5일 08시,월요일,전라남도 장성군 장성읍,경상사고,0,0,4,0,차대차 - 측면충돌,교차로운행방법위반,건조,맑음,교차로 - 교차로안,승용,남,69세,경상,화물,남,56세,경상
2017060500100124,2017년 6월 5일 08시,월요일,전라남도 구례군 구례읍,경상사고,0,0,2,0,차대차 - 측면충돌,안전운전불이행,건조,맑음,교차로 - 교차로안,승용,남,58세,상해없음,이륜,남,33세,경상
2017060500100160,2017년 6월 5일 09시,월요일,전라남도 담양군 용면,중상사고,0,1,0,0,차대사람 - 횡단중,안전운전불이행,건조,맑음,단일로 - 기타,화물,남,45세,상해없음,보행자,남,75세,중상
2017060500100195,2017년 6월 5일 10시,월요일,전라남도 함평군 해보면,중상사고,0,1,0,0,차대차 - 측면충돌,교차로운행방법위반,건조,맑음,단일로 - 기타,화물,남,56세,상해없음,이륜,남,55세,중상
2017060500100224,2017년 6월 5일 11시,월요일,전라남도 해남군 황산면,경상사고,0,0,1,0,차대차 - 측면충돌,교차로운행방법위반,건조,맑음,교차로 - 교차로안,화물,남,68세,상해없음,화물,남,62세,경상
2017060500100251,2017년 6월 5일 12시,월요일,전라남도 여수시 둔덕동,경상사고,0,0,1,0,차대차 - 추돌,안전운전불이행,건조,맑음,교차로 - 교차로안,승용,여,53세,상해없음,승용,남,31세,경상
2017060500100279,2017년 6월 5일 13시,월요일,전라남도 목포시 수강동1가,경상사고,0,0,2,0,차대사람 - 기타,안전운전불이행,건조,맑음,교차로 - 교차로부근,승용,남,78세,상해없음,보행자,여,47세,경상
2017060500100280,2017년 6월 5일 13시,월요일,전라남도 강진군 칠량면,중상사고,0,1,0,0,차대차 - 추돌,직진우회전진행방해,건조,맑음,교차로 - 교차로안,화물,남,66세,상해없음,원동기,남,73세,중상
2017060500100313,2017년 6월 5일 14시,월요일,전라남도 나주시 영산동,경상사고,0,0,1,0,차대차 - 기타,안전운전불이행,건조,맑음,단일로 - 기타,화물,남,56세,상해없음,승용,여,49세,경상
2017060500100314,2017년 6월 5일 14시,월요일,전라남도 함평군 손불면,부상신고사고,0,0,0,1,차대사람 - 기타,안전운전불이행,건조,맑음,기타 - 기타,화물,남,50세,상해없음,보행자,여,70세,부상신고
2017060500100315,2017년 6월 5일 14시,월요일,전라남도 순천시 승주읍,경상사고,0,0,1,0,차대차 - 기타,기타,건조,맑음,단일로 - 기타,화물,남,43세,상해없음,승용,남,36세,경상
2017060500100339,2017년 6월 5일 15시,월요일,전라남도 목포시 용해동,경상사고,0,0,1,0,차대차 - 추돌,안전운전불이행,건조,맑음,교차로 - 교차로부근,승용,여,61세,상해없음,승용,여,68세,경상
2017060500100391,2017년 6월 5일 16시,월요일,전라남도 여수시 학동,경상사고,0,0,2,0,차대차 - 추돌,안전운전불이행,건조,맑음,교차로 - 교차로부근,승용,여,58세,상해없음,승용,여,34세,경상
2017060500100392,2017년 6월 5일 16시,월요일,전라남도 여수시 소라면,경상사고,0,0,3,0,차대차 - 측면충돌,안전운전불이행,건조,맑음,교차로 - 교차로부근,승용,남,48세,상해없음,승합,여,38세,경상
2017060500100393,2017년 6월 5일 16시,월요일,전라남도 담양군 남면,중상사고,0,1,3,0,차대차 - 정면충돌,중앙선침범,건조,맑음,단일로 - 기타,승용,여,21세,경상,승용,남,29세,중상
2017060500100394,2017년 6월 5일 16시,월요일,전라남도 담양군 담양읍,중상사고,0,1,0,0,차대차 - 기타,안전운전불이행,건조,맑음,교차로 - 교차로안,승용,여,50세,상해없음,자전거,여,73세,중상
2017060500100432,2017년 6월 5일 17시,월요일,전라남도 광양시 광영동,경상사고,0,0,1,0,차대차 - 기타,교차로운행방법위반,건조,맑음,교차로 - 교차로안,자전거,남,61세,경상,승용,여,54세,상해없음
2017060500100478,2017년 6월 5일 18시,월요일,전라남도 영암군 삼호읍,경상사고,0,0,1,0,차대차 - 측면충돌,안전운전불이행,건조,맑음,교차로 - 교차로안,승용,남,46세,상해없음,원동기,남,40세,경상
2017060500100516,2017년 6월 5일 19시,월요일,전라남도 순천시 상사면,사망사고,1,0,0,0,차량단독 - 전도전복 - 전도,안전운전불이행,건조,맑음,교차로 - 교차로부근,승합,남,65세,사망,,,,
2017060500100517,2017년 6월 5일 19시,월요일,전라남도 나주시 동강면,중상사고,0,1,0,0,차량단독 - 전도전복,안전운전불이행,건조,맑음,단일로 - 기타,사륜오토바이(ATV),남,79세,중상,미분류,미분류,미분류,미분류
2017060500100518,2017년 6월 5일 19시,월요일,전라남도 완도군 소안면,중상사고,0,1,1,0,차대차 - 정면충돌,중앙선침범,건조,맑음,단일로 - 기타,화물,남,49세,경상,화물,남,65세,중상
2017060500100560,2017년 6월 5일 20시,월요일,전라남도 나주시 금천면,경상사고,0,0,2,0,차대차 - 기타,안전거리미확보,건조,맑음,단일로 - 기타,승용,여,26세,경상,승용,남,39세,경상
2017060500100561,2017년 6월 5일 20시,월요일,전라남도 보성군 보성읍,경상사고,0,0,1,0,차대차 - 추돌,안전운전불이행,건조,맑음,단일로 - 기타,승용,남,29세,상해없음,승용,남,56세,경상
2017060500100593,2017년 6월 5일 21시,월요일,전라남도 영광군 영광읍,부상신고사고,0,0,0,1,차량단독 - 전도전복,안전운전불이행,건조,맑음,단일로 - 기타,이륜,남,54세,부상신고,미분류,미분류,미분류,미분류
2017060500100617,2017년 6월 5일 22시,월요일,전라남도 순천시 연향동,중상사고,0,1,2,0,차대차 - 정면충돌,신호위반,건조,맑음,교차로 - 교차로안,승용,남,24세,상해없음,승용,여,49세,중상
2017060500100651,2017년 6월 5일 23시,월요일,전라남도 무안군 삼향읍,경상사고,0,0,2,0,차대차 - 추돌,안전운전불이행,건조,맑음,단일로 - 기타,승용,남,38세,경상,화물,남,60세,경상
2017060500100652,2017년 6월 5일 23시,월요일,전라남도 광양시 광양읍,경상사고,0,0,1,0,차대차 - 측면충돌,교차로운행방법위반,건조,맑음,교차로 - 교차로안,승용,남,58세,상해없음,승용,남,60세,경상
2017060600100022,2017년 6월 6일 00시,화요일,전라남도 목포시 옥암동,경상사고,0,0,1,0,차대차 - 기타,안전운전불이행,건조,맑음,단일로 - 기타,승용,남,50세,상해없음,승용,남,38세,경상
2017060600100064,2017년 6월 6일 04시,화요일,전라남도 여수시 해산동,경상사고,0,0,1,0,차대차 - 추돌,안전운전불이행,건조,맑음,단일로 - 기타,승용,남,24세,상해없음,승용,남,59세,경상
2017060600100075,2017년 6월 6일 05시,화요일,전라남도 광양시 다압면,중상사고,0,1,0,0,차량단독 - 전도전복,안전운전불이행,건조,맑음,단일로 - 기타,화물,남,50세,중상,미분류,미분류,미분류,미분류
2017060600100097,2017년 6월 6일 07시,화요일,전라남도 해남군 산이면,중상사고,0,1,4,0,차대차 - 기타,신호위반,건조,맑음,교차로 - 교차로안,승합,남,66세,경상,승용,여,50세,중상
2017060600100111,2017년 6월 6일 08시,화요일,전라남도 영암군 삼호읍,경상사고,0,0,1,0,차대차 - 측면충돌,교차로운행방법위반,건조,맑음,교차로 - 교차로부근,승용,여,37세,상해없음,승용,여,35세,경상
2017060600100112,2017년 6월 6일 08시,화요일,전라남도 담양군 대전면,경상사고,0,0,1,0,차대사람 - 기타,안전운전불이행,건조,맑음,교차로 - 교차로안,기타불명,기타불명,미분류,기타불명,보행자,여,76세,경상
2017060600100124,2017년 6월 6일 09시,화요일,전라남도 여수시 미평동,경상사고,0,0,2,0,차대차 - 측면충돌,차로위반,건조,맑음,단일로 - 기타,이륜,남,66세,경상,승용,남,46세,상해없음
2017060600100125,2017년 6월 6일 09시,화요일,전라남도 여수시 선원동,경상사고,0,0,1,0,차대차 - 추돌,신호위반,건조,맑음,교차로 - 교차로안,화물,남,56세,상해없음,화물,여,40세,경상
2017060600100145,2017년 6월 6일 10시,화요일,전라남도 순천시 해룡면,경상사고,0,0,2,0,차대차 - 측면충돌,안전운전불이행,건조,맑음,단일로 - 기타,승용,남,53세,상해없음,승용,남,36세,경상
2017060600100146,2017년 6월 6일 10시,화요일,전라남도 해남군 해남읍,경상사고,0,0,1,0,차대차 - 기타,안전운전불이행,젖음/습기,비,교차로 - 교차로부근,화물,남,25세,상해없음,자전거,여,54세,경상
2017060600100169,2017년 6월 6일 11시,화요일,전라남도 해남군 해남읍,경상사고,0,0,1,0,차대사람 - 횡단중,안전운전불이행,기타,비,단일로 - 기타,이륜,남,44세,상해없음,보행자,여,75세,경상
2017060600100192,2017년 6월 6일 12시,화요일,전라남도 나주시 산포면,경상사고,0,0,1,0,차대차 - 추돌,안전운전불이행,젖음/습기,비,교차로 - 교차로부근,승용,여,29세,상해없음,승용,여,36세,경상
2017060600100193,2017년 6월 6일 12시,화요일,전라남도 담양군 월산면,경상사고,0,0,1,0,차대차 - 후진중충돌,안전운전불이행,건조,맑음,주차장 - 주차장,승용,남,29세,상해없음,자전거,여,41세,경상
2017060600100194,2017년 6월 6일 12시,화요일,전라남도 구례군 구례읍,경상사고,0,0,2,0,차대차 - 후진중충돌,안전운전불이행,건조,맑음,교차로 - 교차로부근,화물,여,63세,상해없음,승용,여,57세,경상
2017060600100223,2017년 6월 6일 13시,화요일,전라남도 고흥군 대서면,중상사고,0,1,0,0,차량단독 - 전도전복 - 전도,안전운전불이행,젖음/습기,비,단일로 - 기타,화물,남,61세,상해없음,,,,
2017060600100224,2017년 6월 6일 13시,화요일,전라남도 화순군 화순읍,경상사고,0,0,4,0,차대차 - 정면충돌,안전운전불이행,젖음/습기,비,단일로 - 기타,화물,남,63세,상해없음,화물,남,61세,경상
2017060600100225,2017년 6월 6일 13시,화요일,전라남도 곡성군 옥과면,중상사고,0,1,1,0,차대차 - 정면충돌,직진우회전진행방해,건조,맑음,교차로 - 교차로안,화물,남,42세,상해없음,승용,남,51세,경상
2017060600100256,2017년 6월 6일 14시,화요일,전라남도 목포시 상동,경상사고,0,0,3,0,차대차 - 후진중충돌,안전운전불이행,건조,맑음,단일로 - 기타,승용,여,36세,상해없음,승용,남,36세,경상
2017060600100257,2017년 6월 6일 14시,화요일,전라남도 함평군 신광면,중상사고,0,1,3,1,차대차 - 측면충돌,직진우회전진행방해,건조,맑음,교차로 - 교차로안,승용,남,69세,부상신고,화물,남,54세,경상
2017060600100287,2017년 6월 6일 15시,화요일,전라남도 순천시 조례동,경상사고,0,0,2,1,차대차 - 기타,신호위반,젖음/습기,비,교차로 - 교차로안,승합,여,44세,상해없음,승용,여,46세,부상신고
2017060600100288,2017년 6월 6일 15시,화요일,전라남도 고흥군 점암면,중상사고,0,1,4,0,차량단독 - 공작물충돌,안전운전불이행,젖음/습기,비,단일로 - 기타,승용,여,47세,중상,,,,
2017060600100289,2017년 6월 6일 15시,화요일,전라남도 보성군 회천면,경상사고,0,0,2,0,차대차 - 측면충돌,교차로운행방법위반,젖음/습기,비,교차로 - 교차로안,승용,남,62세,상해없음,화물,남,70세,경상
2017060600100315,2017년 6월 6일 16시,화요일,전라남도 목포시 달동,경상사고,0,0,2,0,차대차 - 측면충돌,안전운전불이행,젖음/습기,비,교차로 - 교차로안,승용,남,58세,상해없음,승용,여,37세,경상
2017060600100316,2017년 6월 6일 16시,화요일,전라남도 순천시 해룡면,중상사고,0,1,4,0,차대차 - 기타,차로위반,젖음/습기,비,단일로 - 기타,화물,남,30세,중상,승합,남,56세,상해없음
2017060600100317,2017년 6월 6일 16시,화요일,전라남도 순천시 서면,경상사고,0,0,1,0,차대사람 - 기타,안전운전불이행,건조,맑음,주차장 - 주차장,승용,여,45세,상해없음,보행자,남,64세,경상
2017060600100349,2017년 6월 6일 17시,화요일,전라남도 여수시 선원동,경상사고,0,0,2,0,차대차 - 측면충돌,교차로운행방법위반,젖음/습기,비,교차로 - 교차로안,승용,남,54세,상해없음,승용,남,51세,경상