사고번호,사고일시,요일,시군구,사고내용,사망자수,중상자수,경상자수,부상신고자수,사고유형,법규위반,노면상태,기상상태,도로형태,가해운전자 차종,가해운전자 성별,가해운전자 연령,가해운전자 상해정도,피해운전자 차종,피해운전자 성별,피해운전자 연령,피해운전자 상해정도
2017060600100411,2017년 6월 6일 19시,화요일,전라남도 순천시 덕월동,경상사고,0,0,1,0,차대차 - 측면충돌,안전운전불이행,젖음/습기,비,단일로 - 기타,승용,여,35세,상해없음,이륜,남,16세,경상
2017060600100412,2017년 6월 6일 19시,화요일,전라남도 순천시 덕월동,경상사고,0,0,2,0,차대차 - 추돌,안전운전불이행,젖음/습기,비,교차로 - 교차로부근,승용,남,35세,상해없음,승용,남,21세,경상
2017060600100413,2017년 6월 6일 19시,화요일,전라남도 강진군 성전면,중상사고,0,1,0,0,차량단독 - 공작물충돌,안전운전불이행,젖음/습기,비,단일로 - 기타,승용,여,55세,중상,,,,
2017060600100451,2017년 6월 6일 20시,화요일,전라남도 광양시 광영동,경상사고,0,0,1,0,차대사람 - 횡단중,안전운전불이행,젖음/습기,비,교차로 - 교차로안,승용,남,39세,상해없음,보행자,남,18세,경상
2017060600100488,2017년 6월 6일 21시,화요일,전라남도 여수시 둔덕동,경상사고,0,0,1,0,차대사람 - 횡단중,신호위반,기타,비,교차로 - 교차로횡단보도내,화물,남,67세,상해없음,보행자,여,61세,경상
2017060600100554,2017년 6월 6일 23시,화요일,전라남도 나주시 금계동,경상사고,0,0,1,0,차대사람 - 길가장자리구역통행중,안전운전불이행,젖음/습기,비,단일로 - 기타,화물,남,58세,상해없음,보행자,남,26세,경상
2017060600100555,2017년 6월 6일 23시,화요일,전라남도 영암군 삼호읍,경상사고,0,0,4,0,차대차 - 추돌,안전운전불이행,젖음/습기,비,교차로 - 교차로부근,승용,여,42세,상해없음,승용,여,50세,경상
2017060700100023,2017년 6월 7일 00시,수요일,전라남도 목포시 용해동,경상사고,0,0,3,0,차대차 - 기타,안전운전불이행,건조,맑음,교차로 - 교차로부근,승용,남,25세,상해없음,승용,남,33세,상해없음
2017060700100052,2017년 6월 7일 02시,수요일,전라남도 나주시 청동,중상사고,0,2,0,0,차량단독 - 공작물충돌,안전운전불이행,젖음/습기,비,단일로 - 기타,승용,남,53세,중상,,,,
2017060700100053,2017년 6월 7일 02시,수요일,전라남도 영암군 미암면,중상사고,0,1,2,0,차량단독 - 전도전복,안전운전불이행,젖음/습기,비,단일로 - 기타,승용,남,20세,상해없음,미분류,미분류,미분류,미분류
2017060700100119,2017년 6월 7일 07시,수요일,전라남도 순천시 연향동,부상신고사고,0,0,0,1,차대사람 - 횡단중,안전운전불이행,건조,맑음,교차로 - 교차로안,승합,남,57세,상해없음,보행자,남,20세,부상신고
2017060700100146,2017년 6월 7일 08시,수요일,전라남도 여수시 광무동,중상사고,0,1,0,0,차대차 - 측면충돌,교차로운행방법위반,건조,맑음,교차로 - 교차로안,승용,여,35세,상해없음,승용,여,51세,중상
2017060700100147,2017년 6월 7일 08시,수요일,전라남도 함평군 나산면,경상사고,0,0,1,0,차량단독 - 기타,안전운전불이행,젖음/습기,비,단일로 - 기타,승용,여,19세,경상,,,,
2017060700100148,2017년 6월 7일 08시,수요일,전라남도 곡성군 옥과면,중상사고,0,1,0,0,차대차 - 측면충돌,안전운전불이행,건조,맑음,교차로 - 교차로부근,승용,여,48세,상해없음,이륜,남,78세,중상
2017060700100149,2017년 6월 7일 08시,수요일,전라남도 진도군 진도읍,경상사고,0,0,1,0,차대차 - 측면충돌,교차로운행방법위반,건조,맑음,교차로 - 교차로안,이륜,남,81세,경상,승용,남,53세,상해없음
2017060700100179,2017년 6월 7일 09시,수요일,전라남도 나주시 금천면,중상사고,0,1,0,0,차대차 - 측면충돌,직진우회전진행방해,젖음/습기,흐림,교차로 - 교차로안,승용,남,69세,상해없음,원동기,남,71세,중상
2017060700100202,2017년 6월 7일 10시,수요일,전라남도 담양군 봉산면,경상사고,0,0,1,0,차대차 - 측면충돌,안전운전불이행,건조,흐림,교차로 - 교차로안,승용,남,63세,상해없음,자전거,남,89세,경상
2017060700100203,2017년 6월 7일 10시,수요일,전라남도 무안군 삼향읍,경상사고,0,0,1,0,차대차 - 기타,안전운전불이행,건조,맑음,주차장 - 주차장,승용,남,30세,상해없음,승용,여,42세,경상
2017060700100235,2017년 6월 7일 11시,수요일,전라남도 화순군 청풍면,사망사고,1,2,1,0,차대차 - 정면충돌,중앙선침범,젖음/습기,비,단일로 - 기타,승용,여,62세,중상,승합,남,41세,경상
2017060700100236,2017년 6월 7일 11시,수요일,전라남도 완도군 완도읍,중상사고,0,1,0,0,차대사람 - 횡단중,안전운전불이행,건조,흐림,단일로 - 기타,승용,남,34세,상해없음,보행자,여,67세,중상
2017060700100267,2017년 6월 7일 12시,수요일,전라남도 보성군 회천면,경상사고,0,0,2,0,차대차 - 측면충돌,안전운전불이행,건조,맑음,교차로 - 교차로부근,승합,남,52세,상해없음,화물,남,61세,경상
2017060700100268,2017년 6월 7일 12시,수요일,전라남도 함평군 함평읍,경상사고,0,0,1,0,차량단독 - 기타,안전운전불이행,건조,맑음,주차장 - 주차장,승합,남,62세,상해없음,,,,
2017060700100269,2017년 6월 7일 12시,수요일,전라남도 광양시 황길동,중상사고,0,1,0,0,차대사람 - 횡단중,안전운전불이행,건조,맑음,단일로 - 기타,승용,남,40세,상해없음,보행자,남,55세,중상
2017060700100297,2017년 6월 7일 13시,수요일,전라남도 여수시 돌산읍,중상사고,0,1,0,0,차대사람 - 길가장자리구역통행중,안전운전불이행,건조,맑음,단일로 - 기타,화물,남,61세,상해없음,보행자,남,69세,중상
2017060700100360,2017년 6월 7일 15시,수요일,전라남도 목포시 산정동,중상사고,0,1,1,0,차대차 - 측면충돌,안전운전불이행,건조,맑음,단일로 - 기타,이륜,남,61세,중상,승용,여,36세,경상
2017060700100361,2017년 6월 7일 15시,수요일,전라남도 장성군 진원면,부상신고사고,0,0,0,1,차대차 - 측면충돌,교차로운행방법위반,젖음/습기,비,교차로 - 교차로안,이륜,남,67세,부상신고,승용,여,43세,상해없음
2017060700100389,2017년 6월 7일 16시,수요일,전라남도 구례군 구례읍,경상사고,0,0,1,0,차대차 - 측면충돌,직진우회전진행방해,건조,맑음,교차로 - 교차로안,원동기,여,64세,경상,승용,남,33세,상해없음
2017060700100415,2017년 6월 7일 17시,수요일,전라남도 광양시 옥룡면,경상사고,0,0,1,0,차대차 - 측면충돌,안전운전불이행,건조,맑음,교차로 - 교차로안,농기계,남,80세,경상,승용,남,38세,상해없음
2017060700100450,2017년 6월 7일 18시,수요일,전라남도 여수시 둔덕동,경상사고,0,0,1,0,차대차 - 측면충돌,안전운전불이행,건조,맑음,단일로 - 기타,승용,남,43세,상해없음,이륜,남,31세,경상
2017060700100451,2017년 6월 7일 18시,수요일,전라남도 순천시 해룡면,중상사고,0,1,0,0,차대사람 - 횡단중,보행자보호의무위반,건조,맑음,교차로 - 교차로안,승용,남,51세,상해없음,보행자,남,6세,중상
2017060700100478,2017년 6월 7일 19시,수요일,전라남도 여수시 율촌면,중상사고,0,2,0,0,차대차 - 측면충돌,안전운전불이행,건조,맑음,단일로 - 기타,농기계,남,77세,중상,이륜,남,57세,중상
2017060700100479,2017년 6월 7일 19시,수요일,전라남도 광양시 중동,경상사고,0,0,2,0,차대차 - 추돌,안전거리미확보,건조,맑음,교차로 - 교차로부근,승용,여,45세,경상,승합,남,32세,상해없음
2017060700100502,2017년 6월 7일 20시,수요일,전라남도 영암군 영암읍,사망사고,1,0,0,0,차대사람 - 횡단중,안전운전불이행,건조,맑음,단일로 - 기타,화물,남,47세,상해없음,보행자,여,83세,사망
2017060700100533,2017년 6월 7일 21시,수요일,전라남도 목포시 상동,경상사고,0,0,1,0,차대차 - 측면충돌,안전운전불이행,건조,맑음,단일로 - 기타,승용,남,50세,상해없음,승용,여,23세,경상
2017060700100534,2017년 6월 7일 21시,수요일,전라남도 보성군 보성읍,사망사고,1,0,0,0,차대사람 - 횡단중,안전운전불이행,건조,맑음,교차로 - 교차로안,승용,남,27세,상해없음,보행자,남,58세,사망
2017060700100561,2017년 6월 7일 22시,수요일,전라남도 강진군 군동면,경상사고,0,0,1,0,차대차 - 측면충돌,안전운전불이행,건조,흐림,단일로 - 기타,승용,남,32세,경상,화물,남,48세,상해없음
2017060700100562,2017년 6월 7일 22시,수요일,전라남도 강진군 성전면,사망사고,1,0,0,0,차량단독 - 공작물충돌,안전운전불이행,건조,흐림,단일로 - 기타,승용,남,59세,사망,,,,
2017060800100043,2017년 6월 8일 01시,목요일,전라남도 영광군 대마면,사망사고,1,1,0,0,차량단독 - 공작물충돌,과속,건조,맑음,단일로 - 기타,승용,남,50세,중상,,,,
2017060800100058,2017년 6월 8일 03시,목요일,전라남도 목포시 상동,경상사고,0,0,1,0,차대차 - 측면충돌,안전운전불이행,건조,맑음,단일로 - 기타,승용,남,40세,상해없음,승용,남,56세,경상
2017060800100088,2017년 6월 8일 06시,목요일,전라남도 목포시 옥암동,경상사고,0,0,3,0,차대차 - 추돌,안전거리미확보,건조,맑음,단일로 - 기타,승용,남,55세,상해없음,화물,남,49세,경상
2017060800100159,2017년 6월 8일 09시,목요일,전라남도 나주시 남평읍,경상사고,0,0,1,0,차량단독 - 도로외이탈 - 기타,안전운전불이행,건조,맑음,단일로 - 기타,승용,남,18세,경상,,,,
2017060800100184,2017년 6월 8일 10시,목요일,전라남도 목포시 상동,경상사고,0,0,1,0,차대차 - 추돌,안전운전불이행,건조,맑음,교차로 - 교차로안,기타불명,기타불명,미분류,기타불명,승용,여,56세,경상
2017060800100185,2017년 6월 8일 10시,목요일,전라남도 고흥군 고흥읍,경상사고,0,0,2,0,차대차 - 측면충돌,안전운전불이행,건조,맑음,교차로 - 교차로안,이륜,남,86세,경상,승합,남,61세,상해없음
2017060800100210,2017년 6월 8일 11시,목요일,전라남도 나주시 삼영동,중상사고,0,1,1,0,차량단독 - 전도전복,안전운전불이행,건조,맑음,단일로 - 기타,승용,여,58세,중상,미분류,미분류,미분류,미분류
2017060800100211,2017년 6월 8일 11시,목요일,전라남도 완도군 완도읍,경상사고,0,0,1,0,차대차 - 추돌,안전운전불이행,건조,맑음,단일로 - 기타,승용,남,68세,상해없음,화물,남,41세,경상
2017060800100240,2017년 6월 8일 12시,목요일,전라남도 담양군 금성면,중상사고,0,1,0,0,차대차 - 추돌,안전거리미확보,건조,맑음,단일로 - 기타,화물,남,50세,상해없음,건설기계,남,50세,중상
2017060800100272,2017년 6월 8일 13시,목요일,전라남도 목포시 상동,경상사고,0,0,1,0,차대차 - 기타,안전거리미확보,건조,맑음,교차로 - 교차로부근,승용,여,24세,상해없음,승용,여,45세,경상
2017060800100295,2017년 6월 8일 14시,목요일,전라남도 목포시 명륜동,경상사고,0,0,1,0,차대차 - 기타,안전운전불이행,건조,맑음,교차로 - 교차로안,승용,남,46세,경상,승용,남,63세,상해없음
2017060800100296,2017년 6월 8일 14시,목요일,전라남도 여수시 돌산읍,경상사고,0,0,2,0,차대차 - 추돌,안전거리미확보,건조,맑음,단일로 - 기타,승용,남,63세,기타불명,승용,남,61세,경상
2017060800100297,2017년 6월 8일 14시,목요일,전라남도 담양군 담양읍,경상사고,0,0,1,0,차대차 - 측면충돌,안전운전불이행,건조,맑음,단일로 - 기타,승용,여,59세,상해없음,승용,여,51세,경상
2017060800100298,2017년 6월 8일 14시,목요일,전라남도 광양시 진상면,경상사고,0,0,1,0,차대차 - 측면충돌,교차로운행방법위반,건조,맑음,교차로 - 교차로안,승용,여,36세,상해없음,자전거,여,77세,경상
2017060800100361,2017년 6월 8일 16시,목요일,전라남도 광양시 황길동,중상사고,0,1,0,0,차대사람 - 횡단중,안전운전불이행,건조,맑음,교차로 - 교차로안,승용,남,25세,상해없음,보행자,여,47세,중상
2017060800100408,2017년 6월 8일 17시,목요일,전라남도 보성군 벌교읍,중상사고,0,1,0,0,차량단독 - 전도전복 - 전도,안전운전불이행,건조,맑음,단일로 - 기타,이륜,남,77세,중상,,,,
2017060800100409,2017년 6월 8일 17시,목요일,전라남도 완도군 고금면,경상사고,0,0,4,0,차대차 - 측면충돌,교차로운행방법위반,건조,맑음,교차로 - 교차로안,승용,남,26세,경상,화물,남,36세,경상
2017060800100410,2017년 6월 8일 17시,목요일,전라남도 진도군 군내면,경상사고,0,0,2,0,차대차 - 기타,안전운전불이행,건조,맑음,교차로 - 교차로안,화물,여,45세,경상,화물,남,58세,경상
2017060800100533,2017년 6월 8일 21시,목요일,전라남도 장성군 장성읍,경상사고,0,0,4,0,차대차 - 측면충돌,교차로운행방법위반,건조,맑음,교차로 - 교차로안,승용,여,33세,경상,승용,남,73세,경상
2017060800100579,2017년 6월 8일 23시,목요일,전라남도 순천시 왕지동,중상사고,0,1,3,0,차대차 - 측면충돌,직진우회전진행방해,건조,맑음,교차로 - 교차로안,승용,남,27세,경상,승용,남,51세,경상
2017060900100096,2017년 6월 9일 07시,금요일,전라남도 여수시 율촌면,중상사고,0,1,0,0,차대차 - 측면충돌,안전운전불이행,건조,맑음,교차로 - 교차로안,화물,남,24세,상해없음,승용,남,51세,중상
2017060900100132,2017년 6월 9일 08시,금요일,전라남도 무안군 해제면,경상사고,0,0,12,0,차대차 - 측면충돌,안전운전불이행,건조,맑음,단일로 - 기타,승용,남,42세,상해없음,승합,남,33세,경상
2017060900100133,2017년 6월 9일 08시,금요일,전라남도 광양시 광양읍,경상사고,0,0,1,0,차대차 - 측면충돌,기타,건조,맑음,단일로 - 기타,승용,여,49세,경상,승합,남,44세,상해없음
2017060900100134,2017년 6월 9일 08시,금요일,전라남도 광양시 광양읍,중상사고,0,1,0,0,차대사람 - 횡단중,안전운전불이행,건조,맑음,단일로 - 기타,승용,남,56세,상해없음,보행자,여,58세,중상
2017060900100135,2017년 6월 9일 08시,금요일,전라남도 광양시 광양읍,경상사고,0,0,5,0,차대차 - 측면충돌,안전운전불이행,건조,맑음,교차로 - 교차로안,승용,남,27세,상해없음,승용,여,64세,경상
2017060900100162,2017년 6월 9일 09시,금요일,전라남도 장성군 황룡면,경상사고,0,0,1,0,차대차 - 기타,불법유턴,건조,맑음,교차로 - 교차로부근,자전거,남,74세,경상,화물,남,32세,상해없음
2017060900100163,2017년 6월 9일 09시,금요일,전라남도 완도군 약산면,중상사고,0,1,0,0,차대차 - 측면충돌,안전운전불이행,건조,맑음,단일로 - 기타,화물,남,32세,상해없음,농기계,남,82세,중상
2017060900100219,2017년 6월 9일 11시,금요일,전라남도 순천시 왕지동,부상신고사고,0,0,0,1,차대사람 - 기타,안전운전불이행,건조,맑음,단일로 - 기타,승용,남,23세,상해없음,보행자,남,53세,부상신고
2017060900100220,2017년 6월 9일 11시,금요일,전라남도 완도군 완도읍,경상사고,0,0,2,0,차대차 - 측면충돌,안전운전불이행,건조,맑음,교차로 - 교차로안,화물,남,80세,경상,승용,여,26세,상해없음
2017060900100245,2017년 6월 9일 12시,금요일,전라남도 순천시 주암면,중상사고,0,1,1,0,차대차 - 정면충돌,중앙선침범,건조,맑음,단일로 - 기타,승용,남,32세,중상,특수,남,51세,경상
2017060900100269,2017년 6월 9일 13시,금요일,전라남도 보성군 보성읍,중상사고,0,1,0,0,차대차 - 추돌,기타,건조,맑음,단일로 - 기타,화물,남,71세,상해없음,승용,남,68세,중상
2017060900100270,2017년 6월 9일 13시,금요일,전라남도 광양시 광양읍,경상사고,0,0,1,0,차대사람 - 횡단중,보행자보호의무위반,건조,맑음,교차로 - 교차로횡단보도내,화물,남,59세,상해없음,보행자,여,65세,경상
2017060900100303,2017년 6월 9일 14시,금요일,전라남도 목포시 상동,경상사고,0,0,1,0,차대차 - 후진중충돌,안전운전불이행,건조,맑음,단일로 - 기타,승용,남,58세,상해없음,승합,남,40세,경상
2017060900100333,2017년 6월 9일 15시,금요일,전라남도 목포시 석현동,경상사고,0,0,2,0,차대차 - 기타,안전운전불이행,건조,맑음,교차로 - 교차로부근,건설기계,남,67세,상해없음,승용,남,46세,경상
2017060900100334,2017년 6월 9일 15시,금요일,전라남도 여수시 서교동,경상사고,0,0,1,0,차대사람 - 횡단중,보행자보호의무위반,건조,맑음,교차로 - 교차로횡단보도내,승용,여,28세,상해없음,보행자,여,68세,경상
2017060900100381,2017년 6월 9일 16시,금요일,전라남도 여수시 문수동,경상사고,0,0,1,0,차대차 - 기타,안전운전불이행,건조,맑음,단일로 - 기타,승용,남,58세,상해없음,승용,남,51세,상해없음
2017060900100382,2017년 6월 9일 16시,금요일,전라남도 여수시 관문동,경상사고,0,0,3,0,차대차 - 측면충돌,안전운전불이행,건조,맑음,교차로 - 교차로안,승용,남,56세,상해없음,승용,여,37세,경상
2017060900100383,2017년 6월 9일 16시,금요일,전라남도 나주시 왕곡면,중상사고,0,1,0,0,차량단독 - 기타,안전운전불이행,건조,맑음,단일로 - 기타,화물,남,45세,중상,,,,
2017060900100426,2017년 6월 9일 17시,금요일,전라남도 나주시 다시면,경상사고,0,0,1,0,차대차 - 측면충돌,직진우회전진행방해,건조,맑음,교차로 - 교차로안,특수,남,49세,상해없음,원동기,남,57세,경상
2017060900100469,2017년 6월 9일 18시,금요일,전라남도 목포시 용해동,경상사고,0,0,1,0,차대차 - 측면충돌,안전운전불이행,건조,맑음,단일로 - 기타,자전거,남,16세,경상,승용,여,31세,상해없음
2017060900100470,2017년 6월 9일 18시,금요일,전라남도 여수시 돌산읍,사망사고,1,0,0,0,차량단독 - 전도전복,안전운전불이행,건조,맑음,단일로 - 기타,원동기,남,65세,사망,미분류,미분류,미분류,미분류
2017060900100504,2017년 6월 9일 19시,금요일,전라남도 목포시 상동,경상사고,0,0,5,0,차대차 - 기타,중앙선침범,건조,맑음,단일로 - 기타,승용,남,20세,상해없음,승용,여,66세,경상
2017060900100505,2017년 6월 9일 19시,금요일,전라남도 순천시 조례동,중상사고,0,1,0,0,차대차 - 측면충돌,신호위반,건조,맑음,교차로 - 교차로부근,승용,남,53세,상해없음,이륜,남,32세,중상
2017060900100540,2017년 6월 9일 20시,금요일,전라남도 영암군 삼호읍,경상사고,0,0,2,0,차대차 - 추돌,안전운전불이행,건조,맑음,단일로 - 기타,화물,남,61세,상해없음,화물,남,47세,경상
2017060900100572,2017년 6월 9일 21시,금요일,전라남도 광양시 광양읍,경상사고,0,0,2,0,차대차 - 측면충돌,직진우회전진행방해,건조,맑음,교차로 - 교차로안,승용,여,25세,경상,승용,여,47세,경상
2017060900100596,2017년 6월 9일 22시,금요일,전라남도 담양군 고서면,경상사고,0,0,1,0,차대사람 - 횡단중,안전운전불이행,건조,맑음,단일로 - 기타,승용,남,40세,상해없음,보행자,남,9세,경상
2017060900100617,2017년 6월 9일 23시,금요일,전라남도 여수시 둔덕동,중상사고,0,1,0,0,차대사람 - 길가장자리구역통행중,안전운전불이행,건조,맑음,교차로 - 교차로부근,승용,여,35세,상해없음,보행자,남,66세,중상
2017061000100081,2017년 6월 10일 04시,토요일,전라남도 담양군 담양읍,경상사고,0,0,2,0,차대차 - 측면충돌,직진우회전진행방해,건조,맑음,교차로 - 교차로안,승용,남,49세,경상,화물,남,51세,경상
2017061000100096,2017년 6월 10일 05시,토요일,전라남도 곡성군 곡성읍,경상사고,0,0,1,1,차대차 - 추돌,안전운전불이행,건조,맑음,단일로 - 기타,승용,여,42세,상해없음,화물,남,45세,경상
2017061000100121,2017년 6월 10일 07시,토요일,전라남도 고흥군 영남면,중상사고,0,1,0,0,차대사람 - 기타,안전운전불이행,건조,맑음,단일로 - 기타,건설기계,남,53세,상해없음,보행자,여,83세,중상
2017061000100122,2017년 6월 10일 07시,토요일,전라남도 보성군 조성면,중상사고,0,1,0,0,차대차 - 정면충돌,중앙선침범,건조,맑음,단일로 - 기타,화물,남,62세,상해없음,원동기,남,72세,중상
2017061000100140,2017년 6월 10일 08시,토요일,전라남도 고흥군 도양읍,경상사고,0,0,1,0,차대차 - 측면충돌,신호위반,건조,맑음,교차로 - 교차로안,화물,남,56세,상해없음,승용,남,76세,경상
2017061000100141,2017년 6월 10일 08시,토요일,전라남도 광양시 광양읍,경상사고,0,0,2,0,차대차 - 측면충돌,중앙선침범,건조,맑음,교차로 - 교차로부근,화물,여,20세,경상,화물,남,50세,경상
2017061000100200,2017년 6월 10일 10시,토요일,전라남도 장흥군 부산면,경상사고,0,0,1,0,차대차 - 측면충돌,중앙선침범,건조,맑음,단일로 - 기타,승용,남,70세,상해없음,승용,여,55세,경상
2017061000100237,2017년 6월 10일 11시,토요일,전라남도 화순군 화순읍,부상신고사고,0,0,0,2,차대차 - 추돌,안전거리미확보,건조,맑음,교차로 - 교차로부근,승용,남,63세,상해없음,승용,남,46세,부상신고
2017061000100238,2017년 6월 10일 11시,토요일,전라남도 담양군 월산면,경상사고,0,0,1,0,차대사람 - 기타,안전운전불이행,건조,흐림,교차로 - 교차로부근,화물,남,45세,상해없음,보행자,남,76세,경상
2017061000100318,2017년 6월 10일 13시,토요일,전라남도 나주시 봉황면,경상사고,0,0,2,0,차대차 - 측면충돌,직진우회전진행방해,건조,맑음,교차로 - 교차로안,화물,남,42세,경상,화물,남,21세,경상
2017061000100319,2017년 6월 10일 13시,토요일,전라남도 진도군 임회면,경상사고,0,0,1,0,차대사람 - 기타,안전운전불이행,건조,맑음,단일로 - 교량,승용,여,64세,상해없음,보행자,여,15세,경상
2017061000100360,2017년 6월 10일 14시,토요일,전라남도 무안군 삼향읍,경상사고,0,0,1,0,차대사람 - 기타,안전운전불이행,건조,맑음,주차장 - 주차장,승용,남,68세,상해없음,보행자,남,30세,경상
2017061000100397,2017년 6월 10일 15시,토요일,전라남도 순천시 조례동,중상사고,0,1,0,0,차대사람 - 횡단중,안전운전불이행,건조,맑음,교차로 - 교차로안,승용,남,21세,상해없음,보행자,여,51세,중상
2017061000100457,2017년 6월 10일 17시,토요일,전라남도 순천시 조례동,중상사고,0,1,1,0,차대사람 - 횡단중,안전운전불이행,건조,맑음,단일로 - 기타,승용,남,22세,상해없음,보행자,여,25세,중상
2017061000100458,2017년 6월 10일 17시,토요일,전라남도 화순군 남면,경상사고,0,0,1,0,차대차 - 측면충돌,안전운전불이행,건조,맑음,주차장 - 주차장,승용,여,30세,상해없음,이륜,남,67세,경상
2017061000100459,2017년 6월 10일 17시,토요일,전라남도 광양시 광영동,중상사고,0,1,0,0,차대차 - 후진중충돌,안전운전불이행,건조,맑음,교차로 - 교차로부근,승용,여,53세,상해없음,승용,여,40세,중상
2017061000100497,2017년 6월 10일 18시,토요일,전라남도 목포시 옥암동,경상사고,0,0,1,0,차대차 - 정면충돌,안전운전불이행,건조,맑음,단일로 - 기타,승용,남,21세,상해없음,자전거,남,12세,경상
2017061000100498,2017년 6월 10일 18시,토요일,전라남도 목포시 상동,경상사고,0,0,3,0,차대차 - 추돌,안전운전불이행,건조,맑음,단일로 - 기타,승용,여,51세,경상,승용,여,48세,경상
2017061000100548,2017년 6월 10일 20시,토요일,전라남도 장흥군 부산면,경상사고,0,0,1,0,차대차 - 측면충돌,직진우회전진행방해,건조,맑음,교차로 - 교차로안,승합,남,47세,상해없음,승용,남,54세,경상
2017061100100098,2017년 6월 11일 05시,일요일,전라남도 순천시 해룡면,경상사고,0,0,1,0,차대차 - 추돌,안전운전불이행,건조,맑음,교차로 - 교차로부근,승합,남,24세,상해없음,승용,남,32세,경상
2017061100100108,2017년 6월 11일 06시,일요일,전라남도 해남군 옥천면,중상사고,0,1,0,0,차대차 - 측면충돌,중앙선침범,젖음/습기,안개,단일로 - 교량,원동기,남,76세,중상,승용,남,67세,상해없음
2017061100100138,2017년 6월 11일 08시,일요일,전라남도 목포시 용당동,중상사고,0,1,2,1,차대차 - 기타,교차로운행방법위반,건조,맑음,교차로 - 교차로안,승용,남,46세,기타불명,승용,여,35세,중상
2017061100100163,2017년 6월 11일 09시,일요일,전라남도 함평군 해보면,경상사고,0,0,2,1,차대차 - 측면충돌,직진우회전진행방해,건조,맑음,교차로 - 교차로안,화물,남,67세,부상신고,화물,여,43세,경상
2017061100100183,2017년 6월 11일 10시,일요일,전라남도 여수시 공화동,경상사고,0,0,3,0,차대차 - 측면충돌,중앙선침범,건조,맑음,단일로 - 기타,승용,남,70세,상해없음,승용,남,35세,경상
2017061100100184,2017년 6월 11일 10시,일요일,전라남도 장흥군 유치면,경상사고,0,0,1,0,차대차 - 측면충돌,안전운전불이행,건조,흐림,단일로 - 터널,건설기계,남,51세,상해없음,승용,여,71세,경상
2017061100100185,2017년 6월 11일 10시,일요일,전라남도 장성군 황룡면,경상사고,0,0,1,0,차대차 - 측면충돌,안전운전불이행,건조,맑음,단일로 - 기타,화물,남,58세,상해없음,이륜,남,83세,경상
2017061100100279,2017년 6월 11일 14시,일요일,전라남도 무안군 청계면,중상사고,0,3,0,0,차대차 - 추돌,안전운전불이행,건조,맑음,단일로 - 기타,화물,여,57세,중상,승용,여,47세,중상
2017061100100419,2017년 6월 11일 18시,일요일,전라남도 함평군 월야면,중상사고,0,3,0,0,차대차 - 측면충돌,교차로운행방법위반,건조,맑음,교차로 - 교차로안,승용,남,29세,중상,승용,여,51세,중상
2017061100100444,2017년 6월 11일 19시,일요일,전라남도 신안군 장산면,중상사고,0,2,0,0,차량단독 - 전도전복 - 전도,안전운전불이행,건조,맑음,교차로 - 교차로부근,화물,남,64세,중상,,,,
2017061100100445,2017년 6월 11일 19시,일요일,전라남도 광양시 광양읍,부상신고사고,0,0,0,2,차대사람 - 횡단중,안전운전불이행,건조,맑음,교차로 - 교차로안,승용,남,18세,상해없음,보행자,남,2세,부상신고
2017061100100470,2017년 6월 11일 20시,일요일,전라남도 목포시 옥암동,경상사고,0,0,3,0,차대차 - 측면충돌,안전운전불이행,건조,맑음,교차로 - 교차로안,승합,남,58세,경상,승용,남,25세,경상
2017061100100471,2017년 6월 11일 20시,일요일,전라남도 곡성군 곡성읍,중상사고,0,1,0,0,차대차 - 측면충돌,안전운전불이행,건조,맑음,교차로 - 교차로안,화물,남,66세,상해없음,이륜,남,71세,중상
2017061100100472,2017년 6월 11일 20시,일요일,전라남도 무안군 삼향읍,경상사고,0,0,2,0,차대차 - 측면충돌,신호위반,건조,맑음,교차로 - 교차로안,승용,남,43세,경상,승용,여,49세,경상
2017061100100498,2017년 6월 11일 21시,일요일,전라남도 순천시 조례동,경상사고,0,0,1,0,차대차 - 기타,교차로운행방법위반,건조,맑음,교차로 - 교차로안,승용,남,28세,상해없음,승용,남,30세,경상
2017061100100515,2017년 6월 11일 22시,일요일,전라남도 여수시 둔덕동,경상사고,0,0,3,0,차대차 - 추돌,안전운전불이행,건조,맑음,단일로 - 기타,승용,남,42세,상해없음,승용,여,50세,경상
2017061200100022,2017년 6월 12일 00시,월요일,전라남도 목포시 옥암동,경상사고,0,0,1,0,차대차 - 측면충돌,신호위반,건조,맑음,교차로 - 교차로안,승용,남,24세,상해없음,승용,남,33세,경상
2017061200100023,2017년 6월 12일 00시,월요일,전라남도 무안군 삼향읍,중상사고,0,1,0,0,차대차 - 측면충돌,교차로운행방법위반,건조,맑음,교차로 - 교차로안,승용,남,38세,상해없음,승용,여,67세,중상
2017061200100039,2017년 6월 12일 03시,월요일,전라남도 목포시 산정동,중상사고,0,1,0,0,차대차 - 기타,안전운전불이행,건조,맑음,단일로 - 기타,승용,남,21세,중상,승합,남,41세,상해없음
2017061200100042,2017년 6월 12일 04시,월요일,전라남도 목포시 용당동,중상사고,0,1,2,0,차대차 - 기타,신호위반,건조,맑음,교차로 - 교차로안,승용,남,68세,상해없음,승합,남,70세,경상
2017061200100053,2017년 6월 12일 05시,월요일,전라남도 여수시 선원동,중상사고,0,1,0,0,차량단독 - 공작물충돌,안전운전불이행,건조,맑음,단일로 - 기타,승용,여,30세,중상,,,,