사고번호,사고일시,요일,시군구,사고내용,사망자수,중상자수,경상자수,부상신고자수,사고유형,법규위반,노면상태,기상상태,도로형태,가해운전자 차종,가해운전자 성별,가해운전자 연령,가해운전자 상해정도,피해운전자 차종,피해운전자 성별,피해운전자 연령,피해운전자 상해정도
2017061500100575,2017년 6월 15일 20시,목요일,전라남도 광양시 광양읍,경상사고,0,0,1,0,차대차 - 측면충돌,안전운전불이행,건조,맑음,단일로 - 기타,승용,남,56세,상해없음,승용,남,46세,경상
2017061500100633,2017년 6월 15일 22시,목요일,전라남도 목포시 상동,경상사고,0,0,1,0,차대사람 - 횡단중,보행자보호의무위반,건조,맑음,교차로 - 교차로부근,승용,남,49세,상해없음,보행자,남,59세,경상
2017061500100653,2017년 6월 15일 23시,목요일,전라남도 나주시 대호동,중상사고,0,1,0,0,차대사람 - 횡단중,안전운전불이행,건조,맑음,단일로 - 기타,승용,남,45세,상해없음,보행자,남,53세,중상
2017061500100654,2017년 6월 15일 23시,목요일,전라남도 광양시 금호동,경상사고,0,0,3,0,차대차 - 추돌,안전운전불이행,건조,맑음,교차로 - 교차로부근,승용,남,46세,상해없음,승용,남,29세,경상
2017061600100032,2017년 6월 16일 00시,금요일,전라남도 나주시 대호동,경상사고,0,0,1,0,차대차 - 측면충돌,신호위반,건조,맑음,교차로 - 교차로안,승용,남,21세,상해없음,승용,남,33세,경상
2017061600100033,2017년 6월 16일 00시,금요일,전라남도 화순군 화순읍,경상사고,0,0,1,0,차대사람 - 기타,안전운전불이행,건조,맑음,단일로 - 기타,승합,남,43세,상해없음,보행자,여,41세,경상
2017061600100070,2017년 6월 16일 05시,금요일,전라남도 곡성군 겸면,경상사고,0,0,2,0,차량단독 - 기타,안전운전불이행,건조,맑음,단일로 - 기타,화물,여,52세,경상,,,,
2017061600100093,2017년 6월 16일 07시,금요일,전라남도 고흥군 대서면,경상사고,0,0,1,0,차대차 - 기타,안전운전불이행,건조,맑음,단일로 - 기타,농기계,남,75세,경상,승합,남,53세,상해없음
2017061600100094,2017년 6월 16일 07시,금요일,전라남도 무안군 해제면,경상사고,0,0,2,0,차대차 - 기타,안전운전불이행,건조,맑음,교차로 - 교차로안,화물,남,62세,상해없음,화물,남,41세,경상
2017061600100132,2017년 6월 16일 08시,금요일,전라남도 목포시 상동,경상사고,0,0,1,0,차대차 - 측면충돌,안전운전불이행,건조,맑음,단일로 - 기타,자전거,남,17세,경상,승용,남,40세,상해없음
2017061600100133,2017년 6월 16일 08시,금요일,전라남도 강진군 마량면,중상사고,0,1,0,0,차대차 - 기타,기타,건조,맑음,단일로 - 기타,건설기계,남,44세,상해없음,원동기,남,81세,중상
2017061600100163,2017년 6월 16일 09시,금요일,전라남도 영암군 삼호읍,사망사고,1,2,0,0,차대차 - 추돌,안전운전불이행,건조,맑음,단일로 - 기타,화물,남,57세,사망,승합,남,65세,상해없음
2017061600100188,2017년 6월 16일 10시,금요일,전라남도 무안군 해제면,경상사고,0,0,1,0,차대차 - 측면충돌,안전운전불이행,건조,맑음,단일로 - 기타,이륜,남,79세,경상,화물,남,32세,상해없음
2017061600100189,2017년 6월 16일 10시,금요일,전라남도 무안군 무안읍,중상사고,0,1,0,0,차대차 - 측면충돌,안전운전불이행,건조,맑음,단일로 - 기타,승용,여,64세,상해없음,자전거,남,74세,중상
2017061600100253,2017년 6월 16일 12시,금요일,전라남도 목포시 옥암동,중상사고,0,1,1,0,차대차 - 측면충돌,직진우회전진행방해,건조,맑음,교차로 - 교차로안,이륜,남,23세,중상,승용,남,49세,경상
2017061600100254,2017년 6월 16일 12시,금요일,전라남도 순천시 해룡면,경상사고,0,0,1,0,차대사람 - 횡단중,보행자보호의무위반,건조,맑음,교차로 - 교차로부근,승용,여,33세,상해없음,보행자,여,21세,경상
2017061600100284,2017년 6월 16일 13시,금요일,전라남도 영광군 영광읍,중상사고,0,1,0,0,차대사람 - 횡단중,보행자보호의무위반,건조,맑음,단일로 - 기타,승용,남,35세,상해없음,보행자,여,71세,중상
2017061600100285,2017년 6월 16일 13시,금요일,전라남도 영암군 도포면,경상사고,0,0,1,0,차대차 - 추돌,안전운전불이행,건조,맑음,단일로 - 기타,농기계,남,50세,경상,화물,남,61세,상해없음
2017061600100286,2017년 6월 16일 13시,금요일,전라남도 광양시 중동,경상사고,0,0,1,0,차대차 - 측면충돌,기타,건조,맑음,단일로 - 기타,원동기,남,18세,경상,승용,여,51세,상해없음
2017061600100316,2017년 6월 16일 14시,금요일,전라남도 목포시 산정동,경상사고,0,0,1,0,차대차 - 측면충돌,교차로운행방법위반,건조,맑음,교차로 - 교차로안,승용,남,52세,상해없음,승용,남,74세,경상
2017061600100317,2017년 6월 16일 14시,금요일,전라남도 장흥군 장동면,경상사고,0,0,1,0,차대차 - 측면충돌,안전운전불이행,건조,맑음,단일로 - 기타,승용,여,50세,상해없음,승합,여,46세,경상
2017061600100395,2017년 6월 16일 16시,금요일,전라남도 무안군 무안읍,중상사고,0,1,0,0,차량단독 - 전도전복,안전운전불이행,건조,맑음,단일로 - 기타,사륜오토바이(ATV),여,76세,중상,미분류,미분류,미분류,미분류
2017061600100396,2017년 6월 16일 16시,금요일,전라남도 광양시 마동,경상사고,0,0,1,0,차대사람 - 횡단중,안전운전불이행,건조,맑음,단일로 - 기타,승용,여,41세,상해없음,보행자,남,6세,경상
2017061600100434,2017년 6월 16일 17시,금요일,전라남도 나주시 이창동,경상사고,0,0,1,0,차대차 - 기타,기타,건조,맑음,교차로 - 교차로안,승용,여,47세,상해없음,원동기,남,76세,경상
2017061600100435,2017년 6월 16일 17시,금요일,전라남도 장성군 장성읍,중상사고,0,1,0,0,차대사람 - 기타,안전운전불이행,건조,맑음,단일로 - 기타,화물,남,60세,상해없음,보행자,여,77세,중상
2017061600100479,2017년 6월 16일 18시,금요일,전라남도 목포시 상동,경상사고,0,0,3,0,차대차 - 기타,차로위반,건조,맑음,단일로 - 기타,승용,남,50세,경상,승용,남,52세,경상
2017061600100480,2017년 6월 16일 18시,금요일,전라남도 나주시 노안면,중상사고,0,2,0,0,차대차 - 기타,안전운전불이행,건조,맑음,단일로 - 기타,화물,남,68세,중상,승용,여,29세,중상
2017061600100508,2017년 6월 16일 19시,금요일,전라남도 목포시 산정동,중상사고,0,1,0,0,차대사람 - 횡단중,보행자보호의무위반,건조,맑음,교차로 - 교차로횡단보도내,화물,남,37세,상해없음,보행자,여,64세,중상
2017061600100641,2017년 6월 16일 23시,금요일,전라남도 여수시 여서동,경상사고,0,0,1,0,차대차 - 추돌,안전운전불이행,건조,맑음,단일로 - 기타,승용,남,46세,상해없음,승용,남,51세,경상
2017061700100052,2017년 6월 17일 01시,토요일,전라남도 목포시 상동,경상사고,0,0,1,0,차대차 - 정면충돌,안전운전불이행,건조,흐림,교차로 - 교차로안,승용,남,19세,상해없음,승용,남,47세,경상
2017061700100123,2017년 6월 17일 07시,토요일,전라남도 해남군 화산면,경상사고,0,0,1,0,차대차 - 추돌,안전운전불이행,건조,맑음,단일로 - 기타,화물,남,60세,상해없음,승용,남,62세,경상
2017061700100141,2017년 6월 17일 08시,토요일,전라남도 해남군 삼산면,경상사고,0,0,2,0,차대차 - 측면충돌,중앙선침범,건조,맑음,기타 - 기타,화물,남,31세,경상,승용,남,43세,경상
2017061700100142,2017년 6월 17일 08시,토요일,전라남도 장성군 남면,부상신고사고,0,0,0,1,차대차 - 추돌,안전운전불이행,건조,맑음,단일로 - 기타,화물,남,60세,부상신고,화물,남,64세,상해없음
2017061700100180,2017년 6월 17일 09시,토요일,전라남도 광양시 광양읍,경상사고,0,0,1,0,차대차 - 측면충돌,교차로운행방법위반,건조,맑음,교차로 - 교차로부근,원동기,남,79세,경상,승용,여,48세,상해없음
2017061700100218,2017년 6월 17일 10시,토요일,전라남도 여수시 광무동,경상사고,0,0,1,0,차대차 - 추돌,안전운전불이행,건조,맑음,교차로 - 교차로부근,승용,남,79세,상해없음,이륜,남,61세,경상
2017061700100219,2017년 6월 17일 10시,토요일,전라남도 장흥군 장흥읍,경상사고,0,0,1,0,차대차 - 추돌,안전운전불이행,건조,맑음,교차로 - 교차로안,승용,여,52세,상해없음,이륜,남,75세,경상
2017061700100220,2017년 6월 17일 10시,토요일,전라남도 영광군 영광읍,부상신고사고,0,0,0,1,차대사람 - 횡단중,안전운전불이행,건조,맑음,단일로 - 기타,승용,여,37세,상해없음,보행자,남,48세,부상신고
2017061700100221,2017년 6월 17일 10시,토요일,전라남도 담양군 담양읍,경상사고,0,0,2,0,차대차 - 기타,안전운전불이행,건조,맑음,단일로 - 기타,승용,여,44세,경상,승용,여,57세,경상
2017061700100222,2017년 6월 17일 10시,토요일,전라남도 담양군 대덕면,경상사고,0,0,3,0,차대차 - 측면충돌,안전거리미확보,건조,맑음,단일로 - 기타,승용,여,45세,상해없음,승용,여,33세,경상
2017061700100258,2017년 6월 17일 11시,토요일,전라남도 여수시 학동,경상사고,0,0,3,0,차대차 - 측면충돌,교차로운행방법위반,건조,맑음,교차로 - 교차로안,승용,여,45세,경상,승용,남,24세,경상
2017061700100299,2017년 6월 17일 12시,토요일,전라남도 목포시 옥암동,경상사고,0,0,1,0,차대차 - 후진중충돌,안전운전불이행,건조,맑음,단일로 - 기타,승용,남,27세,상해없음,승용,남,33세,경상
2017061700100300,2017년 6월 17일 12시,토요일,전라남도 순천시 장천동,경상사고,0,0,1,0,차대차 - 측면충돌,안전운전불이행,건조,맑음,단일로 - 기타,승용,남,61세,상해없음,특수,남,52세,경상
2017061700100301,2017년 6월 17일 12시,토요일,전라남도 장흥군 장흥읍,부상신고사고,0,0,0,1,차대차 - 측면충돌,교차로운행방법위반,건조,맑음,교차로 - 교차로안,승용,남,47세,상해없음,이륜,여,41세,부상신고
2017061700100302,2017년 6월 17일 12시,토요일,전라남도 해남군 해남읍,경상사고,0,0,1,0,차대사람 - 기타,안전운전불이행,건조,맑음,기타 - 기타,이륜,남,81세,상해없음,보행자,여,65세,경상
2017061700100338,2017년 6월 17일 13시,토요일,전라남도 무안군 망운면,중상사고,0,1,0,0,차량단독 - 전도전복,기타,건조,맑음,단일로 - 기타,이륜,남,71세,중상,미분류,미분류,미분류,미분류
2017061700100366,2017년 6월 17일 14시,토요일,전라남도 순천시 조례동,경상사고,0,0,1,0,차대차 - 측면충돌,안전운전불이행,건조,맑음,단일로 - 기타,승용,여,24세,상해없음,승용,남,45세,경상
2017061700100395,2017년 6월 17일 15시,토요일,전라남도 여수시 봉계동,경상사고,0,0,3,0,차대차 - 측면충돌,교차로운행방법위반,건조,맑음,교차로 - 교차로안,승용,여,21세,경상,승합,남,61세,경상
2017061700100396,2017년 6월 17일 15시,토요일,전라남도 영광군 군서면,경상사고,0,0,4,0,차대차 - 측면충돌,교차로운행방법위반,건조,맑음,교차로 - 교차로안,승용,남,66세,상해없음,승합,남,68세,경상
2017061700100397,2017년 6월 17일 15시,토요일,전라남도 함평군 함평읍,중상사고,0,3,0,1,차량단독 - 도로외이탈 - 추락,안전운전불이행,건조,맑음,단일로 - 기타,승용,남,70세,부상신고,,,,
2017061700100422,2017년 6월 17일 16시,토요일,전라남도 목포시 산정동,경상사고,0,0,1,0,차대차 - 측면충돌,직진우회전진행방해,건조,맑음,교차로 - 교차로안,화물,남,38세,상해없음,이륜,남,18세,경상
2017061700100423,2017년 6월 17일 16시,토요일,전라남도 목포시 용당동,경상사고,0,0,1,0,차대차 - 기타,안전운전불이행,건조,맑음,단일로 - 기타,승용,남,60세,상해없음,원동기,남,78세,경상
2017061700100424,2017년 6월 17일 16시,토요일,전라남도 보성군 회천면,부상신고사고,0,0,0,1,차대차 - 측면충돌,안전거리미확보,건조,맑음,단일로 - 기타,승용,남,40세,상해없음,자전거,남,90세 이상,부상신고
2017061700100425,2017년 6월 17일 16시,토요일,전라남도 영광군 영광읍,경상사고,0,0,2,0,차대차 - 측면충돌,안전운전불이행,건조,맑음,교차로 - 교차로안,승용,여,39세,경상,승용,남,61세,경상
2017061700100471,2017년 6월 17일 17시,토요일,전라남도 무안군 현경면,경상사고,0,0,1,0,차대차 - 측면충돌,기타,건조,맑음,교차로 - 교차로안,이륜,남,79세,경상,화물,남,43세,상해없음
2017061700100472,2017년 6월 17일 17시,토요일,전라남도 구례군 구례읍,경상사고,0,0,1,0,차대차 - 측면충돌,교차로운행방법위반,건조,맑음,교차로 - 교차로부근,이륜,남,78세,경상,승합,여,48세,상해없음
2017061700100509,2017년 6월 17일 18시,토요일,전라남도 영광군 영광읍,경상사고,0,0,1,0,차대차 - 측면충돌,기타,건조,맑음,단일로 - 기타,원동기,남,72세,경상,화물,남,34세,상해없음
2017061700100510,2017년 6월 17일 18시,토요일,전라남도 완도군 완도읍,경상사고,0,0,1,0,차대차 - 측면충돌,안전운전불이행,건조,맑음,단일로 - 기타,승용,남,45세,상해없음,승용,남,72세,경상
2017061700100511,2017년 6월 17일 18시,토요일,전라남도 무안군 청계면,경상사고,0,0,3,0,차대차 - 추돌,안전운전불이행,건조,맑음,단일로 - 기타,승합,남,30세,상해없음,승합,남,45세,경상
2017061700100557,2017년 6월 17일 19시,토요일,전라남도 순천시 월등면,경상사고,0,0,1,0,차대차 - 기타,기타,건조,맑음,단일로 - 기타,농기계,남,84세,경상,승용,남,54세,상해없음
2017061700100593,2017년 6월 17일 20시,토요일,전라남도 담양군 고서면,경상사고,0,0,2,0,차대차 - 측면충돌,중앙선침범,건조,맑음,교차로 - 교차로안,승용,남,56세,상해없음,승용,남,24세,경상
2017061700100653,2017년 6월 17일 22시,토요일,전라남도 목포시 상동,경상사고,0,0,1,0,차대사람 - 횡단중,신호위반,건조,맑음,교차로 - 교차로안,승용,남,62세,상해없음,보행자,남,39세,경상
2017061700100654,2017년 6월 17일 22시,토요일,전라남도 해남군 송지면,경상사고,0,0,1,0,차량단독 - 전도전복,안전운전불이행,건조,맑음,단일로 - 기타,화물,남,64세,경상,미분류,미분류,미분류,미분류
2017061800100020,2017년 6월 18일 00시,일요일,전라남도 영광군 홍농읍,사망사고,1,2,0,0,차량단독 - 공작물충돌,안전운전불이행,건조,맑음,단일로 - 기타,승용,여,53세,중상,,,,
2017061800100021,2017년 6월 18일 00시,일요일,전라남도 함평군 해보면,경상사고,0,0,1,0,차대차 - 추돌,안전운전불이행,건조,맑음,단일로 - 기타,승용,남,41세,경상,화물,남,38세,기타불명
2017061800100022,2017년 6월 18일 00시,일요일,전라남도 담양군 담양읍,경상사고,0,0,2,0,차대차 - 측면충돌,직진우회전진행방해,건조,맑음,교차로 - 교차로안,승용,남,23세,상해없음,승용,남,64세,경상
2017061800100059,2017년 6월 18일 03시,일요일,전라남도 무안군 청계면,경상사고,0,0,3,0,차량단독 - 공작물충돌,과속,건조,맑음,교차로 - 교차로안,승용,남,36세,경상,,,,
2017061800100069,2017년 6월 18일 04시,일요일,전라남도 목포시 용해동,경상사고,0,0,1,0,차대차 - 후진중충돌,안전운전불이행,건조,맑음,단일로 - 기타,승용,남,18세,상해없음,승용,남,75세,경상
2017061800100136,2017년 6월 18일 10시,일요일,전라남도 광양시 중동,중상사고,0,2,1,1,차대차 - 정면충돌,신호위반,건조,맑음,교차로 - 교차로안,승용,남,70세,부상신고,승용,남,51세,경상
2017061800100178,2017년 6월 18일 12시,일요일,전라남도 나주시 다시면,경상사고,0,0,1,0,차대차 - 추돌,안전운전불이행,건조,맑음,단일로 - 기타,화물,남,52세,상해없음,화물,남,58세,경상
2017061800100239,2017년 6월 18일 14시,일요일,전라남도 목포시 용해동,경상사고,0,0,1,0,차대차 - 추돌,안전운전불이행,건조,맑음,단일로 - 기타,이륜,남,52세,경상,승합,남,44세,상해없음
2017061800100268,2017년 6월 18일 15시,일요일,전라남도 목포시 용해동,중상사고,0,1,0,0,차대차 - 측면충돌,안전운전불이행,건조,맑음,단일로 - 기타,자전거,남,10세,중상,승용,남,67세,상해없음
2017061800100269,2017년 6월 18일 15시,일요일,전라남도 영광군 법성면,경상사고,0,0,3,0,차대차 - 측면충돌,안전운전불이행,건조,맑음,교차로 - 교차로부근,승용,남,41세,경상,승용,남,44세,경상
2017061800100336,2017년 6월 18일 17시,일요일,전라남도 순천시 연향동,경상사고,0,0,1,0,차대차 - 측면충돌,직진우회전진행방해,건조,맑음,교차로 - 교차로안,원동기,여,57세,경상,승용,남,51세,상해없음
2017061800100337,2017년 6월 18일 17시,일요일,전라남도 완도군 노화읍,중상사고,0,1,0,0,차대차 - 기타,교차로운행방법위반,건조,맑음,교차로 - 교차로안,화물,남,67세,상해없음,화물,남,67세,중상
2017061800100391,2017년 6월 18일 19시,일요일,전라남도 해남군 해남읍,경상사고,0,0,3,0,차대차 - 측면충돌,안전운전불이행,건조,맑음,단일로 - 기타,승용,여,55세,상해없음,승용,여,28세,경상
2017061800100445,2017년 6월 18일 21시,일요일,전라남도 무안군 몽탄면,경상사고,0,0,1,0,차대차 - 기타,안전운전불이행,건조,맑음,단일로 - 기타,화물,남,74세,상해없음,승용,남,29세,경상
2017061800100446,2017년 6월 18일 21시,일요일,전라남도 여수시 미평동,부상신고사고,0,0,0,1,차대차 - 측면충돌,중앙선침범,건조,맑음,단일로 - 기타,승용,남,54세,상해없음,원동기,남,23세,부상신고
2017061800100447,2017년 6월 18일 21시,일요일,전라남도 무안군 삼향읍,경상사고,0,0,1,0,차대차 - 추돌,안전운전불이행,건조,맑음,교차로 - 교차로부근,화물,남,66세,상해없음,화물,남,24세,경상
2017061900100055,2017년 6월 19일 03시,월요일,전라남도 여수시 신기동,중상사고,0,1,1,0,차대차 - 측면충돌,신호위반,건조,맑음,교차로 - 교차로안,승용,남,49세,상해없음,승용,남,36세,중상
2017061900100068,2017년 6월 19일 05시,월요일,전라남도 무안군 청계면,경상사고,0,0,1,0,차량단독 - 전도전복 - 전도,안전운전불이행,건조,맑음,단일로 - 기타,승용,여,32세,경상,,,,
2017061900100079,2017년 6월 19일 06시,월요일,전라남도 순천시 오천동,경상사고,0,0,2,0,차대차 - 측면충돌,직진우회전진행방해,건조,맑음,교차로 - 교차로안,승용,여,57세,경상,승용,여,37세,경상
2017061900100080,2017년 6월 19일 06시,월요일,전라남도 장성군 동화면,사망사고,1,0,0,0,차량단독 - 공작물충돌,안전운전불이행,건조,맑음,단일로 - 기타,승용,남,43세,사망,,,,
2017061900100162,2017년 6월 19일 08시,월요일,전라남도 여수시 화장동,경상사고,0,0,3,0,차대차 - 측면충돌,교차로운행방법위반,건조,맑음,교차로 - 교차로안,승용,남,69세,상해없음,화물,남,53세,경상
2017061900100163,2017년 6월 19일 08시,월요일,전라남도 순천시 왕지동,경상사고,0,0,1,0,차대차 - 측면충돌,직진우회전진행방해,건조,맑음,교차로 - 교차로안,승용,여,37세,상해없음,자전거,남,13세,경상
2017061900100164,2017년 6월 19일 08시,월요일,전라남도 순천시 행동,부상신고사고,0,0,0,1,차대사람 - 길가장자리구역통행중,안전운전불이행,건조,맑음,교차로 - 교차로부근,화물,남,35세,상해없음,보행자,여,13세,부상신고
2017061900100165,2017년 6월 19일 08시,월요일,전라남도 나주시 빛가람동,경상사고,0,0,2,0,차대차 - 기타,안전거리미확보,건조,맑음,단일로 - 기타,승용,여,35세,경상,화물,남,48세,경상
2017061900100166,2017년 6월 19일 08시,월요일,전라남도 해남군 북평면,경상사고,0,0,1,0,차대차 - 정면충돌,안전운전불이행,건조,맑음,단일로 - 기타,화물,남,60세,상해없음,화물,남,65세,경상
2017061900100167,2017년 6월 19일 08시,월요일,전라남도 장성군 삼계면,부상신고사고,0,0,0,1,차량단독 - 기타,안전운전불이행,건조,맑음,교차로 - 교차로부근,승합,남,58세,상해없음,,,,
2017061900100230,2017년 6월 19일 10시,월요일,전라남도 나주시 성북동,중상사고,0,1,0,0,차대사람 - 횡단중,안전운전불이행,건조,맑음,교차로 - 교차로안,화물,남,46세,상해없음,보행자,여,85세,중상
2017061900100231,2017년 6월 19일 10시,월요일,전라남도 함평군 학교면,중상사고,0,1,2,0,차대차 - 추돌,안전운전불이행,건조,맑음,단일로 - 기타,승용,남,79세,상해없음,승용,남,29세,경상
2017061900100232,2017년 6월 19일 10시,월요일,전라남도 진도군 고군면,경상사고,0,0,2,0,차대차 - 기타,안전운전불이행,건조,맑음,단일로 - 기타,건설기계,남,59세,상해없음,화물,남,58세,경상
2017061900100265,2017년 6월 19일 11시,월요일,전라남도 목포시 옥암동,경상사고,0,0,1,0,차대차 - 추돌,안전운전불이행,건조,맑음,단일로 - 기타,승용,남,48세,경상,승용,남,58세,상해없음
2017061900100266,2017년 6월 19일 11시,월요일,전라남도 순천시 조례동,경상사고,0,0,2,0,차대차 - 측면충돌,안전운전불이행,건조,맑음,교차로 - 교차로부근,승용,남,51세,경상,건설기계,남,44세,상해없음
2017061900100312,2017년 6월 19일 13시,월요일,전라남도 장흥군 관산읍,중상사고,0,1,1,0,차대차 - 측면충돌,직진우회전진행방해,건조,맑음,교차로 - 교차로안,화물,남,52세,경상,화물,남,55세,중상
2017061900100313,2017년 6월 19일 13시,월요일,전라남도 영광군 영광읍,중상사고,0,1,0,0,차대사람 - 기타,안전운전불이행,건조,맑음,단일로 - 기타,승용,남,55세,상해없음,보행자,남,39세,중상
2017061900100314,2017년 6월 19일 13시,월요일,전라남도 영광군 영광읍,중상사고,0,1,0,0,차대차 - 측면충돌,중앙선침범,건조,맑음,단일로 - 기타,승합,남,67세,상해없음,원동기,남,74세,중상
2017061900100315,2017년 6월 19일 13시,월요일,전라남도 광양시 옥곡면,중상사고,0,2,0,0,차대차 - 측면충돌,안전운전불이행,건조,맑음,교차로 - 교차로부근,화물,남,62세,상해없음,승용,여,40세,중상
2017061900100344,2017년 6월 19일 14시,월요일,전라남도 광양시 광양읍,중상사고,0,2,3,0,차대차 - 추돌,안전운전불이행,건조,맑음,단일로 - 기타,화물,남,64세,상해없음,화물,남,60세,경상
2017061900100389,2017년 6월 19일 15시,월요일,전라남도 순천시 해룡면,경상사고,0,0,1,0,차대사람 - 횡단중,보행자보호의무위반,건조,맑음,단일로 - 기타,승용,여,43세,상해없음,보행자,남,38세,경상
2017061900100390,2017년 6월 19일 15시,월요일,전라남도 고흥군 대서면,경상사고,0,0,1,0,차대차 - 추돌,안전운전불이행,건조,맑음,단일로 - 기타,농기계,남,85세,경상,농기계,남,80세,상해없음
2017061900100391,2017년 6월 19일 15시,월요일,전라남도 해남군 해남읍,중상사고,0,1,0,0,차대사람 - 횡단중,안전운전불이행,건조,맑음,교차로 - 교차로부근,화물,남,71세,상해없음,보행자,여,8세,중상
2017061900100392,2017년 6월 19일 15시,월요일,전라남도 담양군 월산면,경상사고,0,0,1,0,차대차 - 정면충돌,직진우회전진행방해,건조,맑음,교차로 - 교차로안,승용,남,42세,상해없음,화물,남,42세,경상
2017061900100444,2017년 6월 19일 16시,월요일,전라남도 함평군 월야면,부상신고사고,0,0,0,1,차대차 - 추돌,안전운전불이행,건조,맑음,단일로 - 기타,이륜,남,68세,부상신고,승용,여,59세,상해없음
2017061900100488,2017년 6월 19일 17시,월요일,전라남도 여수시 여서동,경상사고,0,0,2,0,차대차 - 후진중충돌,안전운전불이행,건조,맑음,단일로 - 기타,승용,남,58세,상해없음,승용,남,46세,경상
2017061900100489,2017년 6월 19일 17시,월요일,전라남도 순천시 남정동,경상사고,0,0,1,0,차대차 - 추돌,안전거리미확보,건조,맑음,단일로 - 교량,승용,남,52세,상해없음,승용,남,36세,경상
2017061900100490,2017년 6월 19일 17시,월요일,전라남도 장흥군 대덕읍,경상사고,0,0,2,0,차대차 - 측면충돌,안전운전불이행,건조,맑음,단일로 - 기타,화물,남,76세,상해없음,승합,남,55세,경상
2017061900100491,2017년 6월 19일 17시,월요일,전라남도 영암군 학산면,경상사고,0,0,1,0,차대차 - 측면충돌,안전운전불이행,건조,맑음,단일로 - 기타,승용,남,36세,상해없음,승용,남,61세,경상
2017061900100523,2017년 6월 19일 18시,월요일,전라남도 여수시 문수동,경상사고,0,0,1,0,차대차 - 측면충돌,신호위반,건조,맑음,교차로 - 교차로안,승합,남,58세,상해없음,승합,남,72세,경상
2017061900100524,2017년 6월 19일 18시,월요일,전라남도 함평군 월야면,경상사고,0,0,2,0,차대차 - 기타,안전운전불이행,건조,맑음,단일로 - 기타,승용,여,35세,경상,승용,남,59세,기타불명
2017061900100525,2017년 6월 19일 18시,월요일,전라남도 광양시 중동,경상사고,0,0,1,0,차대차 - 측면충돌,안전운전불이행,건조,맑음,교차로 - 교차로안,승용,남,27세,상해없음,이륜,남,20세,경상
2017061900100583,2017년 6월 19일 20시,월요일,전라남도 영암군 삼호읍,중상사고,0,3,7,0,차대차 - 측면충돌,신호위반,건조,맑음,교차로 - 교차로안,승용,남,37세,상해없음,승용,남,38세,경상
2017061900100638,2017년 6월 19일 22시,월요일,전라남도 목포시 용당동,경상사고,0,0,1,0,차대차 - 측면충돌,신호위반,건조,맑음,교차로 - 교차로횡단보도내,승용,여,51세,상해없음,자전거,남,26세,경상
2017062000100067,2017년 6월 20일 06시,화요일,전라남도 나주시 대호동,경상사고,0,0,1,0,차대차 - 측면충돌,신호위반,건조,맑음,교차로 - 교차로안,화물,남,68세,상해없음,화물,남,67세,경상
2017062000100092,2017년 6월 20일 07시,화요일,전라남도 영암군 삼호읍,경상사고,0,0,1,0,차대차 - 측면충돌,안전운전불이행,건조,맑음,교차로 - 교차로안,승용,여,25세,상해없음,원동기,남,32세,경상
2017062000100093,2017년 6월 20일 07시,화요일,전라남도 담양군 담양읍,경상사고,0,0,1,0,차대차 - 측면충돌,기타,건조,맑음,교차로 - 교차로안,승용,남,52세,상해없음,승용,여,54세,경상
2017062000100127,2017년 6월 20일 08시,화요일,전라남도 목포시 옥암동,경상사고,0,0,3,0,차대차 - 측면충돌,안전운전불이행,건조,맑음,교차로 - 교차로안,승용,여,47세,상해없음,승용,남,34세,경상
2017062000100128,2017년 6월 20일 08시,화요일,전라남도 나주시 동강면,경상사고,0,0,1,0,차대차 - 기타,안전운전불이행,건조,맑음,단일로 - 기타,승합,남,47세,상해없음,화물,여,27세,경상
2017062000100129,2017년 6월 20일 08시,화요일,전라남도 나주시 빛가람동,경상사고,0,0,3,0,차대차 - 기타,교차로운행방법위반,건조,맑음,교차로 - 교차로안,승용,여,41세,경상,승용,여,39세,경상
2017062000100130,2017년 6월 20일 08시,화요일,전라남도 영광군 법성면,중상사고,0,2,3,0,차대차 - 측면충돌,직진우회전진행방해,건조,맑음,교차로 - 교차로안,승용,여,50세,경상,화물,남,56세,경상
2017062000100131,2017년 6월 20일 08시,화요일,전라남도 화순군 동면,중상사고,0,2,0,0,차대차 - 정면충돌,중앙선침범,건조,맑음,단일로 - 기타,승용,남,75세,중상,승용,남,35세,중상
2017062000100132,2017년 6월 20일 08시,화요일,전라남도 광양시 진월면,중상사고,0,1,1,0,차대차 - 측면충돌,중앙선침범,건조,맑음,단일로 - 기타,승용,남,77세,상해없음,승용,남,34세,중상
2017062000100166,2017년 6월 20일 09시,화요일,전라남도 함평군 손불면,경상사고,0,0,1,0,차대사람 - 기타,안전운전불이행,건조,맑음,단일로 - 기타,승용,남,78세,상해없음,보행자,남,71세,경상
2017062000100167,2017년 6월 20일 09시,화요일,전라남도 강진군 칠량면,중상사고,0,1,1,0,차대차 - 정면충돌,안전운전불이행,기타,흐림,단일로 - 기타,승용,여,61세,경상,건설기계,남,36세,중상
2017062000100190,2017년 6월 20일 10시,화요일,전라남도 화순군 화순읍,중상사고,0,1,1,0,차대차 - 측면충돌,교차로운행방법위반,건조,맑음,교차로 - 교차로안,승용,남,41세,상해없음,이륜,남,70세,경상