사고번호,사고일시,요일,시군구,사고내용,사망자수,중상자수,경상자수,부상신고자수,사고유형,법규위반,노면상태,기상상태,도로형태,가해운전자 차종,가해운전자 성별,가해운전자 연령,가해운전자 상해정도,피해운전자 차종,피해운전자 성별,피해운전자 연령,피해운전자 상해정도
2017070500100492,2017년 7월 5일 19시,수요일,전라남도 영암군 학산면,경상사고,0,0,3,0,차대차 - 측면충돌,안전운전불이행,건조,맑음,교차로 - 교차로안,화물,남,72세,경상,승용,여,56세,경상
2017070500100575,2017년 7월 5일 22시,수요일,전라남도 나주시 삼영동,경상사고,0,0,1,1,차대차 - 측면충돌,신호위반,건조,맑음,교차로 - 교차로안,승용,남,18세,부상신고,승용,남,47세,경상
2017070500100606,2017년 7월 5일 23시,수요일,전라남도 목포시 연산동,경상사고,0,0,1,0,차대차 - 정면충돌,차로위반,건조,맑음,교차로 - 교차로부근,승용,남,26세,상해없음,승용,남,21세,경상
2017070500100607,2017년 7월 5일 23시,수요일,전라남도 무안군 삼향읍,경상사고,0,0,1,0,차대차 - 측면충돌,교차로운행방법위반,건조,맑음,교차로 - 교차로안,승용,남,36세,상해없음,승용,여,28세,경상
2017070600100039,2017년 7월 6일 00시,목요일,전라남도 목포시 상동,경상사고,0,0,2,0,차대차 - 측면충돌,신호위반,건조,흐림,교차로 - 교차로안,승용,남,23세,상해없음,승용,남,63세,경상
2017070600100094,2017년 7월 6일 06시,목요일,전라남도 여수시 덕충동,중상사고,0,1,2,0,차대차 - 측면충돌,안전거리미확보,젖음/습기,흐림,단일로 - 기타,승용,남,62세,경상,화물,남,67세,중상
2017070600100139,2017년 7월 6일 08시,목요일,전라남도 해남군 해남읍,경상사고,0,0,1,0,차대사람 - 횡단중,중앙선침범,젖음/습기,맑음,단일로 - 기타,승용,남,68세,상해없음,보행자,남,7세,경상
2017070600100168,2017년 7월 6일 09시,목요일,전라남도 해남군 황산면,중상사고,0,2,1,0,차대차 - 측면충돌,직진우회전진행방해,젖음/습기,비,교차로 - 교차로안,승용,여,58세,중상,승용,여,58세,경상
2017070600100194,2017년 7월 6일 10시,목요일,전라남도 목포시 상동,경상사고,0,0,2,0,차대차 - 측면충돌,교차로운행방법위반,젖음/습기,비,교차로 - 교차로안,승용,여,61세,경상,승용,여,58세,경상
2017070600100195,2017년 7월 6일 10시,목요일,전라남도 보성군 득량면,중상사고,0,1,0,0,차대사람 - 횡단중,안전운전불이행,젖음/습기,비,단일로 - 기타,이륜,남,65세,상해없음,보행자,여,62세,중상
2017070600100222,2017년 7월 6일 11시,목요일,전라남도 목포시 옥암동,경상사고,0,0,1,0,차대차 - 측면충돌,교차로운행방법위반,젖음/습기,맑음,교차로 - 교차로안,승용,남,58세,상해없음,승용,여,36세,경상
2017070600100223,2017년 7월 6일 11시,목요일,전라남도 목포시 산정동,경상사고,0,0,1,0,차대차 - 측면충돌,안전운전불이행,젖음/습기,비,단일로 - 기타,승용,남,58세,상해없음,화물,남,39세,경상
2017070600100244,2017년 7월 6일 12시,목요일,전라남도 목포시 대양동,중상사고,0,1,0,0,차대차 - 측면충돌,중앙선침범,건조,맑음,기타 - 기타,특수,남,35세,상해없음,화물,남,34세,중상
2017070600100268,2017년 7월 6일 13시,목요일,전라남도 순천시 해룡면,중상사고,0,1,0,0,차대차 - 기타,안전운전불이행,젖음/습기,흐림,교차로 - 교차로안,승용,남,56세,상해없음,이륜,남,27세,중상
2017070600100269,2017년 7월 6일 13시,목요일,전라남도 장흥군 장흥읍,경상사고,0,0,1,0,차대차 - 측면충돌,안전운전불이행,젖음/습기,비,교차로 - 교차로안,승용,남,55세,상해없음,승용,여,66세,경상
2017070600100294,2017년 7월 6일 14시,목요일,전라남도 영암군 학산면,경상사고,0,0,2,0,차량단독 - 공작물충돌,안전운전불이행,젖음/습기,비,단일로 - 기타,승용,여,22세,상해없음,,,,
2017070600100295,2017년 7월 6일 14시,목요일,전라남도 영암군 영암읍,경상사고,0,0,1,0,차대차 - 측면충돌,안전운전불이행,젖음/습기,비,교차로 - 교차로안,승용,남,69세,상해없음,승용,여,55세,경상
2017070600100385,2017년 7월 6일 17시,목요일,전라남도 여수시 학동,경상사고,0,0,1,0,차대차 - 추돌,안전거리미확보,젖음/습기,비,교차로 - 교차로부근,승용,남,56세,기타불명,화물,남,53세,경상
2017070600100418,2017년 7월 6일 18시,목요일,전라남도 여수시 문수동,경상사고,0,0,1,0,차대사람 - 횡단중,보행자보호의무위반,건조,맑음,단일로 - 기타,승용,여,47세,상해없음,보행자,남,62세,경상
2017070600100419,2017년 7월 6일 18시,목요일,전라남도 순천시 연향동,부상신고사고,0,0,0,1,차대차 - 측면충돌,직진우회전진행방해,젖음/습기,비,교차로 - 교차로안,이륜,남,17세,부상신고,승용,남,33세,상해없음
2017070600100420,2017년 7월 6일 18시,목요일,전라남도 순천시 조례동,중상사고,0,1,0,0,차대차 - 측면충돌,직진우회전진행방해,젖음/습기,비,교차로 - 교차로안,승용,남,35세,상해없음,승용,여,54세,중상
2017070600100452,2017년 7월 6일 19시,목요일,전라남도 목포시 산정동,경상사고,0,0,1,0,차대차 - 기타,차로위반,건조,맑음,교차로 - 교차로부근,승용,남,62세,상해없음,이륜,남,16세,경상
2017070600100453,2017년 7월 6일 19시,목요일,전라남도 광양시 중동,부상신고사고,0,0,0,1,차대차 - 기타,교차로운행방법위반,젖음/습기,비,교차로 - 교차로안,승용,남,65세,상해없음,원동기,남,47세,부상신고
2017070600100517,2017년 7월 6일 21시,목요일,전라남도 여수시 신월동,경상사고,0,0,1,0,차대차 - 추돌,안전운전불이행,젖음/습기,비,교차로 - 교차로부근,화물,남,42세,상해없음,승용,여,50세,경상
2017070600100551,2017년 7월 6일 22시,목요일,전라남도 여수시 충무동,경상사고,0,0,2,0,차대차 - 측면충돌,중앙선침범,건조,맑음,단일로 - 기타,승용,여,46세,상해없음,승용,남,30세,경상
2017070600100552,2017년 7월 6일 22시,목요일,전라남도 순천시 상사면,중상사고,0,1,0,0,차량단독 - 전도전복 - 전도,안전운전불이행,젖음/습기,흐림,단일로 - 기타,이륜,여,61세,중상,,,,
2017070600100553,2017년 7월 6일 22시,목요일,전라남도 영광군 법성면,경상사고,0,0,1,0,차대차 - 추돌,안전운전불이행,젖음/습기,흐림,단일로 - 기타,승용,남,32세,상해없음,승용,여,30세,경상
2017070700100027,2017년 7월 7일 00시,금요일,전라남도 해남군 옥천면,중상사고,0,1,1,0,차량단독 - 공작물충돌,안전운전불이행,젖음/습기,비,단일로 - 기타,승용,남,23세,경상,,,,
2017070700100048,2017년 7월 7일 02시,금요일,전라남도 순천시 교량동,사망사고,1,0,0,0,차대사람 - 횡단중,안전운전불이행,건조,흐림,교차로 - 교차로안,화물,여,57세,상해없음,보행자,여,81세,사망
2017070700100141,2017년 7월 7일 08시,금요일,전라남도 목포시 옥암동,경상사고,0,0,2,0,차대차 - 기타,안전거리미확보,기타,기타,단일로 - 기타,승용,여,29세,경상,승용,남,34세,경상
2017070700100142,2017년 7월 7일 08시,금요일,전라남도 순천시 조례동,경상사고,0,0,2,0,차대차 - 추돌,안전운전불이행,건조,맑음,교차로 - 교차로부근,승합,남,40세,상해없음,승용,남,71세,경상
2017070700100169,2017년 7월 7일 09시,금요일,전라남도 목포시 대양동,경상사고,0,0,2,0,차대차 - 추돌,안전운전불이행,건조,맑음,단일로 - 기타,화물,남,29세,상해없음,화물,여,50세,경상
2017070700100170,2017년 7월 7일 09시,금요일,전라남도 신안군 암태면,경상사고,0,0,2,0,차대차 - 측면충돌,안전운전불이행,건조,맑음,단일로 - 기타,승용,남,60세,상해없음,이륜,남,81세,경상
2017070700100171,2017년 7월 7일 09시,금요일,전라남도 순천시 해룡면,경상사고,0,0,2,0,차대차 - 측면충돌,신호위반,젖음/습기,비,교차로 - 교차로안,승용,여,44세,경상,승용,남,42세,경상
2017070700100172,2017년 7월 7일 09시,금요일,전라남도 해남군 해남읍,경상사고,0,0,3,0,차대차 - 측면충돌,교차로운행방법위반,건조,맑음,교차로 - 교차로안,화물,남,61세,상해없음,화물,남,56세,경상
2017070700100173,2017년 7월 7일 09시,금요일,전라남도 진도군 군내면,경상사고,0,0,1,0,차대차 - 측면충돌,직진우회전진행방해,건조,맑음,교차로 - 교차로안,승용,남,51세,상해없음,승용,남,61세,경상
2017070700100201,2017년 7월 7일 10시,금요일,전라남도 순천시 서면,경상사고,0,0,1,0,차대차 - 기타,교차로운행방법위반,젖음/습기,비,교차로 - 교차로안,화물,남,62세,상해없음,승용,남,44세,경상
2017070700100202,2017년 7월 7일 10시,금요일,전라남도 순천시 풍덕동,경상사고,0,0,2,0,차대차 - 추돌,안전운전불이행,젖음/습기,비,단일로 - 기타,승합,남,70세,상해없음,승용,남,53세,경상
2017070700100203,2017년 7월 7일 10시,금요일,전라남도 담양군 고서면,경상사고,0,0,1,0,차대차 - 측면충돌,안전운전불이행,건조,맑음,단일로 - 기타,화물,남,29세,상해없음,화물,여,46세,경상
2017070700100229,2017년 7월 7일 11시,금요일,전라남도 강진군 신전면,경상사고,0,0,1,0,차대차 - 측면충돌,중앙선침범,건조,맑음,단일로 - 기타,화물,남,66세,상해없음,화물,남,71세,경상
2017070700100250,2017년 7월 7일 12시,금요일,전라남도 장흥군 유치면,경상사고,0,0,1,0,차량단독 - 기타,안전운전불이행,건조,맑음,단일로 - 기타,승용,여,62세,경상,,,,
2017070700100251,2017년 7월 7일 12시,금요일,전라남도 진도군 의신면,경상사고,0,0,3,0,차대차 - 추돌,안전거리미확보,건조,맑음,교차로 - 교차로안,승용,남,77세,상해없음,승용,여,60세,상해없음
2017070700100326,2017년 7월 7일 15시,금요일,전라남도 나주시 남평읍,경상사고,0,0,5,1,차대차 - 측면충돌,직진우회전진행방해,건조,맑음,교차로 - 교차로안,승용,남,42세,경상,승용,남,54세,경상
2017070700100327,2017년 7월 7일 15시,금요일,전라남도 완도군 완도읍,경상사고,0,0,1,0,차대차 - 측면충돌,안전운전불이행,건조,맑음,단일로 - 기타,화물,남,32세,경상,승용,남,62세,상해없음
2017070700100359,2017년 7월 7일 16시,금요일,전라남도 목포시 상동,경상사고,0,0,1,0,차대차 - 기타,직진우회전진행방해,건조,맑음,교차로 - 교차로안,화물,남,63세,상해없음,승용,여,68세,경상
2017070700100401,2017년 7월 7일 17시,금요일,전라남도 목포시 상동,경상사고,0,0,1,0,차대차 - 후진중충돌,안전운전불이행,건조,맑음,단일로 - 기타,승합,여,39세,상해없음,승용,남,65세,경상
2017070700100402,2017년 7월 7일 17시,금요일,전라남도 순천시 조례동,경상사고,0,0,1,1,차대차 - 측면충돌,교차로운행방법위반,건조,맑음,교차로 - 교차로안,화물,남,44세,부상신고,승용,여,51세,경상
2017070700100403,2017년 7월 7일 17시,금요일,전라남도 나주시 중앙동,경상사고,0,0,1,0,차대차 - 측면충돌,직진우회전진행방해,건조,맑음,교차로 - 교차로부근,이륜,남,79세,상해없음,화물,남,36세,상해없음
2017070700100404,2017년 7월 7일 17시,금요일,전라남도 함평군 학교면,경상사고,0,0,1,0,차대차 - 후진중충돌,안전운전불이행,건조,맑음,교차로 - 교차로부근,화물,남,52세,상해없음,자전거,여,59세,경상
2017070700100454,2017년 7월 7일 18시,금요일,전라남도 여수시 신기동,중상사고,0,1,0,0,차대사람 - 길가장자리구역통행중,안전운전불이행,건조,흐림,단일로 - 기타,승용,남,20세,상해없음,보행자,남,59세,중상
2017070700100455,2017년 7월 7일 18시,금요일,전라남도 나주시 빛가람동,경상사고,0,0,1,0,차대사람 - 횡단중,보행자보호의무위반,건조,맑음,교차로 - 교차로횡단보도내,화물,남,53세,상해없음,보행자,남,7세,경상
2017070700100496,2017년 7월 7일 19시,금요일,전라남도 여수시 신기동,경상사고,0,0,1,0,차대차 - 측면충돌,교차로운행방법위반,젖음/습기,흐림,교차로 - 교차로안,승용,남,53세,상해없음,원동기,남,41세,경상
2017070700100497,2017년 7월 7일 19시,금요일,전라남도 장흥군 안양면,부상신고사고,0,0,0,1,차량단독 - 전도전복,안전운전불이행,건조,맑음,단일로 - 기타,농기계,남,78세,부상신고,미분류,미분류,미분류,미분류
2017070700100498,2017년 7월 7일 19시,금요일,전라남도 화순군 도곡면,경상사고,0,0,1,0,차대차 - 추돌,안전운전불이행,건조,흐림,교차로 - 교차로부근,승용,남,67세,상해없음,승용,남,35세,경상
2017070700100499,2017년 7월 7일 19시,금요일,전라남도 강진군 강진읍,부상신고사고,0,0,0,1,차대차 - 추돌,안전거리미확보,건조,맑음,교차로 - 교차로안,이륜,남,82세,부상신고,화물,남,61세,상해없음
2017070700100553,2017년 7월 7일 20시,금요일,전라남도 여수시 둔덕동,경상사고,0,0,1,0,차대사람 - 횡단중,보행자보호의무위반,젖음/습기,흐림,교차로 - 교차로횡단보도내,승합,남,61세,상해없음,보행자,남,40세,경상
2017070700100554,2017년 7월 7일 20시,금요일,전라남도 순천시 해룡면,중상사고,0,2,1,0,차대차 - 정면충돌,안전운전불이행,건조,맑음,교차로 - 교차로안,승용,남,69세,중상,승용,남,45세,경상
2017070700100555,2017년 7월 7일 20시,금요일,전라남도 완도군 완도읍,경상사고,0,0,3,0,차대차 - 측면충돌,교차로운행방법위반,건조,흐림,교차로 - 교차로안,승용,남,18세,상해없음,승용,남,31세,경상
2017070700100556,2017년 7월 7일 20시,금요일,전라남도 무안군 삼향읍,경상사고,0,0,1,0,차대차 - 기타,안전운전불이행,건조,맑음,교차로 - 교차로부근,자전거,남,14세,경상,화물,남,53세,기타불명
2017070700100598,2017년 7월 7일 21시,금요일,전라남도 목포시 상동,경상사고,0,0,2,0,차대차 - 측면충돌,직진우회전진행방해,건조,맑음,교차로 - 교차로안,승용,남,60세,경상,승용,남,33세,경상
2017070800100024,2017년 7월 8일 00시,토요일,전라남도 해남군 화원면,사망사고,1,3,0,0,차량단독 - 기타,안전운전불이행,건조,흐림,교차로 - 교차로부근,승용,남,36세,상해없음,,,,
2017070800100104,2017년 7월 8일 05시,토요일,전라남도 순천시 덕월동,중상사고,0,1,0,0,차량단독 - 전도전복,안전운전불이행,건조,맑음,단일로 - 기타,이륜,여,67세,중상,미분류,미분류,미분류,미분류
2017070800100105,2017년 7월 8일 05시,토요일,전라남도 순천시 연향동,경상사고,0,0,1,0,차대차 - 측면충돌,신호위반,건조,맑음,교차로 - 교차로안,승용,남,25세,기타불명,승용,남,35세,경상
2017070800100106,2017년 7월 8일 05시,토요일,전라남도 순천시 연향동,중상사고,0,1,0,0,차대차 - 측면충돌,안전운전불이행,건조,흐림,교차로 - 교차로안,승용,남,28세,상해없음,원동기,남,48세,중상
2017070800100149,2017년 7월 8일 08시,토요일,전라남도 장흥군 관산읍,중상사고,0,1,0,0,차대사람 - 기타,안전운전불이행,건조,맑음,단일로 - 기타,승용,여,55세,상해없음,보행자,남,55세,중상
2017070800100190,2017년 7월 8일 10시,토요일,전라남도 여수시 소라면,중상사고,0,1,0,0,차대차 - 추돌,안전운전불이행,건조,맑음,단일로 - 기타,승용,여,46세,상해없음,사륜오토바이(ATV),남,17세,중상
2017070800100218,2017년 7월 8일 11시,토요일,전라남도 고흥군 도양읍,중상사고,0,1,0,0,차대차 - 기타,안전운전불이행,건조,맑음,단일로 - 기타,이륜,남,56세,중상,화물,남,66세,상해없음
2017070800100245,2017년 7월 8일 12시,토요일,전라남도 영광군 법성면,경상사고,0,0,1,0,차대차 - 측면충돌,안전운전불이행,건조,맑음,단일로 - 기타,승용,남,21세,상해없음,자전거,남,18세,경상
2017070800100304,2017년 7월 8일 14시,토요일,전라남도 강진군 도암면,경상사고,0,0,3,0,차대차 - 기타,기타,건조,맑음,단일로 - 기타,화물,남,67세,상해없음,승용,남,30세,경상
2017070800100337,2017년 7월 8일 15시,토요일,전라남도 순천시 저전동,경상사고,0,0,1,0,차대사람 - 횡단중,신호위반,건조,맑음,단일로 - 기타,승용,여,44세,상해없음,보행자,여,18세,경상
2017070800100367,2017년 7월 8일 16시,토요일,전라남도 목포시 용당동,경상사고,0,0,3,0,차대차 - 측면충돌,직진우회전진행방해,젖음/습기,비,교차로 - 교차로안,승용,여,52세,경상,승용,남,52세,경상
2017070800100368,2017년 7월 8일 16시,토요일,전라남도 순천시 조례동,경상사고,0,0,2,0,차대차 - 추돌,안전운전불이행,건조,맑음,단일로 - 기타,승용,남,49세,상해없음,승용,여,44세,경상
2017070800100401,2017년 7월 8일 17시,토요일,전라남도 영광군 대마면,중상사고,0,1,2,0,차대차 - 추돌,안전거리미확보,건조,맑음,교차로 - 교차로부근,승용,남,46세,상해없음,승용,남,48세,상해없음
2017070800100439,2017년 7월 8일 18시,토요일,전라남도 목포시 상동,경상사고,0,0,4,0,차대차 - 추돌,안전거리미확보,젖음/습기,비,단일로 - 기타,화물,남,44세,상해없음,승용,남,29세,경상
2017070800100440,2017년 7월 8일 18시,토요일,전라남도 나주시 남평읍,중상사고,0,1,0,0,차대사람 - 기타,안전운전불이행,건조,맑음,단일로 - 기타,화물,남,52세,상해없음,보행자,여,85세,중상
2017070800100441,2017년 7월 8일 18시,토요일,전라남도 화순군 도곡면,경상사고,0,0,2,0,차대차 - 측면충돌,중앙선침범,건조,맑음,단일로 - 기타,승용,여,72세,상해없음,승용,남,29세,경상
2017070800100501,2017년 7월 8일 20시,토요일,전라남도 순천시 연향동,중상사고,0,1,0,0,차대사람 - 횡단중,신호위반,젖음/습기,비,교차로 - 교차로횡단보도내,승용,남,30세,상해없음,보행자,남,29세,중상
2017070800100525,2017년 7월 8일 21시,토요일,전라남도 순천시 연향동,경상사고,0,0,1,0,차대차 - 기타,신호위반,건조,맑음,교차로 - 교차로안,승용,남,37세,상해없음,원동기,남,21세,경상
2017070800100526,2017년 7월 8일 21시,토요일,전라남도 강진군 마량면,중상사고,0,1,0,0,차대사람 - 길가장자리구역통행중,안전운전불이행,건조,흐림,단일로 - 기타,승용,여,60세,상해없음,보행자,남,50세,중상
2017070800100560,2017년 7월 8일 22시,토요일,전라남도 광양시 광양읍,경상사고,0,0,1,0,차대차 - 후진중충돌,안전운전불이행,건조,맑음,교차로 - 교차로부근,승용,남,56세,상해없음,승용,남,53세,기타불명
2017070800100593,2017년 7월 8일 23시,토요일,전라남도 광양시 중동,경상사고,0,0,1,1,차대차 - 측면충돌,신호위반,젖음/습기,흐림,교차로 - 교차로안,원동기,남,43세,부상신고,승용,남,29세,경상
2017070900100043,2017년 7월 9일 02시,일요일,전라남도 여수시 광무동,중상사고,0,1,0,0,차대사람 - 차도통행중,안전운전불이행,건조,기타,단일로 - 기타,승용,남,46세,상해없음,보행자,남,27세,중상
2017070900100069,2017년 7월 9일 05시,일요일,전라남도 강진군 강진읍,경상사고,0,0,1,0,차량단독 - 공작물충돌,안전운전불이행,건조,맑음,단일로 - 기타,승용,남,57세,경상,,,,
2017070900100078,2017년 7월 9일 06시,일요일,전라남도 화순군 이양면,중상사고,0,2,0,1,차량단독 - 전도전복,과속,건조,맑음,단일로 - 기타,승용,남,30세,부상신고,미분류,미분류,미분류,미분류
2017070900100172,2017년 7월 9일 12시,일요일,전라남도 영암군 삼호읍,경상사고,0,0,2,1,차대차 - 추돌,안전운전불이행,건조,맑음,교차로 - 교차로부근,화물,남,75세,경상,화물,남,69세,경상
2017070900100199,2017년 7월 9일 13시,일요일,전라남도 광양시 광양읍,경상사고,0,0,2,1,차대차 - 측면충돌,직진우회전진행방해,젖음/습기,맑음,교차로 - 교차로안,승용,남,46세,부상신고,승용,여,30세,경상
2017070900100260,2017년 7월 9일 15시,일요일,전라남도 여수시 여서동,경상사고,0,0,1,0,차대차 - 측면충돌,안전거리미확보,건조,맑음,단일로 - 기타,승용,여,59세,상해없음,승용,여,55세,경상
2017070900100285,2017년 7월 9일 16시,일요일,전라남도 목포시 상동,경상사고,0,0,2,0,차대차 - 측면충돌,안전운전불이행,건조,맑음,단일로 - 기타,승용,남,42세,경상,이륜,남,21세,경상
2017070900100286,2017년 7월 9일 16시,일요일,전라남도 담양군 담양읍,경상사고,0,0,5,0,차대차 - 추돌,안전거리미확보,건조,맑음,교차로 - 교차로부근,승용,여,62세,상해없음,승용,남,41세,경상
2017070900100287,2017년 7월 9일 16시,일요일,전라남도 완도군 노화읍,사망사고,1,0,0,0,차대사람 - 기타,안전운전불이행,건조,흐림,단일로 - 기타,승합,남,49세,상해없음,보행자,여,68세,사망
2017070900100311,2017년 7월 9일 17시,일요일,전라남도 담양군 담양읍,경상사고,0,0,2,0,차대차 - 측면충돌,안전운전불이행,건조,맑음,기타 - 기타,승용,여,22세,상해없음,승용,남,23세,경상
2017070900100338,2017년 7월 9일 18시,일요일,전라남도 여수시 둔덕동,경상사고,0,0,1,0,차대차 - 기타,안전운전불이행,건조,맑음,교차로 - 교차로부근,승용,남,49세,상해없음,승용,남,44세,경상
2017070900100339,2017년 7월 9일 18시,일요일,전라남도 나주시 빛가람동,경상사고,0,0,1,0,차대차 - 측면충돌,직진우회전진행방해,건조,맑음,교차로 - 교차로안,승합,남,57세,상해없음,승용,남,29세,경상
2017070900100340,2017년 7월 9일 18시,일요일,전라남도 구례군 구례읍,경상사고,0,0,1,0,차대차 - 측면충돌,신호위반,건조,맑음,교차로 - 교차로안,승용,남,24세,상해없음,승용,남,50세,경상
2017070900100390,2017년 7월 9일 20시,일요일,전라남도 여수시 삼산면,중상사고,0,1,0,0,차량단독 - 전도전복,안전운전불이행,건조,맑음,단일로 - 교량,이륜,남,57세,중상,미분류,미분류,미분류,미분류
2017070900100418,2017년 7월 9일 21시,일요일,전라남도 목포시 산정동,중상사고,0,1,0,0,차대사람 - 차도통행중,안전운전불이행,건조,맑음,단일로 - 기타,이륜,남,17세,상해없음,보행자,여,76세,중상
2017070900100442,2017년 7월 9일 22시,일요일,전라남도 목포시 산정동,경상사고,0,0,5,0,차대차 - 기타,안전운전불이행,건조,맑음,교차로 - 교차로부근,승용,남,52세,상해없음,승용,남,35세,경상
2017071000100048,2017년 7월 10일 01시,월요일,전라남도 여수시 낙포동,경상사고,0,0,1,0,차대차 - 기타,안전운전불이행,건조,맑음,단일로 - 기타,승용,여,25세,상해없음,화물,남,53세,경상
2017071000100091,2017년 7월 10일 07시,월요일,전라남도 장흥군 장평면,경상사고,0,0,2,0,차대차 - 측면충돌,안전운전불이행,건조,맑음,단일로 - 기타,화물,남,60세,상해없음,화물,남,73세,경상
2017071000100159,2017년 7월 10일 09시,월요일,전라남도 목포시 용당동,경상사고,0,0,1,0,차대사람 - 기타,안전운전불이행,건조,맑음,단일로 - 기타,화물,남,31세,상해없음,보행자,남,74세,경상
2017071000100187,2017년 7월 10일 10시,월요일,전라남도 여수시 돌산읍,경상사고,0,0,1,0,차대차 - 측면충돌,안전운전불이행,건조,맑음,교차로 - 교차로안,화물,남,27세,상해없음,승용,남,27세,경상
2017071000100188,2017년 7월 10일 10시,월요일,전라남도 고흥군 두원면,경상사고,0,0,1,0,차대차 - 추돌,안전운전불이행,건조,맑음,단일로 - 기타,화물,남,51세,상해없음,화물,남,59세,경상
2017071000100189,2017년 7월 10일 10시,월요일,전라남도 강진군 마량면,경상사고,0,0,2,0,차대차 - 기타,안전운전불이행,젖음/습기,맑음,단일로 - 기타,승용,남,25세,경상,승용,여,61세,경상
2017071000100214,2017년 7월 10일 11시,월요일,전라남도 목포시 용해동,경상사고,0,0,1,0,차대차 - 정면충돌,안전운전불이행,건조,맑음,단일로 - 기타,자전거,남,77세,경상,승용,남,60세,상해없음
2017071000100215,2017년 7월 10일 11시,월요일,전라남도 순천시 연향동,경상사고,0,0,1,0,차대차 - 측면충돌,직진우회전진행방해,건조,맑음,교차로 - 교차로안,승합,남,63세,상해없음,승용,여,47세,경상
2017071000100333,2017년 7월 10일 15시,월요일,전라남도 해남군 계곡면,경상사고,0,0,1,0,차대차 - 추돌,안전운전불이행,건조,맑음,단일로 - 기타,화물,남,44세,상해없음,승용,남,55세,경상
2017071000100334,2017년 7월 10일 15시,월요일,전라남도 곡성군 옥과면,중상사고,0,1,0,0,차량단독 - 기타,안전운전불이행,건조,맑음,단일로 - 기타,화물,남,49세,중상,,,,
2017071000100368,2017년 7월 10일 16시,월요일,전라남도 해남군 현산면,부상신고사고,0,0,0,1,차량단독 - 전도전복,안전운전불이행,건조,맑음,단일로 - 기타,화물,여,60세,부상신고,미분류,미분류,미분류,미분류
2017071000100401,2017년 7월 10일 17시,월요일,전라남도 나주시 남내동,중상사고,0,1,1,0,차대차 - 추돌,안전운전불이행,건조,맑음,교차로 - 교차로부근,승용,여,47세,상해없음,승용,남,38세,경상
2017071000100402,2017년 7월 10일 17시,월요일,전라남도 영광군 군남면,사망사고,1,0,0,0,차대사람 - 기타,안전운전불이행,건조,맑음,교차로 - 교차로안,승용,남,69세,상해없음,보행자,남,68세,사망
2017071000100403,2017년 7월 10일 17시,월요일,전라남도 영광군 영광읍,부상신고사고,0,0,0,1,차량단독 - 전도전복 - 전도,안전운전불이행,건조,맑음,단일로 - 기타,원동기,남,54세,부상신고,,,,
2017071000100441,2017년 7월 10일 18시,월요일,전라남도 목포시 상동,중상사고,0,1,1,0,차대사람 - 횡단중,보행자보호의무위반,젖음/습기,비,단일로 - 기타,승용,여,53세,상해없음,보행자,남,9세,중상
2017071000100442,2017년 7월 10일 18시,월요일,전라남도 순천시 조례동,경상사고,0,0,1,0,차대차 - 추돌,안전운전불이행,젖음/습기,비,단일로 - 기타,화물,남,64세,상해없음,승용,여,48세,경상
2017071000100443,2017년 7월 10일 18시,월요일,전라남도 영광군 영광읍,부상신고사고,0,0,0,1,차대차 - 기타,기타,건조,맑음,단일로 - 기타,승합,남,32세,상해없음,원동기,남,54세,부상신고
2017071000100444,2017년 7월 10일 18시,월요일,전라남도 무안군 무안읍,경상사고,0,0,1,0,차대사람 - 길가장자리구역통행중,안전운전불이행,건조,맑음,단일로 - 기타,화물,남,58세,상해없음,보행자,남,8세,경상
2017071000100471,2017년 7월 10일 19시,월요일,전라남도 순천시 영동,중상사고,0,1,0,0,차대차 - 기타,안전운전불이행,건조,맑음,교차로 - 교차로안,자전거,남,68세,중상,화물,남,57세,상해없음
2017071000100499,2017년 7월 10일 20시,월요일,전라남도 목포시 산정동,사망사고,1,0,0,0,차대차 - 측면충돌,안전운전불이행,건조,맑음,단일로 - 기타,승합,남,56세,상해없음,자전거,남,75세,사망
2017071000100599,2017년 7월 10일 23시,월요일,전라남도 강진군 강진읍,경상사고,0,0,1,0,차대사람 - 기타,안전운전불이행,젖음/습기,비,교차로 - 교차로안,승용,남,25세,상해없음,보행자,남,41세,경상
2017071100100049,2017년 7월 11일 01시,화요일,전라남도 나주시 금천면,경상사고,0,0,1,0,차량단독 - 공작물충돌,안전운전불이행,기타,맑음,단일로 - 교량,승용,남,48세,경상,,,,
2017071100100134,2017년 7월 11일 08시,화요일,전라남도 목포시 상동,경상사고,0,0,1,0,차대차 - 기타,안전운전불이행,건조,맑음,교차로 - 교차로부근,승용,여,47세,상해없음,승용,여,57세,경상
2017071100100160,2017년 7월 11일 09시,화요일,전라남도 영암군 신북면,경상사고,0,0,1,0,차대차 - 측면충돌,안전운전불이행,건조,맑음,교차로 - 교차로부근,원동기,남,77세,경상,화물,남,52세,상해없음
2017071100100190,2017년 7월 11일 10시,화요일,전라남도 여수시 여서동,경상사고,0,0,1,0,차대차 - 측면충돌,안전운전불이행,건조,맑음,단일로 - 기타,승용,남,52세,상해없음,승용,남,45세,경상
2017071100100191,2017년 7월 11일 10시,화요일,전라남도 순천시 조례동,경상사고,0,0,1,0,차대차 - 추돌,안전운전불이행,건조,맑음,교차로 - 교차로부근,승용,남,57세,상해없음,승용,여,28세,경상