사고번호,사고일시,요일,시군구,사고내용,사망자수,중상자수,경상자수,부상신고자수,사고유형,법규위반,노면상태,기상상태,도로형태,가해운전자 차종,가해운전자 성별,가해운전자 연령,가해운전자 상해정도,피해운전자 차종,피해운전자 성별,피해운전자 연령,피해운전자 상해정도
2017071100100192,2017년 7월 11일 10시,화요일,전라남도 화순군 이양면,부상신고사고,0,0,0,1,차량단독 - 기타,안전운전불이행,건조,맑음,단일로 - 기타,승용,남,37세,부상신고,,,,
2017071100100252,2017년 7월 11일 12시,화요일,전라남도 여수시 화장동,경상사고,0,0,5,0,차대차 - 추돌,안전거리미확보,건조,맑음,단일로 - 기타,승용,남,36세,상해없음,승용,여,56세,경상
2017071100100253,2017년 7월 11일 12시,화요일,전라남도 화순군 도암면,중상사고,0,2,0,0,차대차 - 정면충돌,중앙선침범,건조,맑음,단일로 - 기타,승합,남,58세,중상,승용,여,57세,중상
2017071100100254,2017년 7월 11일 12시,화요일,전라남도 완도군 고금면,경상사고,0,0,2,0,차대차 - 측면충돌,안전운전불이행,건조,맑음,단일로 - 기타,화물,남,28세,상해없음,승용,남,58세,경상
2017071100100275,2017년 7월 11일 13시,화요일,전라남도 보성군 벌교읍,중상사고,0,1,1,0,차량단독 - 공작물충돌,교차로운행방법위반,건조,맑음,교차로 - 교차로부근,승용,여,48세,경상,,,,
2017071100100276,2017년 7월 11일 13시,화요일,전라남도 영암군 금정면,경상사고,0,0,2,0,차대차 - 측면충돌,기타,건조,맑음,교차로 - 교차로안,화물,남,57세,경상,승용,남,46세,상해없음
2017071100100306,2017년 7월 11일 14시,화요일,전라남도 완도군 신지면,경상사고,0,0,3,0,차대차 - 기타,중앙선침범,건조,흐림,단일로 - 기타,승용,남,26세,경상,화물,남,47세,경상
2017071100100346,2017년 7월 11일 15시,화요일,전라남도 해남군 현산면,경상사고,0,0,2,0,차대차 - 측면충돌,교차로운행방법위반,건조,맑음,교차로 - 교차로안,화물,남,60세,상해없음,화물,남,22세,경상
2017071100100347,2017년 7월 11일 15시,화요일,전라남도 담양군 담양읍,경상사고,0,0,1,0,차대차 - 측면충돌,불법유턴,건조,맑음,교차로 - 교차로안,자전거,남,68세,경상,화물,남,26세,상해없음
2017071100100348,2017년 7월 11일 15시,화요일,전라남도 무안군 삼향읍,경상사고,0,0,6,0,차대차 - 추돌,안전운전불이행,건조,맑음,교차로 - 교차로부근,승용,남,57세,상해없음,승용,여,32세,경상
2017071100100418,2017년 7월 11일 17시,화요일,전라남도 순천시 해룡면,경상사고,0,0,1,0,차대사람 - 기타,신호위반,건조,맑음,교차로 - 교차로안,승용,남,79세,상해없음,보행자,여,49세,경상
2017071100100419,2017년 7월 11일 17시,화요일,전라남도 화순군 화순읍,중상사고,0,1,0,0,차대사람 - 횡단중,보행자보호의무위반,건조,맑음,단일로 - 기타,승합,여,40세,상해없음,보행자,남,8세,중상
2017071100100462,2017년 7월 11일 18시,화요일,전라남도 광양시 중동,경상사고,0,0,4,0,차대차 - 측면충돌,교차로운행방법위반,건조,맑음,교차로 - 교차로안,승용,여,38세,경상,승용,남,57세,경상
2017071100100571,2017년 7월 11일 21시,화요일,전라남도 목포시 동명동,경상사고,0,0,1,0,차대차 - 기타,안전운전불이행,건조,맑음,교차로 - 교차로안,승용,남,35세,경상,승용,남,54세,상해없음
2017071200100015,2017년 7월 12일 00시,수요일,전라남도 목포시 용당동,경상사고,0,0,1,0,차대차 - 기타,신호위반,건조,맑음,교차로 - 교차로안,승용,남,47세,상해없음,원동기,남,19세,경상
2017071200100096,2017년 7월 12일 07시,수요일,전라남도 고흥군 도양읍,중상사고,0,1,0,0,차대차 - 측면충돌,교차로운행방법위반,건조,맑음,교차로 - 교차로안,승용,여,52세,상해없음,이륜,여,60세,중상
2017071200100164,2017년 7월 12일 09시,수요일,전라남도 여수시 안산동,경상사고,0,0,1,0,차대차 - 측면충돌,안전운전불이행,건조,맑음,단일로 - 기타,화물,여,52세,상해없음,자전거,남,79세,경상
2017071200100188,2017년 7월 12일 10시,수요일,전라남도 목포시 용당동,경상사고,0,0,2,0,차대차 - 측면충돌,직진우회전진행방해,건조,맑음,교차로 - 교차로안,승용,여,60세,경상,승용,남,68세,경상
2017071200100189,2017년 7월 12일 10시,수요일,전라남도 고흥군 동일면,경상사고,0,0,2,0,차대차 - 정면충돌,중앙선침범,건조,맑음,단일로 - 기타,승합,남,51세,상해없음,화물,남,54세,경상
2017071200100190,2017년 7월 12일 10시,수요일,전라남도 영암군 영암읍,중상사고,0,1,0,0,차대차 - 측면충돌,안전운전불이행,건조,맑음,교차로 - 교차로안,승용,여,69세,상해없음,이륜,남,88세,중상
2017071200100191,2017년 7월 12일 10시,수요일,전라남도 곡성군 곡성읍,중상사고,0,2,0,0,차대차 - 측면충돌,교차로운행방법위반,건조,맑음,교차로 - 교차로안,화물,남,71세,상해없음,이륜,남,78세,중상
2017071200100192,2017년 7월 12일 10시,수요일,전라남도 광양시 태인동,중상사고,0,2,0,0,차대차 - 추돌,안전운전불이행,건조,맑음,교차로 - 교차로부근,화물,남,58세,중상,화물,남,55세,중상
2017071200100218,2017년 7월 12일 11시,수요일,전라남도 목포시 상동,경상사고,0,0,1,0,차대차 - 측면충돌,안전운전불이행,건조,맑음,교차로 - 교차로부근,승용,여,35세,상해없음,승용,남,55세,경상
2017071200100219,2017년 7월 12일 11시,수요일,전라남도 여수시 선원동,경상사고,0,0,2,0,차대차 - 측면충돌,안전운전불이행,건조,맑음,교차로 - 교차로안,승용,여,44세,경상,승용,남,42세,경상
2017071200100220,2017년 7월 12일 11시,수요일,전라남도 화순군 이양면,경상사고,0,0,1,0,차량단독 - 공작물충돌,안전운전불이행,건조,맑음,단일로 - 기타,승용,남,64세,경상,,,,
2017071200100265,2017년 7월 12일 13시,수요일,전라남도 순천시 풍덕동,경상사고,0,0,3,0,차대차 - 측면충돌,직진우회전진행방해,건조,맑음,교차로 - 교차로안,승용,여,37세,경상,승용,남,66세,경상
2017071200100329,2017년 7월 12일 15시,수요일,전라남도 순천시 상사면,경상사고,0,0,1,0,차대차 - 추돌,안전거리미확보,건조,맑음,단일로 - 기타,화물,남,44세,상해없음,승용,남,71세,상해없음
2017071200100330,2017년 7월 12일 15시,수요일,전라남도 강진군 칠량면,경상사고,0,0,5,0,차대차 - 측면충돌,안전운전불이행,건조,맑음,단일로 - 기타,화물,남,67세,경상,승용,남,69세,경상
2017071200100363,2017년 7월 12일 16시,수요일,전라남도 순천시 조례동,중상사고,0,1,0,0,차대사람 - 횡단중,안전운전불이행,건조,맑음,단일로 - 기타,승용,남,32세,상해없음,보행자,남,13세,중상
2017071200100411,2017년 7월 12일 17시,수요일,전라남도 목포시 산정동,경상사고,0,0,1,0,차대차 - 기타,안전운전불이행,건조,맑음,기타 - 기타,승용,여,46세,기타불명,자전거,남,68세,경상
2017071200100412,2017년 7월 12일 17시,수요일,전라남도 순천시 덕암동,경상사고,0,0,1,0,차대차 - 기타,안전운전불이행,건조,맑음,교차로 - 교차로안,화물,남,59세,상해없음,승용,여,56세,경상
2017071200100413,2017년 7월 12일 17시,수요일,전라남도 영암군 삼호읍,경상사고,0,0,1,0,차대차 - 측면충돌,안전운전불이행,건조,맑음,교차로 - 교차로부근,승용,남,50세,상해없음,이륜,남,59세,경상
2017071200100462,2017년 7월 12일 18시,수요일,전라남도 여수시 소호동,경상사고,0,0,1,0,차량단독 - 전도전복,안전운전불이행,건조,맑음,단일로 - 기타,자전거,남,49세,경상,미분류,미분류,미분류,미분류
2017071200100463,2017년 7월 12일 18시,수요일,전라남도 나주시 왕곡면,경상사고,0,0,4,0,차대차 - 기타,중앙선침범,건조,맑음,단일로 - 기타,승합,남,38세,경상,화물,남,56세,경상
2017071200100464,2017년 7월 12일 18시,수요일,전라남도 영광군 법성면,경상사고,0,0,1,0,차대차 - 측면충돌,직진우회전진행방해,건조,맑음,교차로 - 교차로안,화물,남,65세,상해없음,자전거,남,66세,경상
2017071200100512,2017년 7월 12일 19시,수요일,전라남도 목포시 상동,경상사고,0,0,1,0,차대차 - 기타,안전운전불이행,건조,맑음,단일로 - 기타,이륜,남,41세,경상,승용,남,27세,상해없음
2017071200100513,2017년 7월 12일 19시,수요일,전라남도 영광군 홍농읍,경상사고,0,0,1,0,차대차 - 측면충돌,직진우회전진행방해,건조,맑음,교차로 - 교차로안,화물,남,58세,상해없음,화물,남,62세,상해없음
2017071200100544,2017년 7월 12일 20시,수요일,전라남도 목포시 산정동,경상사고,0,0,2,0,차대차 - 기타,교차로운행방법위반,건조,맑음,교차로 - 교차로안,승용,여,64세,상해없음,승용,여,27세,경상
2017071200100545,2017년 7월 12일 20시,수요일,전라남도 영암군 삼호읍,경상사고,0,0,1,0,차대사람 - 길가장자리구역통행중,안전운전불이행,건조,맑음,주차장 - 주차장,승용,여,41세,상해없음,보행자,여,37세,경상
2017071200100599,2017년 7월 12일 22시,수요일,전라남도 목포시 옥암동,중상사고,0,1,0,0,차대사람 - 횡단중,안전운전불이행,건조,맑음,단일로 - 기타,승합,남,43세,상해없음,보행자,남,58세,중상
2017071200100600,2017년 7월 12일 22시,수요일,전라남도 목포시 상동,경상사고,0,0,3,0,차대차 - 측면충돌,안전거리미확보,건조,맑음,단일로 - 기타,승용,남,68세,경상,승용,여,44세,경상
2017071200100601,2017년 7월 12일 22시,수요일,전라남도 여수시 소호동,경상사고,0,0,1,0,차대사람 - 횡단중,안전운전불이행,건조,맑음,교차로 - 교차로안,승용,남,51세,기타불명,보행자,남,21세,경상
2017071200100630,2017년 7월 12일 23시,수요일,전라남도 순천시 조곡동,경상사고,0,0,1,0,차대차 - 측면충돌,안전운전불이행,건조,맑음,단일로 - 기타,승용,남,22세,상해없음,승용,여,50세,경상
2017071200100631,2017년 7월 12일 23시,수요일,전라남도 고흥군 풍양면,중상사고,0,1,2,0,차대차 - 측면충돌,교차로운행방법위반,건조,맑음,교차로 - 교차로안,승용,남,51세,경상,승용,여,55세,중상
2017071300100046,2017년 7월 13일 01시,목요일,전라남도 고흥군 동강면,경상사고,0,0,1,1,차대차 - 추돌,안전운전불이행,건조,맑음,단일로 - 기타,승용,남,56세,부상신고,승용,남,48세,경상
2017071300100067,2017년 7월 13일 06시,목요일,전라남도 목포시 옥암동,경상사고,0,0,1,0,차대차 - 기타,안전운전불이행,건조,맑음,단일로 - 기타,승용,여,35세,상해없음,자전거,여,23세,경상
2017071300100098,2017년 7월 13일 07시,목요일,전라남도 장흥군 장흥읍,중상사고,0,1,0,0,차대사람 - 횡단중,안전운전불이행,건조,맑음,교차로 - 교차로안,화물,여,55세,상해없음,보행자,여,87세,중상
2017071300100122,2017년 7월 13일 08시,목요일,전라남도 목포시 연산동,경상사고,0,0,1,0,차대차 - 측면충돌,교차로운행방법위반,건조,맑음,교차로 - 교차로안,특수,남,48세,상해없음,승용,남,56세,경상
2017071300100123,2017년 7월 13일 08시,목요일,전라남도 순천시 용당동,부상신고사고,0,0,0,1,차대차 - 측면충돌,안전운전불이행,건조,맑음,단일로 - 기타,승용,남,47세,상해없음,승용,여,35세,부상신고
2017071300100184,2017년 7월 13일 10시,목요일,전라남도 화순군 화순읍,경상사고,0,0,1,0,차대사람 - 횡단중,안전운전불이행,건조,맑음,교차로 - 교차로부근,승용,남,48세,상해없음,보행자,여,82세,경상
2017071300100185,2017년 7월 13일 10시,목요일,전라남도 담양군 수북면,중상사고,0,1,0,0,차량단독 - 전도전복 - 전도,안전운전불이행,건조,맑음,단일로 - 기타,사륜오토바이(ATV),여,78세,중상,,,,
2017071300100186,2017년 7월 13일 10시,목요일,전라남도 광양시 다압면,중상사고,0,1,0,0,차대차 - 정면충돌,안전운전불이행,건조,맑음,단일로 - 기타,화물,남,72세,상해없음,자전거,남,50세,중상
2017071300100187,2017년 7월 13일 10시,목요일,전라남도 광양시 광양읍,경상사고,0,0,1,1,차대차 - 측면충돌,안전거리미확보,건조,맑음,단일로 - 기타,승용,여,26세,부상신고,승합,남,64세,상해없음
2017071300100266,2017년 7월 13일 13시,목요일,전라남도 순천시 풍덕동,경상사고,0,0,1,0,차대차 - 측면충돌,안전운전불이행,건조,맑음,교차로 - 교차로안,승용,남,27세,상해없음,승용,여,64세,경상
2017071300100267,2017년 7월 13일 13시,목요일,전라남도 함평군 해보면,경상사고,0,0,3,0,차대차 - 측면충돌,과속,건조,맑음,교차로 - 교차로안,화물,남,18세,경상,승용,남,62세,경상
2017071300100303,2017년 7월 13일 14시,목요일,전라남도 순천시 대룡동,경상사고,0,0,1,0,차대차 - 측면충돌,차로위반,건조,맑음,단일로 - 기타,승합,남,60세,상해없음,승용,여,31세,경상
2017071300100338,2017년 7월 13일 15시,목요일,전라남도 여수시 안산동,중상사고,0,1,0,0,차대차 - 추돌,안전운전불이행,건조,맑음,교차로 - 교차로부근,이륜,남,52세,상해없음,승용,남,70세,상해없음
2017071300100339,2017년 7월 13일 15시,목요일,전라남도 영암군 신북면,경상사고,0,0,1,0,차대차 - 기타,안전운전불이행,건조,맑음,단일로 - 기타,이륜,남,40세,경상,승용,여,41세,상해없음
2017071300100365,2017년 7월 13일 16시,목요일,전라남도 신안군 장산면,중상사고,0,1,1,0,차량단독 - 전도전복 - 전도,안전운전불이행,건조,맑음,단일로 - 기타,화물,남,19세,경상,,,,
2017071300100393,2017년 7월 13일 17시,목요일,전라남도 장성군 장성읍,경상사고,0,0,2,0,차대차 - 정면충돌,안전운전불이행,건조,맑음,단일로 - 기타,화물,남,34세,경상,승용,남,35세,상해없음
2017071300100434,2017년 7월 13일 18시,목요일,전라남도 목포시 용해동,경상사고,0,0,1,0,차대사람 - 횡단중,보행자보호의무위반,건조,맑음,단일로 - 기타,승용,여,31세,상해없음,보행자,남,9세,경상
2017071300100467,2017년 7월 13일 19시,목요일,전라남도 목포시 산정동,중상사고,0,1,0,0,차대차 - 측면충돌,교차로운행방법위반,건조,맑음,교차로 - 교차로안,승합,남,31세,상해없음,원동기,남,44세,중상
2017071300100495,2017년 7월 13일 20시,목요일,전라남도 고흥군 고흥읍,중상사고,0,1,0,0,차대사람 - 길가장자리구역통행중,안전운전불이행,건조,맑음,교차로 - 교차로부근,승용,남,47세,상해없음,보행자,여,76세,중상
2017071300100524,2017년 7월 13일 21시,목요일,전라남도 여수시 소라면,중상사고,0,1,0,0,차대사람 - 횡단중,안전운전불이행,건조,맑음,교차로 - 교차로안,승용,여,42세,상해없음,보행자,여,62세,중상
2017071300100554,2017년 7월 13일 22시,목요일,전라남도 목포시 상동,중상사고,0,1,0,0,차대차 - 측면충돌,안전운전불이행,건조,맑음,단일로 - 기타,승용,남,22세,상해없음,원동기,남,42세,중상
2017071300100555,2017년 7월 13일 22시,목요일,전라남도 나주시 송월동,경상사고,0,0,2,0,차대차 - 측면충돌,신호위반,건조,맑음,교차로 - 교차로안,승용,여,25세,경상,승용,여,50세,경상
2017071400100048,2017년 7월 14일 02시,금요일,전라남도 순천시 연향동,부상신고사고,0,0,0,1,차대사람 - 횡단중,안전운전불이행,건조,맑음,단일로 - 기타,기타불명,기타불명,미분류,기타불명,보행자,남,43세,부상신고
2017071400100049,2017년 7월 14일 02시,금요일,전라남도 보성군 문덕면,중상사고,0,1,0,0,차량단독 - 전도전복 - 전도,안전운전불이행,건조,맑음,교차로 - 교차로안,화물,남,63세,중상,,,,
2017071400100102,2017년 7월 14일 07시,금요일,전라남도 고흥군 풍양면,중상사고,0,3,0,0,차대차 - 기타,직진우회전진행방해,건조,맑음,교차로 - 교차로안,승용,남,48세,중상,화물,남,59세,중상
2017071400100138,2017년 7월 14일 08시,금요일,전라남도 목포시 옥암동,경상사고,0,0,1,0,차대차 - 측면충돌,안전운전불이행,건조,맑음,교차로 - 교차로부근,승용,여,43세,기타불명,승용,남,57세,상해없음
2017071400100139,2017년 7월 14일 08시,금요일,전라남도 화순군 도곡면,중상사고,0,1,2,0,차대차 - 측면충돌,신호위반,젖음/습기,비,교차로 - 교차로안,건설기계,남,55세,상해없음,승용,남,36세,경상
2017071400100168,2017년 7월 14일 09시,금요일,전라남도 목포시 산정동,경상사고,0,0,1,0,차대차 - 기타,안전운전불이행,건조,맑음,교차로 - 교차로안,자전거,남,74세,경상,승용,남,42세,상해없음
2017071400100169,2017년 7월 14일 09시,금요일,전라남도 순천시 서면,경상사고,0,0,1,0,차대차 - 측면충돌,안전운전불이행,건조,맑음,교차로 - 교차로안,승용,남,65세,상해없음,특수,남,51세,상해없음
2017071400100170,2017년 7월 14일 09시,금요일,전라남도 해남군 해남읍,경상사고,0,0,2,0,차대차 - 측면충돌,교차로운행방법위반,건조,맑음,교차로 - 교차로안,승용,여,35세,경상,승용,남,57세,경상
2017071400100171,2017년 7월 14일 09시,금요일,전라남도 담양군 창평면,중상사고,0,1,0,0,차대사람 - 보도통행중,안전운전불이행,건조,맑음,단일로 - 기타,화물,남,60세,상해없음,보행자,남,69세,중상
2017071400100172,2017년 7월 14일 09시,금요일,전라남도 담양군 대전면,경상사고,0,0,1,0,차대차 - 추돌,안전거리미확보,건조,맑음,단일로 - 기타,승용,남,69세,상해없음,승용,여,35세,경상
2017071400100201,2017년 7월 14일 10시,금요일,전라남도 여수시 학동,경상사고,0,0,1,0,차대사람 - 보도통행중,안전운전불이행,건조,맑음,단일로 - 기타,승용,남,36세,상해없음,보행자,남,31세,경상
2017071400100231,2017년 7월 14일 11시,금요일,전라남도 해남군 해남읍,중상사고,0,1,0,0,차대차 - 측면충돌,안전운전불이행,건조,맑음,단일로 - 기타,승용,여,62세,상해없음,이륜,남,64세,중상
2017071400100247,2017년 7월 14일 12시,금요일,전라남도 장성군 북하면,경상사고,0,0,2,0,차대차 - 측면충돌,교차로운행방법위반,건조,맑음,교차로 - 교차로안,승용,남,69세,상해없음,승용,남,38세,경상
2017071400100275,2017년 7월 14일 13시,금요일,전라남도 여수시 충무동,경상사고,0,0,2,0,차대차 - 추돌,안전운전불이행,건조,맑음,단일로 - 기타,승용,여,30세,상해없음,승용,남,25세,경상
2017071400100276,2017년 7월 14일 13시,금요일,전라남도 순천시 연향동,경상사고,0,0,2,0,차대차 - 기타,교차로운행방법위반,건조,맑음,교차로 - 교차로안,승용,여,34세,상해없음,승용,남,56세,경상
2017071400100304,2017년 7월 14일 14시,금요일,전라남도 목포시 상동,중상사고,0,1,0,0,차대차 - 측면충돌,안전운전불이행,건조,맑음,단일로 - 기타,이륜,남,45세,중상,승용,남,62세,상해없음
2017071400100305,2017년 7월 14일 14시,금요일,전라남도 무안군 망운면,중상사고,0,1,0,0,차량단독 - 전도전복 - 전도,안전운전불이행,젖음/습기,흐림,단일로 - 기타,이륜,남,61세,중상,,,,
2017071400100341,2017년 7월 14일 15시,금요일,전라남도 무안군 무안읍,경상사고,0,0,1,0,차대차 - 추돌,안전운전불이행,건조,맑음,교차로 - 교차로부근,승용,남,68세,상해없음,화물,남,37세,경상
2017071400100378,2017년 7월 14일 16시,금요일,전라남도 화순군 화순읍,경상사고,0,0,1,0,차대차 - 측면충돌,교차로운행방법위반,건조,맑음,교차로 - 교차로안,승용,남,63세,상해없음,화물,남,51세,상해없음
2017071400100409,2017년 7월 14일 17시,금요일,전라남도 목포시 산정동,경상사고,0,0,1,0,차대사람 - 횡단중,보행자보호의무위반,건조,맑음,단일로 - 기타,승용,남,52세,상해없음,보행자,남,7세,경상
2017071400100410,2017년 7월 14일 17시,금요일,전라남도 화순군 능주면,경상사고,0,0,1,0,차대차 - 측면충돌,안전운전불이행,젖음/습기,비,단일로 - 기타,화물,남,41세,상해없음,승용,남,40세,경상
2017071400100411,2017년 7월 14일 17시,금요일,전라남도 담양군 대덕면,사망사고,1,0,0,0,차량단독 - 도로외이탈 - 추락,안전운전불이행,젖음/습기,비,단일로 - 기타,승용,남,59세,사망,,,,
2017071400100456,2017년 7월 14일 18시,금요일,전라남도 여수시 봉산동,경상사고,0,0,1,0,차대차 - 측면충돌,차로위반,건조,맑음,교차로 - 교차로부근,승용,남,59세,상해없음,이륜,남,19세,경상
2017071400100457,2017년 7월 14일 18시,금요일,전라남도 순천시 연향동,경상사고,0,0,1,0,차대차 - 측면충돌,안전거리미확보,건조,맑음,단일로 - 기타,승용,여,58세,상해없음,승용,여,53세,경상
2017071400100458,2017년 7월 14일 18시,금요일,전라남도 화순군 화순읍,경상사고,0,0,1,0,차대차 - 추돌,안전거리미확보,건조,맑음,단일로 - 기타,승용,남,29세,상해없음,승용,여,38세,경상
2017071400100459,2017년 7월 14일 18시,금요일,전라남도 광양시 중동,경상사고,0,0,1,0,차대차 - 측면충돌,신호위반,건조,맑음,교차로 - 교차로안,승용,여,48세,상해없음,승용,남,51세,경상
2017071400100525,2017년 7월 14일 20시,금요일,전라남도 무안군 청계면,경상사고,0,0,1,0,차대사람 - 차도통행중,안전운전불이행,건조,맑음,단일로 - 기타,승용,여,42세,상해없음,보행자,남,61세,경상
2017071500100065,2017년 7월 15일 02시,토요일,전라남도 여수시 오림동,경상사고,0,0,1,0,차대차 - 정면충돌,신호위반,건조,맑음,교차로 - 교차로안,승용,남,22세,상해없음,승용,남,70세,경상
2017071500100115,2017년 7월 15일 05시,토요일,전라남도 여수시 연등동,중상사고,0,1,0,0,차대차 - 추돌,안전운전불이행,건조,맑음,단일로 - 기타,승용,남,38세,중상,승합,남,66세,기타불명
2017071500100142,2017년 7월 15일 07시,토요일,전라남도 화순군 남면,중상사고,0,1,0,0,차대사람 - 횡단중,안전운전불이행,젖음/습기,흐림,교차로 - 교차로안,화물,남,54세,상해없음,보행자,여,80세,중상
2017071500100161,2017년 7월 15일 08시,토요일,전라남도 나주시 노안면,경상사고,0,0,1,0,차대차 - 측면충돌,직진우회전진행방해,젖음/습기,흐림,교차로 - 교차로안,농기계,남,65세,경상,승용,남,76세,상해없음
2017071500100177,2017년 7월 15일 09시,토요일,전라남도 광양시 광양읍,경상사고,0,0,1,0,차대사람 - 횡단중,안전운전불이행,건조,맑음,단일로 - 기타,승용,남,43세,상해없음,보행자,남,17세,경상
2017071500100264,2017년 7월 15일 12시,토요일,전라남도 영암군 삼호읍,중상사고,0,1,1,0,차대차 - 추돌,안전거리미확보,젖음/습기,흐림,교차로 - 교차로부근,화물,남,60세,상해없음,화물,남,33세,경상
2017071500100265,2017년 7월 15일 12시,토요일,전라남도 곡성군 오산면,중상사고,0,1,0,0,차대차 - 측면충돌,안전운전불이행,젖음/습기,비,교차로 - 교차로안,승용,남,35세,상해없음,승용,남,52세,중상
2017071500100293,2017년 7월 15일 13시,토요일,전라남도 순천시 해룡면,경상사고,0,0,1,0,차대차 - 추돌,안전운전불이행,건조,맑음,단일로 - 기타,승용,남,22세,상해없음,특수,남,54세,경상
2017071500100294,2017년 7월 15일 13시,토요일,전라남도 나주시 이창동,중상사고,0,1,0,0,차대차 - 측면충돌,안전거리미확보,건조,맑음,단일로 - 기타,원동기,남,52세,중상,승용,남,46세,상해없음
2017071500100326,2017년 7월 15일 14시,토요일,전라남도 영광군 영광읍,경상사고,0,0,1,0,차대차 - 기타,안전운전불이행,건조,맑음,교차로 - 교차로안,화물,남,73세,상해없음,승용,남,40세,경상
2017071500100360,2017년 7월 15일 15시,토요일,전라남도 영암군 삼호읍,경상사고,0,0,3,0,차대차 - 추돌,안전거리미확보,젖음/습기,흐림,단일로 - 기타,승용,여,55세,경상,승용,남,44세,경상
2017071500100361,2017년 7월 15일 15시,토요일,전라남도 장성군 동화면,중상사고,0,1,0,0,차대차 - 측면충돌,안전운전불이행,건조,맑음,단일로 - 기타,이륜,여,74세,중상,화물,남,46세,상해없음
2017071500100393,2017년 7월 15일 16시,토요일,전라남도 해남군 화원면,경상사고,0,0,1,0,차대차 - 추돌,안전운전불이행,건조,맑음,단일로 - 기타,사륜오토바이(ATV),남,57세,경상,승용,남,34세,상해없음
2017071500100394,2017년 7월 15일 16시,토요일,전라남도 화순군 화순읍,경상사고,0,0,1,0,차대차 - 측면충돌,교차로운행방법위반,젖음/습기,비,교차로 - 교차로안,승용,남,20세,상해없음,승용,남,36세,경상
2017071500100431,2017년 7월 15일 17시,토요일,전라남도 목포시 산정동,경상사고,0,0,2,0,차대차 - 측면충돌,신호위반,건조,맑음,교차로 - 교차로안,승용,남,59세,상해없음,승용,남,67세,경상
2017071500100432,2017년 7월 15일 17시,토요일,전라남도 순천시 별량면,경상사고,0,0,1,0,차대차 - 추돌,안전운전불이행,건조,맑음,교차로 - 교차로안,화물,남,63세,상해없음,승용,여,58세,경상
2017071500100488,2017년 7월 15일 19시,토요일,전라남도 순천시 풍덕동,경상사고,0,0,2,0,차대차 - 측면충돌,교차로운행방법위반,건조,맑음,교차로 - 교차로안,승용,여,25세,경상,승용,남,29세,경상
2017071500100489,2017년 7월 15일 19시,토요일,전라남도 광양시 마동,경상사고,0,0,1,0,차대차 - 측면충돌,직진우회전진행방해,건조,맑음,교차로 - 교차로안,승용,여,49세,상해없음,이륜,남,46세,경상
2017071500100523,2017년 7월 15일 20시,토요일,전라남도 목포시 상동,경상사고,0,0,1,0,차대차 - 기타,안전운전불이행,건조,맑음,교차로 - 교차로안,승용,여,49세,상해없음,이륜,남,21세,경상
2017071500100524,2017년 7월 15일 20시,토요일,전라남도 목포시 상동,중상사고,0,1,0,0,차대차 - 측면충돌,중앙선침범,건조,맑음,단일로 - 기타,자전거,남,61세,중상,승용,남,52세,상해없음
2017071500100525,2017년 7월 15일 20시,토요일,전라남도 목포시 산정동,경상사고,0,0,1,0,차대차 - 측면충돌,안전운전불이행,건조,맑음,단일로 - 기타,승용,남,52세,상해없음,승용,남,53세,경상
2017071500100526,2017년 7월 15일 20시,토요일,전라남도 고흥군 봉래면,중상사고,0,1,0,0,차대차 - 측면충돌,안전운전불이행,건조,맑음,교차로 - 교차로횡단보도내,자전거,남,62세,중상,승용,여,52세,상해없음
2017071500100561,2017년 7월 15일 21시,토요일,전라남도 목포시 산정동,중상사고,0,1,0,0,차대사람 - 횡단중,안전운전불이행,건조,맑음,단일로 - 기타,승용,남,25세,상해없음,보행자,남,56세,중상
2017071500100562,2017년 7월 15일 21시,토요일,전라남도 여수시 주삼동,사망사고,1,0,0,0,차량단독 - 도로외이탈 - 추락,안전운전불이행,건조,맑음,교차로 - 교차로안,화물,남,60세,사망,,,,
2017071500100595,2017년 7월 15일 22시,토요일,전라남도 광양시 광영동,경상사고,0,0,1,0,차대차 - 측면충돌,안전운전불이행,건조,맑음,단일로 - 기타,승용,남,46세,상해없음,승합,남,45세,경상
2017071600100119,2017년 7월 16일 07시,일요일,전라남도 완도군 완도읍,경상사고,0,0,1,0,차대차 - 측면충돌,중앙선침범,건조,맑음,단일로 - 기타,화물,남,60세,상해없음,승용,여,24세,경상
2017071600100144,2017년 7월 16일 09시,일요일,전라남도 여수시 문수동,경상사고,0,0,2,1,차대차 - 추돌,안전운전불이행,건조,맑음,단일로 - 기타,이륜,남,24세,부상신고,승용,남,57세,경상
2017071600100145,2017년 7월 16일 09시,일요일,전라남도 강진군 강진읍,경상사고,0,0,1,0,차대차 - 추돌,직진우회전진행방해,건조,맑음,교차로 - 교차로안,이륜,남,54세,경상,승용,남,63세,상해없음
2017071600100184,2017년 7월 16일 11시,일요일,전라남도 보성군 벌교읍,중상사고,0,2,1,0,차대차 - 측면충돌,교차로운행방법위반,건조,맑음,교차로 - 교차로안,승용,여,62세,상해없음,승용,여,49세,경상
2017071600100219,2017년 7월 16일 12시,일요일,전라남도 순천시 조례동,경상사고,0,0,3,0,차대차 - 측면충돌,안전거리미확보,건조,맑음,단일로 - 기타,승용,남,52세,상해없음,승용,남,40세,경상
2017071600100244,2017년 7월 16일 13시,일요일,전라남도 순천시 동외동,중상사고,0,1,0,0,차량단독 - 전도전복,안전운전불이행,건조,맑음,단일로 - 기타,이륜,남,21세,중상,미분류,미분류,미분류,미분류