사고번호,사고일시,요일,시군구,사고내용,사망자수,중상자수,경상자수,부상신고자수,사고유형,법규위반,노면상태,기상상태,도로형태,가해운전자 차종,가해운전자 성별,가해운전자 연령,가해운전자 상해정도,피해운전자 차종,피해운전자 성별,피해운전자 연령,피해운전자 상해정도
2017071600100245,2017년 7월 16일 13시,일요일,전라남도 담양군 수북면,사망사고,2,0,0,0,차대차 - 측면충돌,안전운전불이행,건조,맑음,교차로 - 교차로안,승용,남,59세,사망,승합,남,56세,상해없음
2017071600100267,2017년 7월 16일 14시,일요일,전라남도 강진군 강진읍,경상사고,0,0,1,1,차대차 - 정면충돌,기타,건조,맑음,단일로 - 기타,승용,여,35세,부상신고,승용,여,23세,경상
2017071600100299,2017년 7월 16일 15시,일요일,전라남도 여수시 선원동,경상사고,0,0,2,0,차대차 - 기타,안전운전불이행,건조,맑음,교차로 - 교차로안,승용,여,42세,상해없음,화물,남,46세,상해없음
2017071600100300,2017년 7월 16일 15시,일요일,전라남도 나주시 금천면,중상사고,0,2,1,0,차대차 - 정면충돌,기타,건조,맑음,단일로 - 기타,화물,남,49세,경상,승용,남,49세,중상
2017071600100301,2017년 7월 16일 15시,일요일,전라남도 고흥군 고흥읍,중상사고,0,1,0,0,차대차 - 측면충돌,교차로운행방법위반,건조,맑음,교차로 - 교차로안,이륜,남,69세,중상,승용,남,55세,상해없음
2017071600100334,2017년 7월 16일 16시,일요일,전라남도 여수시 광무동,경상사고,0,0,1,0,차대차 - 측면충돌,교차로운행방법위반,건조,맑음,교차로 - 교차로안,화물,남,68세,상해없음,승용,여,59세,경상
2017071600100335,2017년 7월 16일 16시,일요일,전라남도 담양군 담양읍,사망사고,1,0,0,0,차대차 - 측면충돌,안전운전불이행,건조,맑음,단일로 - 기타,원동기,남,72세,사망,승용,남,44세,기타불명
2017071600100361,2017년 7월 16일 17시,일요일,전라남도 목포시 상동,경상사고,0,0,4,0,차대차 - 측면충돌,안전거리미확보,건조,맑음,단일로 - 기타,승용,남,75세,상해없음,승용,여,34세,경상
2017071600100388,2017년 7월 16일 18시,일요일,전라남도 여수시 중앙동,경상사고,0,0,2,0,차대차 - 추돌,안전운전불이행,건조,맑음,교차로 - 교차로안,승용,여,67세,상해없음,승용,여,50세,경상
2017071600100412,2017년 7월 16일 19시,일요일,전라남도 진도군 지산면,중상사고,0,1,0,0,차량단독 - 공작물충돌,안전운전불이행,건조,맑음,단일로 - 기타,승용,여,59세,상해없음,,,,
2017071600100444,2017년 7월 16일 20시,일요일,전라남도 나주시 삼영동,중상사고,0,1,0,0,차대차 - 측면충돌,신호위반,건조,맑음,교차로 - 교차로안,승용,여,36세,상해없음,자전거,남,57세,중상
2017071600100475,2017년 7월 16일 21시,일요일,전라남도 고흥군 동일면,경상사고,0,0,2,0,차대차 - 측면충돌,교차로운행방법위반,건조,맑음,교차로 - 교차로안,승용,남,25세,상해없음,승용,여,34세,경상
2017071600100476,2017년 7월 16일 21시,일요일,전라남도 영암군 삼호읍,중상사고,0,1,0,0,차대차 - 측면충돌,안전운전불이행,건조,맑음,교차로 - 교차로안,승용,남,49세,상해없음,승용,남,46세,중상
2017071700100040,2017년 7월 17일 01시,월요일,전라남도 목포시 연산동,경상사고,0,0,5,0,차대차 - 측면충돌,안전운전불이행,건조,맑음,단일로 - 기타,승용,여,40세,경상,승용,남,28세,경상
2017071700100054,2017년 7월 17일 03시,월요일,전라남도 담양군 남면,경상사고,0,0,1,0,차량단독 - 전도전복 - 전도,안전운전불이행,건조,맑음,단일로 - 기타,승용,남,46세,경상,,,,
2017071700100073,2017년 7월 17일 06시,월요일,전라남도 목포시 연산동,중상사고,0,1,0,0,차대차 - 측면충돌,직진우회전진행방해,건조,맑음,교차로 - 교차로안,승용,남,67세,상해없음,이륜,남,63세,중상
2017071700100074,2017년 7월 17일 06시,월요일,전라남도 순천시 낙안면,중상사고,0,1,0,0,차대차 - 측면충돌,중앙선침범,건조,맑음,단일로 - 기타,화물,남,67세,상해없음,원동기,남,66세,중상
2017071700100099,2017년 7월 17일 07시,월요일,전라남도 영암군 영암읍,경상사고,0,0,1,0,차대차 - 측면충돌,안전운전불이행,건조,맑음,교차로 - 교차로안,원동기,남,67세,경상,승용,남,57세,상해없음
2017071700100133,2017년 7월 17일 08시,월요일,전라남도 순천시 석현동,경상사고,0,0,1,0,차대차 - 기타,안전운전불이행,건조,맑음,교차로 - 교차로안,화물,남,39세,경상,승용,여,51세,기타불명
2017071700100134,2017년 7월 17일 08시,월요일,전라남도 순천시 덕암동,경상사고,0,0,1,0,차대차 - 기타,직진우회전진행방해,건조,맑음,교차로 - 교차로안,승용,남,56세,상해없음,승용,여,32세,경상
2017071700100135,2017년 7월 17일 08시,월요일,전라남도 나주시 빛가람동,경상사고,0,0,1,0,차대사람 - 횡단중,안전운전불이행,건조,맑음,기타 - 기타,기타불명,기타불명,미분류,기타불명,보행자,여,25세,경상
2017071700100136,2017년 7월 17일 08시,월요일,전라남도 담양군 수북면,경상사고,0,0,1,0,차대차 - 추돌,안전거리미확보,건조,맑음,교차로 - 교차로부근,화물,남,54세,상해없음,승용,여,39세,경상
2017071700100199,2017년 7월 17일 10시,월요일,전라남도 강진군 군동면,중상사고,0,1,2,0,차대차 - 측면충돌,직진우회전진행방해,건조,맑음,교차로 - 교차로안,승용,여,59세,경상,승용,남,53세,경상
2017071700100236,2017년 7월 17일 11시,월요일,전라남도 고흥군 도양읍,경상사고,0,0,2,0,차대차 - 기타,안전운전불이행,건조,맑음,단일로 - 기타,화물,남,66세,상해없음,농기계,남,50세,경상
2017071700100272,2017년 7월 17일 12시,월요일,전라남도 여수시 율촌면,중상사고,0,1,0,0,차대사람 - 기타,안전운전불이행,건조,맑음,단일로 - 기타,화물,남,59세,상해없음,보행자,남,22세,중상
2017071700100294,2017년 7월 17일 13시,월요일,전라남도 화순군 도곡면,경상사고,0,0,5,0,차대차 - 추돌,안전거리미확보,건조,맑음,단일로 - 기타,승용,남,56세,경상,승용,여,55세,경상
2017071700100325,2017년 7월 17일 14시,월요일,전라남도 여수시 신기동,경상사고,0,0,1,0,차대차 - 측면충돌,안전운전불이행,건조,맑음,단일로 - 기타,승용,남,72세,상해없음,승용,남,19세,경상
2017071700100362,2017년 7월 17일 15시,월요일,전라남도 여수시 봉산동,경상사고,0,0,1,0,차대차 - 정면충돌,중앙선침범,건조,맑음,단일로 - 기타,승용,남,54세,상해없음,화물,남,62세,경상
2017071700100363,2017년 7월 17일 15시,월요일,전라남도 고흥군 도양읍,중상사고,0,2,1,0,차대차 - 측면충돌,신호위반,건조,맑음,교차로 - 교차로안,화물,남,49세,경상,승용,여,31세,중상
2017071700100394,2017년 7월 17일 16시,월요일,전라남도 목포시 용해동,경상사고,0,0,1,0,차대차 - 측면충돌,직진우회전진행방해,건조,맑음,교차로 - 교차로안,승합,남,57세,상해없음,이륜,남,77세,경상
2017071700100395,2017년 7월 17일 16시,월요일,전라남도 장흥군 부산면,중상사고,0,1,1,0,차대차 - 정면충돌,안전운전불이행,건조,맑음,단일로 - 기타,화물,남,65세,상해없음,승용,남,57세,중상
2017071700100396,2017년 7월 17일 16시,월요일,전라남도 광양시 광양읍,중상사고,0,2,0,0,차대차 - 측면충돌,교차로운행방법위반,건조,맑음,교차로 - 교차로안,승합,남,51세,상해없음,이륜,남,18세,중상
2017071700100430,2017년 7월 17일 17시,월요일,전라남도 목포시 용당동,중상사고,0,1,1,0,차대차 - 측면충돌,안전운전불이행,젖음/습기,비,단일로 - 기타,승용,남,49세,경상,화물,남,25세,중상
2017071700100431,2017년 7월 17일 17시,월요일,전라남도 신안군 지도읍,경상사고,0,0,2,0,차대차 - 측면충돌,직진우회전진행방해,기타,비,교차로 - 교차로안,화물,남,53세,경상,승용,여,56세,경상
2017071700100432,2017년 7월 17일 17시,월요일,전라남도 여수시 돌산읍,중상사고,0,1,0,0,차대사람 - 횡단중,중앙선침범,건조,맑음,단일로 - 기타,이륜,남,20세,상해없음,보행자,여,80세,중상
2017071700100433,2017년 7월 17일 17시,월요일,전라남도 함평군 대동면,경상사고,0,0,1,0,차량단독 - 전도전복 - 전도,안전운전불이행,젖음/습기,비,단일로 - 기타,이륜,남,77세,경상,,,,
2017071700100434,2017년 7월 17일 17시,월요일,전라남도 장성군 남면,중상사고,0,1,0,0,차대사람 - 횡단중,보행자보호의무위반,젖음/습기,비,교차로 - 교차로횡단보도내,승용,여,32세,상해없음,보행자,여,77세,중상
2017071700100435,2017년 7월 17일 17시,월요일,전라남도 강진군 강진읍,경상사고,0,0,1,1,차대차 - 측면충돌,교차로운행방법위반,건조,맑음,교차로 - 교차로안,승용,남,50세,부상신고,화물,남,51세,상해없음
2017071700100475,2017년 7월 17일 18시,월요일,전라남도 목포시 산정동,경상사고,0,0,2,0,차대차 - 기타,안전운전불이행,건조,맑음,단일로 - 기타,승용,여,41세,상해없음,승용,남,21세,경상
2017071700100476,2017년 7월 17일 18시,월요일,전라남도 목포시 산정동,경상사고,0,0,1,0,차대차 - 측면충돌,안전운전불이행,젖음/습기,비,단일로 - 기타,승용,남,62세,상해없음,승용,여,40세,경상
2017071700100506,2017년 7월 17일 19시,월요일,전라남도 목포시 석현동,경상사고,0,0,3,1,차대차 - 측면충돌,중앙선침범,젖음/습기,비,단일로 - 기타,승용,남,25세,부상신고,승합,남,55세,상해없음
2017071700100507,2017년 7월 17일 19시,월요일,전라남도 여수시 선원동,경상사고,0,0,1,0,차대차 - 측면충돌,차로위반,젖음/습기,비,단일로 - 기타,승용,남,59세,상해없음,이륜,남,23세,경상
2017071700100508,2017년 7월 17일 19시,월요일,전라남도 여수시 충무동,경상사고,0,0,1,0,차대차 - 추돌,안전운전불이행,젖음/습기,비,단일로 - 기타,승용,남,24세,상해없음,승용,여,48세,경상
2017071700100566,2017년 7월 17일 21시,월요일,전라남도 광양시 마동,경상사고,0,0,1,0,차대차 - 측면충돌,안전거리미확보,젖음/습기,비,단일로 - 기타,이륜,여,58세,경상,승용,남,33세,상해없음
2017071700100595,2017년 7월 17일 22시,월요일,전라남도 목포시 산정동,중상사고,0,1,2,0,차대차 - 추돌,안전운전불이행,젖음/습기,흐림,교차로 - 교차로부근,승용,남,43세,상해없음,승용,남,56세,경상
2017071700100618,2017년 7월 17일 23시,월요일,전라남도 순천시 조례동,경상사고,0,0,2,0,차대차 - 추돌,안전운전불이행,젖음/습기,비,교차로 - 교차로부근,승용,남,42세,상해없음,승용,여,25세,경상
2017071800100028,2017년 7월 18일 00시,화요일,전라남도 순천시 조례동,경상사고,0,0,1,0,차대차 - 측면충돌,교차로운행방법위반,건조,맑음,교차로 - 교차로안,승용,남,58세,상해없음,승용,남,41세,경상
2017071800100029,2017년 7월 18일 00시,화요일,전라남도 영암군 삼호읍,중상사고,0,1,0,0,차대차 - 추돌,안전운전불이행,젖음/습기,비,교차로 - 교차로부근,승용,남,50세,상해없음,원동기,남,29세,중상
2017071800100030,2017년 7월 18일 00시,화요일,전라남도 담양군 대전면,경상사고,0,0,2,0,차대차 - 추돌,안전운전불이행,젖음/습기,비,단일로 - 기타,승용,남,29세,상해없음,승용,남,40세,경상
2017071800100044,2017년 7월 18일 01시,화요일,전라남도 목포시 산정동,경상사고,0,0,1,0,차대차 - 추돌,안전운전불이행,기타,비,교차로 - 교차로부근,기타불명,기타불명,미분류,기타불명,승용,남,39세,경상
2017071800100052,2017년 7월 18일 02시,화요일,전라남도 목포시 용해동,경상사고,0,0,2,0,차대차 - 측면충돌,신호위반,젖음/습기,비,교차로 - 교차로안,승용,남,33세,상해없음,승용,여,50세,경상
2017071800100053,2017년 7월 18일 02시,화요일,전라남도 여수시 봉산동,경상사고,0,0,1,0,차대차 - 추돌,안전운전불이행,젖음/습기,비,교차로 - 교차로부근,승용,남,32세,상해없음,승용,남,44세,상해없음
2017071800100058,2017년 7월 18일 03시,화요일,전라남도 담양군 금성면,사망사고,1,0,0,0,차량단독 - 공작물충돌,안전운전불이행,젖음/습기,흐림,단일로 - 기타,승용,남,52세,사망,,,,
2017071800100078,2017년 7월 18일 06시,화요일,전라남도 완도군 노화읍,중상사고,0,1,1,0,차량단독 - 공작물충돌,안전운전불이행,건조,맑음,단일로 - 기타,승용,여,65세,상해없음,,,,
2017071800100122,2017년 7월 18일 08시,화요일,전라남도 함평군 나산면,중상사고,0,1,0,0,차량단독 - 기타,안전운전불이행,젖음/습기,비,단일로 - 기타,승용,여,56세,중상,,,,
2017071800100123,2017년 7월 18일 08시,화요일,전라남도 광양시 도이동,중상사고,0,1,1,0,차대차 - 측면충돌,교차로운행방법위반,건조,맑음,교차로 - 교차로안,특수,남,61세,중상,특수,남,31세,경상
2017071800100149,2017년 7월 18일 09시,화요일,전라남도 순천시 해룡면,경상사고,0,0,2,0,차대차 - 측면충돌,안전운전불이행,건조,맑음,교차로 - 교차로부근,승용,여,58세,경상,승용,여,44세,경상
2017071800100179,2017년 7월 18일 10시,화요일,전라남도 광양시 광양읍,중상사고,0,1,0,0,차량단독 - 전도전복 - 전도,안전운전불이행,건조,맑음,단일로 - 기타,특수,남,39세,중상,,,,
2017071800100199,2017년 7월 18일 11시,화요일,전라남도 여수시 주삼동,중상사고,0,1,0,0,차대차 - 기타,안전운전불이행,건조,맑음,단일로 - 기타,화물,남,37세,상해없음,이륜,남,27세,중상
2017071800100200,2017년 7월 18일 11시,화요일,전라남도 곡성군 곡성읍,경상사고,0,0,1,0,차대차 - 측면충돌,교차로운행방법위반,건조,맑음,교차로 - 교차로안,이륜,남,84세,경상,화물,남,64세,상해없음
2017071800100256,2017년 7월 18일 13시,화요일,전라남도 나주시 남평읍,중상사고,0,1,1,0,차대차 - 측면충돌,교차로운행방법위반,건조,맑음,교차로 - 교차로안,화물,남,51세,경상,건설기계,남,56세,상해없음
2017071800100278,2017년 7월 18일 14시,화요일,전라남도 화순군 화순읍,경상사고,0,0,2,3,차대차 - 추돌,안전거리미확보,건조,흐림,교차로 - 교차로부근,건설기계,남,74세,상해없음,승용,남,64세,부상신고
2017071800100279,2017년 7월 18일 14시,화요일,전라남도 영암군 삼호읍,경상사고,0,0,3,0,차대차 - 측면충돌,안전운전불이행,건조,맑음,교차로 - 교차로안,승용,남,50세,경상,승용,남,27세,경상
2017071800100280,2017년 7월 18일 14시,화요일,전라남도 광양시 광양읍,경상사고,0,0,2,0,차대차 - 추돌,안전운전불이행,건조,맑음,교차로 - 교차로안,화물,남,22세,상해없음,승용,여,48세,경상
2017071800100349,2017년 7월 18일 16시,화요일,전라남도 여수시 학동,중상사고,0,2,0,0,차대차 - 측면충돌,안전운전불이행,건조,맑음,단일로 - 기타,승용,남,23세,상해없음,승용,남,39세,중상
2017071800100350,2017년 7월 18일 16시,화요일,전라남도 영암군 학산면,중상사고,0,2,4,0,차대차 - 측면충돌,신호위반,건조,맑음,교차로 - 교차로안,승용,남,69세,경상,승용,여,54세,경상
2017071800100351,2017년 7월 18일 16시,화요일,전라남도 강진군 도암면,중상사고,0,1,1,0,차량단독 - 기타,안전운전불이행,젖음/습기,흐림,교차로 - 교차로부근,화물,남,75세,경상,,,,
2017071800100376,2017년 7월 18일 17시,화요일,전라남도 강진군 강진읍,경상사고,0,0,1,0,차대차 - 기타,안전운전불이행,건조,맑음,단일로 - 기타,승용,남,84세,상해없음,이륜,여,42세,경상
2017071800100419,2017년 7월 18일 18시,화요일,전라남도 목포시 용당동,중상사고,0,1,0,0,차대차 - 측면충돌,안전운전불이행,건조,맑음,단일로 - 기타,승용,남,43세,상해없음,자전거,남,56세,중상
2017071800100448,2017년 7월 18일 19시,화요일,전라남도 해남군 해남읍,경상사고,0,0,2,0,차대차 - 측면충돌,신호위반,건조,맑음,교차로 - 교차로안,승용,남,47세,경상,승용,여,56세,경상
2017071800100449,2017년 7월 18일 19시,화요일,전라남도 영광군 영광읍,부상신고사고,0,0,0,1,차량단독 - 공작물충돌,안전운전불이행,건조,맑음,단일로 - 기타,원동기,남,47세,부상신고,,,,
2017071800100476,2017년 7월 18일 20시,화요일,전라남도 여수시 신기동,경상사고,0,0,1,0,차대차 - 측면충돌,교차로운행방법위반,건조,맑음,교차로 - 교차로안,승용,남,29세,상해없음,승용,남,41세,경상
2017071800100477,2017년 7월 18일 20시,화요일,전라남도 순천시 서면,경상사고,0,0,4,0,차대차 - 추돌,안전운전불이행,건조,맑음,단일로 - 기타,화물,남,55세,상해없음,화물,남,66세,경상
2017071800100478,2017년 7월 18일 20시,화요일,전라남도 순천시 장천동,부상신고사고,0,0,0,1,차량단독 - 전도전복 - 전도,안전운전불이행,건조,맑음,단일로 - 기타,이륜,남,58세,부상신고,,,,
2017071800100510,2017년 7월 18일 21시,화요일,전라남도 여수시 서교동,경상사고,0,0,1,0,차대차 - 추돌,안전운전불이행,건조,맑음,교차로 - 교차로부근,승합,남,28세,상해없음,승용,여,55세,경상
2017071800100511,2017년 7월 18일 21시,화요일,전라남도 해남군 해남읍,경상사고,0,0,1,0,차대사람 - 횡단중,중앙선침범,건조,맑음,단일로 - 기타,승용,여,26세,상해없음,보행자,여,14세,경상
2017071800100530,2017년 7월 18일 22시,화요일,전라남도 목포시 죽교동,경상사고,0,0,1,0,차대사람 - 길가장자리구역통행중,안전운전불이행,건조,기타,단일로 - 기타,승용,남,23세,상해없음,보행자,남,38세,경상
2017071800100544,2017년 7월 18일 23시,화요일,전라남도 무안군 삼향읍,경상사고,0,0,3,0,차대차 - 측면충돌,교차로운행방법위반,건조,맑음,교차로 - 교차로안,승용,남,39세,상해없음,승용,여,26세,경상
2017071900100042,2017년 7월 19일 00시,수요일,전라남도 완도군 고금면,중상사고,0,1,0,0,차대사람 - 차도통행중,안전운전불이행,건조,맑음,단일로 - 기타,승용,남,40세,상해없음,보행자,남,55세,중상
2017071900100056,2017년 7월 19일 01시,수요일,전라남도 목포시 옥암동,경상사고,0,0,1,0,차대차 - 측면충돌,안전운전불이행,건조,맑음,기타 - 기타,승용,남,45세,상해없음,승용,여,48세,경상
2017071900100078,2017년 7월 19일 04시,수요일,전라남도 목포시 대양동,중상사고,0,1,0,0,차량단독 - 공작물충돌,안전운전불이행,건조,맑음,단일로 - 기타,승용,남,29세,중상,,,,
2017071900100092,2017년 7월 19일 06시,수요일,전라남도 강진군 강진읍,경상사고,0,0,1,0,차대사람 - 기타,안전운전불이행,건조,맑음,교차로 - 교차로부근,화물,남,61세,상해없음,보행자,남,66세,경상
2017071900100093,2017년 7월 19일 06시,수요일,전라남도 광양시 광양읍,경상사고,0,0,2,0,차대차 - 측면충돌,안전운전불이행,건조,맑음,단일로 - 기타,건설기계,남,58세,상해없음,승용,여,22세,경상
2017071900100130,2017년 7월 19일 08시,수요일,전라남도 여수시 여서동,경상사고,0,0,4,0,차대차 - 측면충돌,교차로운행방법위반,건조,맑음,교차로 - 교차로안,승용,여,48세,상해없음,승용,남,34세,경상
2017071900100131,2017년 7월 19일 08시,수요일,전라남도 여수시 덕충동,경상사고,0,0,1,0,차대사람 - 기타,안전운전불이행,건조,맑음,단일로 - 기타,승합,남,51세,상해없음,보행자,여,13세,경상
2017071900100165,2017년 7월 19일 09시,수요일,전라남도 나주시 남내동,경상사고,0,0,1,0,차대사람 - 횡단중,보행자보호의무위반,건조,맑음,교차로 - 교차로부근,화물,남,51세,상해없음,보행자,여,79세,경상
2017071900100228,2017년 7월 19일 11시,수요일,전라남도 영광군 홍농읍,중상사고,0,1,1,0,차대차 - 정면충돌,중앙선침범,건조,맑음,단일로 - 기타,승용,남,45세,상해없음,승용,남,21세,경상
2017071900100229,2017년 7월 19일 11시,수요일,전라남도 곡성군 입면,경상사고,0,0,2,0,차대차 - 정면충돌,중앙선침범,건조,맑음,교차로 - 교차로부근,화물,남,52세,경상,승용,여,65세,경상
2017071900100274,2017년 7월 19일 13시,수요일,전라남도 나주시 삼도동,중상사고,0,1,0,0,차대사람 - 횡단중,안전운전불이행,건조,맑음,단일로 - 기타,승용,여,35세,상해없음,보행자,남,78세,중상
2017071900100275,2017년 7월 19일 13시,수요일,전라남도 장흥군 부산면,경상사고,0,0,1,0,차대차 - 정면충돌,안전운전불이행,건조,맑음,교차로 - 교차로안,이륜,남,56세,경상,화물,남,60세,기타불명
2017071900100276,2017년 7월 19일 13시,수요일,전라남도 영암군 영암읍,경상사고,0,0,1,0,차대차 - 측면충돌,안전운전불이행,건조,맑음,단일로 - 기타,화물,남,71세,상해없음,화물,남,39세,경상
2017071900100306,2017년 7월 19일 14시,수요일,전라남도 목포시 산정동,경상사고,0,0,1,0,차대차 - 측면충돌,안전운전불이행,건조,맑음,교차로 - 교차로안,승용,남,64세,상해없음,화물,남,42세,상해없음
2017071900100307,2017년 7월 19일 14시,수요일,전라남도 곡성군 곡성읍,경상사고,0,0,1,0,차대차 - 기타,안전운전불이행,건조,맑음,교차로 - 교차로안,승용,남,60세,상해없음,이륜,남,57세,경상
2017071900100329,2017년 7월 19일 15시,수요일,전라남도 장흥군 장흥읍,부상신고사고,0,0,0,1,차대차 - 측면충돌,중앙선침범,건조,맑음,단일로 - 기타,화물,남,49세,상해없음,승용,여,33세,부상신고
2017071900100330,2017년 7월 19일 15시,수요일,전라남도 강진군 강진읍,중상사고,0,1,1,0,차대사람 - 횡단중,보행자보호의무위반,건조,맑음,단일로 - 기타,이륜,남,49세,중상,보행자,여,8세,경상
2017071900100331,2017년 7월 19일 15시,수요일,전라남도 담양군 담양읍,경상사고,0,0,1,0,차량단독 - 공작물충돌,안전운전불이행,건조,맑음,단일로 - 기타,승용,남,33세,경상,,,,
2017071900100332,2017년 7월 19일 15시,수요일,전라남도 진도군 의신면,사망사고,1,0,0,0,차대사람 - 횡단중,보행자보호의무위반,건조,맑음,교차로 - 교차로횡단보도내,화물,남,48세,상해없음,보행자,여,70세,사망
2017071900100333,2017년 7월 19일 15시,수요일,전라남도 진도군 진도읍,경상사고,0,0,1,0,차대사람 - 횡단중,안전운전불이행,건조,맑음,단일로 - 기타,화물,남,70세,상해없음,보행자,남,64세,경상
2017071900100382,2017년 7월 19일 16시,수요일,전라남도 영암군 미암면,중상사고,0,1,0,0,차대차 - 정면충돌,안전운전불이행,건조,맑음,교차로 - 교차로안,승용,남,60세,상해없음,이륜,남,51세,중상
2017071900100433,2017년 7월 19일 17시,수요일,전라남도 목포시 용해동,경상사고,0,0,1,0,차대차 - 측면충돌,안전운전불이행,건조,맑음,교차로 - 교차로안,승용,여,47세,상해없음,승용,여,37세,경상
2017071900100473,2017년 7월 19일 18시,수요일,전라남도 장성군 장성읍,중상사고,0,1,1,0,차량단독 - 전도전복 - 전도,안전운전불이행,건조,맑음,교차로 - 교차로안,화물,남,57세,중상,,,,
2017071900100508,2017년 7월 19일 19시,수요일,전라남도 순천시 조례동,중상사고,0,1,0,0,차대사람 - 횡단중,신호위반,건조,맑음,교차로 - 교차로안,승합,남,40세,상해없음,보행자,남,17세,중상
2017071900100509,2017년 7월 19일 19시,수요일,전라남도 순천시 조례동,경상사고,0,0,1,1,차대차 - 정면충돌,안전운전불이행,건조,맑음,교차로 - 교차로안,승용,여,36세,부상신고,이륜,여,48세,경상
2017071900100510,2017년 7월 19일 19시,수요일,전라남도 나주시 금천면,경상사고,0,0,2,0,차대차 - 측면충돌,직진우회전진행방해,건조,맑음,교차로 - 교차로안,승용,남,57세,경상,승합,남,24세,경상
2017071900100549,2017년 7월 19일 20시,수요일,전라남도 함평군 해보면,경상사고,0,0,1,0,차대차 - 측면충돌,중앙선침범,건조,맑음,단일로 - 기타,화물,남,52세,상해없음,승용,남,31세,경상
2017071900100580,2017년 7월 19일 21시,수요일,전라남도 순천시 해룡면,경상사고,0,0,3,0,차대차 - 추돌,안전운전불이행,건조,맑음,교차로 - 교차로부근,화물,남,54세,상해없음,승용,남,35세,경상
2017071900100600,2017년 7월 19일 22시,수요일,전라남도 나주시 남평읍,경상사고,0,0,1,0,차대차 - 측면충돌,직진우회전진행방해,건조,맑음,교차로 - 교차로안,승용,남,62세,상해없음,이륜,남,22세,경상
2017072000100088,2017년 7월 20일 06시,목요일,전라남도 여수시 소라면,중상사고,0,1,0,0,차대차 - 측면충돌,교차로운행방법위반,건조,맑음,교차로 - 교차로안,화물,남,62세,상해없음,화물,남,68세,중상
2017072000100143,2017년 7월 20일 08시,목요일,전라남도 여수시 여천동,중상사고,0,1,2,0,차대차 - 측면충돌,안전운전불이행,건조,맑음,교차로 - 교차로안,승용,여,72세,경상,승용,남,43세,경상
2017072000100144,2017년 7월 20일 08시,목요일,전라남도 해남군 문내면,경상사고,0,0,2,0,차대차 - 측면충돌,교차로운행방법위반,건조,맑음,단일로 - 기타,화물,남,62세,상해없음,승용,남,41세,경상
2017072000100145,2017년 7월 20일 08시,목요일,전라남도 해남군 송지면,사망사고,1,0,0,0,차량단독 - 전도전복,안전운전불이행,건조,맑음,단일로 - 기타,농기계,남,75세,사망,미분류,미분류,미분류,미분류
2017072000100178,2017년 7월 20일 09시,목요일,전라남도 여수시 봉계동,경상사고,0,0,1,0,차대차 - 측면충돌,안전운전불이행,건조,맑음,단일로 - 기타,화물,남,46세,상해없음,승용,남,44세,경상
2017072000100208,2017년 7월 20일 10시,목요일,전라남도 해남군 문내면,중상사고,0,2,1,0,차대차 - 측면충돌,신호위반,건조,맑음,교차로 - 교차로안,화물,남,65세,상해없음,승용,남,61세,경상
2017072000100236,2017년 7월 20일 11시,목요일,전라남도 목포시 연산동,경상사고,0,0,1,0,차대차 - 측면충돌,안전운전불이행,건조,맑음,교차로 - 교차로안,승용,여,64세,상해없음,화물,남,51세,경상
2017072000100237,2017년 7월 20일 11시,목요일,전라남도 여수시 돌산읍,중상사고,0,1,0,0,차대차 - 측면충돌,안전운전불이행,건조,맑음,단일로 - 기타,승용,여,60세,상해없음,이륜,남,78세,중상
2017072000100238,2017년 7월 20일 11시,목요일,전라남도 순천시 연향동,중상사고,0,1,0,0,차대사람 - 횡단중,안전운전불이행,건조,맑음,교차로 - 교차로부근,승용,남,66세,상해없음,보행자,여,79세,중상
2017072000100239,2017년 7월 20일 11시,목요일,전라남도 강진군 강진읍,중상사고,0,1,3,0,차대차 - 정면충돌,중앙선침범,건조,맑음,단일로 - 기타,화물,남,64세,경상,승용,여,39세,경상
2017072000100304,2017년 7월 20일 13시,목요일,전라남도 순천시 연향동,경상사고,0,0,1,0,차대차 - 기타,안전운전불이행,건조,맑음,교차로 - 교차로횡단보도내,승용,남,57세,상해없음,자전거,남,47세,경상
2017072000100305,2017년 7월 20일 13시,목요일,전라남도 해남군 화원면,중상사고,0,1,0,0,차량단독 - 전도전복 - 전도,안전운전불이행,건조,맑음,단일로 - 기타,이륜,남,40세,중상,,,,
2017072000100306,2017년 7월 20일 13시,목요일,전라남도 무안군 현경면,경상사고,0,0,1,0,차대차 - 측면충돌,안전운전불이행,건조,맑음,단일로 - 기타,승용,남,44세,상해없음,승합,남,45세,경상
2017072000100348,2017년 7월 20일 15시,목요일,전라남도 순천시 풍덕동,경상사고,0,0,1,0,차대차 - 측면충돌,안전운전불이행,건조,맑음,교차로 - 교차로안,화물,남,73세,상해없음,승용,남,36세,경상
2017072000100349,2017년 7월 20일 15시,목요일,전라남도 담양군 대전면,경상사고,0,0,5,0,차대차 - 추돌,안전운전불이행,건조,맑음,교차로 - 교차로부근,화물,남,35세,상해없음,승용,여,60세,경상
2017072000100374,2017년 7월 20일 16시,목요일,전라남도 장흥군 장흥읍,경상사고,0,0,1,0,차대차 - 측면충돌,안전운전불이행,건조,맑음,단일로 - 기타,승용,여,54세,상해없음,이륜,여,52세,경상
2017072000100375,2017년 7월 20일 16시,목요일,전라남도 광양시 마동,경상사고,0,0,1,0,차대차 - 추돌,안전운전불이행,건조,맑음,교차로 - 교차로부근,승용,여,50세,상해없음,승용,여,47세,경상