사고번호,사고일시,요일,시군구,사고내용,사망자수,중상자수,경상자수,부상신고자수,사고유형,법규위반,노면상태,기상상태,도로형태,가해운전자 차종,가해운전자 성별,가해운전자 연령,가해운전자 상해정도,피해운전자 차종,피해운전자 성별,피해운전자 연령,피해운전자 상해정도
2017080300100318,2017년 8월 3일 13시,목요일,전라남도 영암군 영암읍,경상사고,0,0,1,0,차대차 - 기타,중앙선침범,건조,맑음,교차로 - 교차로안,승용,남,51세,상해없음,화물,남,56세,상해없음
2017080300100319,2017년 8월 3일 13시,목요일,전라남도 강진군 대구면,경상사고,0,0,2,0,차대차 - 측면충돌,안전운전불이행,건조,맑음,단일로 - 기타,화물,남,61세,상해없음,승용,남,39세,상해없음
2017080300100320,2017년 8월 3일 13시,목요일,전라남도 곡성군 옥과면,중상사고,0,1,0,0,차량단독 - 전도전복,안전운전불이행,건조,맑음,단일로 - 기타,농기계,남,53세,중상,미분류,미분류,미분류,미분류
2017080300100321,2017년 8월 3일 13시,목요일,전라남도 순천시 별량면,경상사고,0,0,3,0,차대차 - 추돌,안전거리미확보,건조,맑음,단일로 - 터널,승용,여,47세,상해없음,승용,여,46세,경상
2017080300100358,2017년 8월 3일 14시,목요일,전라남도 여수시 문수동,경상사고,0,0,1,0,차대차 - 측면충돌,신호위반,건조,맑음,교차로 - 교차로안,승용,여,45세,상해없음,화물,남,49세,경상
2017080300100359,2017년 8월 3일 14시,목요일,전라남도 여수시 여서동,경상사고,0,0,2,0,차대차 - 측면충돌,교차로운행방법위반,건조,맑음,교차로 - 교차로안,승용,여,54세,상해없음,승용,남,34세,경상
2017080300100360,2017년 8월 3일 14시,목요일,전라남도 순천시 해룡면,경상사고,0,0,1,0,차대사람 - 횡단중,안전운전불이행,건조,맑음,단일로 - 기타,승용,남,29세,상해없음,보행자,남,7세,경상
2017080300100392,2017년 8월 3일 15시,목요일,전라남도 고흥군 동강면,경상사고,0,0,1,0,차대차 - 측면충돌,교차로운행방법위반,건조,맑음,교차로 - 교차로안,화물,남,64세,상해없음,사륜오토바이(ATV),남,82세,경상
2017080300100426,2017년 8월 3일 16시,목요일,전라남도 해남군 해남읍,부상신고사고,0,0,0,1,차대차 - 추돌,안전거리미확보,건조,흐림,교차로 - 교차로부근,승용,남,18세,상해없음,승용,남,31세,부상신고
2017080300100427,2017년 8월 3일 16시,목요일,전라남도 무안군 무안읍,중상사고,0,2,0,0,차대차 - 추돌,안전운전불이행,건조,맑음,단일로 - 기타,화물,남,53세,상해없음,이륜,남,73세,중상
2017080300100458,2017년 8월 3일 17시,목요일,전라남도 여수시 웅천동,경상사고,0,0,3,0,차대차 - 측면충돌,교차로운행방법위반,건조,맑음,교차로 - 교차로안,승합,남,60세,상해없음,승용,남,45세,경상
2017080300100459,2017년 8월 3일 17시,목요일,전라남도 화순군 춘양면,경상사고,0,0,1,0,차대차 - 추돌,안전운전불이행,건조,맑음,단일로 - 기타,화물,남,50세,경상,화물,남,39세,기타불명
2017080300100460,2017년 8월 3일 17시,목요일,전라남도 담양군 봉산면,중상사고,0,1,0,0,차대차 - 측면충돌,직진우회전진행방해,건조,맑음,교차로 - 교차로안,이륜,남,87세,중상,승합,남,46세,상해없음
2017080300100461,2017년 8월 3일 17시,목요일,전라남도 무안군 청계면,경상사고,0,0,3,0,차대차 - 추돌,안전거리미확보,건조,맑음,단일로 - 기타,특수,남,28세,경상,승용,여,41세,경상
2017080300100495,2017년 8월 3일 18시,목요일,전라남도 목포시 상동,경상사고,0,0,2,0,차대차 - 측면충돌,안전운전불이행,건조,맑음,교차로 - 교차로안,승용,남,55세,경상,이륜,남,19세,경상
2017080300100496,2017년 8월 3일 18시,목요일,전라남도 순천시 남정동,중상사고,0,1,0,0,차대차 - 측면충돌,안전운전불이행,건조,맑음,단일로 - 기타,승용,남,59세,상해없음,이륜,남,17세,중상
2017080300100497,2017년 8월 3일 18시,목요일,전라남도 나주시 빛가람동,중상사고,0,1,0,0,차량단독 - 전도전복,안전운전불이행,건조,맑음,단일로 - 기타,원동기,남,34세,상해없음,미분류,미분류,미분류,미분류
2017080300100498,2017년 8월 3일 18시,목요일,전라남도 무안군 무안읍,중상사고,0,1,0,0,차대차 - 기타,안전운전불이행,건조,맑음,단일로 - 기타,화물,남,57세,상해없음,이륜,남,77세,중상
2017080300100499,2017년 8월 3일 18시,목요일,전라남도 광양시 광양읍,경상사고,0,0,2,0,차대차 - 측면충돌,안전운전불이행,건조,맑음,교차로 - 교차로안,승용,남,67세,상해없음,승용,여,50세,경상
2017080300100529,2017년 8월 3일 19시,목요일,전라남도 목포시 산정동,경상사고,0,0,1,0,차대사람 - 차도통행중,안전운전불이행,건조,맑음,단일로 - 기타,승용,여,59세,상해없음,보행자,남,60세,경상
2017080300100530,2017년 8월 3일 19시,목요일,전라남도 화순군 화순읍,경상사고,0,0,1,0,차대사람 - 차도통행중,안전운전불이행,건조,맑음,교차로 - 교차로안,승용,남,58세,상해없음,보행자,여,19세,경상
2017080300100559,2017년 8월 3일 20시,목요일,전라남도 무안군 삼향읍,중상사고,0,1,1,0,차대차 - 추돌,안전운전불이행,건조,맑음,단일로 - 교량,승용,남,25세,상해없음,화물,남,38세,중상
2017080300100614,2017년 8월 3일 22시,목요일,전라남도 목포시 용당동,중상사고,0,1,0,0,차대사람 - 차도통행중,안전운전불이행,건조,맑음,교차로 - 교차로횡단보도내,승용,여,50세,상해없음,보행자,남,18세,중상
2017080300100615,2017년 8월 3일 22시,목요일,전라남도 여수시 신기동,중상사고,0,1,0,0,차대사람 - 보도통행중,기타,건조,맑음,기타 - 기타,자전거,남,17세,상해없음,보행자,여,72세,중상
2017080300100616,2017년 8월 3일 22시,목요일,전라남도 순천시 연향동,경상사고,0,0,1,0,차대사람 - 횡단중,보행자보호의무위반,건조,맑음,단일로 - 기타,이륜,남,38세,상해없음,보행자,남,40세,경상
2017080300100617,2017년 8월 3일 22시,목요일,전라남도 완도군 보길면,경상사고,0,0,1,0,차대차 - 기타,안전운전불이행,건조,맑음,단일로 - 기타,승합,남,35세,경상,승용,남,56세,기타불명
2017080300100640,2017년 8월 3일 23시,목요일,전라남도 무안군 일로읍,경상사고,0,0,1,0,차대차 - 기타,안전운전불이행,건조,맑음,교차로 - 교차로안,승용,남,53세,상해없음,승용,남,35세,경상
2017080400100075,2017년 8월 4일 04시,금요일,전라남도 해남군 옥천면,중상사고,0,2,0,0,차대차 - 추돌,안전운전불이행,건조,흐림,단일로 - 기타,화물,남,53세,상해없음,농기계,남,74세,중상
2017080400100082,2017년 8월 4일 05시,금요일,전라남도 목포시 석현동,중상사고,0,1,0,0,차량단독 - 전도전복,안전운전불이행,건조,맑음,단일로 - 기타,승용,여,41세,중상,미분류,미분류,미분류,미분류
2017080400100083,2017년 8월 4일 05시,금요일,전라남도 순천시 조례동,경상사고,0,0,2,0,차대차 - 측면충돌,교차로운행방법위반,건조,맑음,교차로 - 교차로안,승합,남,29세,상해없음,승용,남,61세,경상
2017080400100092,2017년 8월 4일 06시,금요일,전라남도 순천시 조례동,중상사고,0,1,0,0,차대차 - 측면충돌,안전운전불이행,건조,맑음,단일로 - 기타,승용,남,26세,중상,화물,남,51세,상해없음
2017080400100093,2017년 8월 4일 06시,금요일,전라남도 나주시 금천면,경상사고,0,0,1,0,차대차 - 측면충돌,안전거리미확보,건조,맑음,단일로 - 기타,승용,남,40세,상해없음,승용,남,43세,상해없음
2017080400100094,2017년 8월 4일 06시,금요일,전라남도 해남군 화원면,중상사고,0,1,2,0,차대차 - 기타,중앙선침범,건조,맑음,교차로 - 교차로부근,승용,여,26세,중상,승용,여,62세,경상
2017080400100111,2017년 8월 4일 07시,금요일,전라남도 여수시 덕충동,중상사고,0,1,0,0,차대차 - 추돌,안전운전불이행,건조,맑음,단일로 - 교량,승용,남,24세,상해없음,건설기계,남,44세,상해없음
2017080400100112,2017년 8월 4일 07시,금요일,전라남도 보성군 득량면,사망사고,1,2,4,0,차대차 - 추돌,안전거리미확보,건조,맑음,단일로 - 기타,화물,남,52세,사망,화물,남,77세,중상
2017080400100170,2017년 8월 4일 09시,금요일,전라남도 나주시 왕곡면,경상사고,0,0,3,0,차대차 - 추돌,안전운전불이행,건조,맑음,교차로 - 교차로부근,화물,남,23세,경상,화물,남,45세,경상
2017080400100171,2017년 8월 4일 09시,금요일,전라남도 고흥군 고흥읍,사망사고,1,0,0,0,차대사람 - 차도통행중,안전운전불이행,건조,맑음,교차로 - 교차로안,화물,남,62세,상해없음,보행자,남,76세,사망
2017080400100172,2017년 8월 4일 09시,금요일,전라남도 해남군 송지면,중상사고,0,1,0,0,차대차 - 측면충돌,교차로운행방법위반,건조,맑음,교차로 - 교차로안,이륜,남,79세,중상,승용,남,57세,상해없음
2017080400100173,2017년 8월 4일 09시,금요일,전라남도 담양군 대전면,경상사고,0,0,1,0,차대차 - 기타,안전운전불이행,건조,맑음,교차로 - 교차로부근,승용,여,40세,상해없음,자전거,남,23세,경상
2017080400100205,2017년 8월 4일 10시,금요일,전라남도 목포시 용해동,경상사고,0,0,3,0,차대차 - 추돌,안전운전불이행,건조,맑음,단일로 - 기타,승용,남,47세,상해없음,승용,여,57세,경상
2017080400100206,2017년 8월 4일 10시,금요일,전라남도 여수시 소라면,경상사고,0,0,2,0,차대차 - 추돌,안전운전불이행,건조,맑음,단일로 - 기타,승용,남,38세,경상,승용,남,59세,경상
2017080400100207,2017년 8월 4일 10시,금요일,전라남도 여수시 봉산동,중상사고,0,2,0,0,차대차 - 측면충돌,차로위반,건조,맑음,단일로 - 기타,승용,남,57세,상해없음,승용,남,30세,중상
2017080400100208,2017년 8월 4일 10시,금요일,전라남도 장성군 동화면,경상사고,0,0,1,0,차대차 - 추돌,안전운전불이행,건조,맑음,교차로 - 교차로안,특수,남,37세,상해없음,승용,여,59세,경상
2017080400100209,2017년 8월 4일 10시,금요일,전라남도 곡성군 오곡면,중상사고,0,1,0,0,차대사람 - 기타,안전운전불이행,건조,맑음,단일로 - 기타,승용,남,59세,상해없음,보행자,남,63세,중상
2017080400100210,2017년 8월 4일 10시,금요일,전라남도 곡성군 고달면,중상사고,0,1,0,0,차대차 - 측면충돌,안전운전불이행,건조,맑음,교차로 - 교차로안,사륜오토바이(ATV),여,81세,중상,승용,남,39세,상해없음
2017080400100252,2017년 8월 4일 11시,금요일,전라남도 여수시 덕충동,경상사고,0,0,1,0,차대차 - 추돌,안전운전불이행,건조,맑음,단일로 - 기타,승용,남,46세,상해없음,화물,남,44세,경상
2017080400100291,2017년 8월 4일 12시,금요일,전라남도 영암군 삼호읍,중상사고,0,1,0,0,차대차 - 측면충돌,안전운전불이행,건조,맑음,단일로 - 기타,원동기,남,75세,중상,승용,남,62세,상해없음
2017080400100354,2017년 8월 4일 14시,금요일,전라남도 여수시 봉산동,경상사고,0,0,1,0,차대차 - 기타,차로위반,건조,맑음,교차로 - 교차로부근,원동기,남,41세,경상,승용,남,27세,상해없음
2017080400100395,2017년 8월 4일 15시,금요일,전라남도 영광군 영광읍,부상신고사고,0,0,0,1,차량단독 - 전도전복 - 전도,안전운전불이행,건조,맑음,단일로 - 기타,승용,여,61세,부상신고,,,,
2017080400100396,2017년 8월 4일 15시,금요일,전라남도 완도군 노화읍,중상사고,0,2,1,0,차대차 - 정면충돌,중앙선침범,건조,맑음,단일로 - 기타,승용,남,71세,중상,화물,남,56세,경상
2017080400100433,2017년 8월 4일 16시,금요일,전라남도 순천시 연향동,경상사고,0,0,1,1,차대차 - 기타,안전거리미확보,건조,맑음,교차로 - 교차로부근,화물,남,47세,부상신고,승용,여,34세,경상
2017080400100480,2017년 8월 4일 17시,금요일,전라남도 화순군 화순읍,경상사고,0,0,1,1,차대차 - 측면충돌,교차로운행방법위반,건조,맑음,교차로 - 교차로안,승용,남,44세,부상신고,이륜,남,22세,경상
2017080400100523,2017년 8월 4일 18시,금요일,전라남도 여수시 화양면,사망사고,1,0,0,0,차대차 - 추돌,안전운전불이행,건조,맑음,단일로 - 기타,승용,남,49세,상해없음,농기계,남,66세,사망
2017080400100524,2017년 8월 4일 18시,금요일,전라남도 장성군 황룡면,경상사고,0,0,2,0,차대차 - 추돌,안전운전불이행,건조,맑음,단일로 - 기타,승용,남,28세,상해없음,승용,남,25세,경상
2017080400100525,2017년 8월 4일 18시,금요일,전라남도 완도군 보길면,사망사고,1,0,0,0,차량단독 - 기타,안전운전불이행,건조,맑음,교차로 - 교차로안,화물,여,46세,상해없음,,,,
2017080400100594,2017년 8월 4일 20시,금요일,전라남도 목포시 상동,경상사고,0,0,1,0,차대차 - 기타,안전운전불이행,건조,맑음,교차로 - 교차로부근,승용,남,56세,상해없음,승용,남,44세,경상
2017080400100595,2017년 8월 4일 20시,금요일,전라남도 여수시 국동,경상사고,0,0,1,0,차대사람 - 기타,안전운전불이행,건조,맑음,단일로 - 기타,승용,남,48세,상해없음,보행자,여,31세,경상
2017080400100596,2017년 8월 4일 20시,금요일,전라남도 순천시 조례동,경상사고,0,0,3,0,차대차 - 측면충돌,직진우회전진행방해,건조,맑음,교차로 - 교차로안,화물,남,28세,상해없음,승용,남,66세,경상
2017080400100651,2017년 8월 4일 22시,금요일,전라남도 장성군 북이면,사망사고,1,1,1,0,차대차 - 측면충돌,안전거리미확보,건조,맑음,단일로 - 기타,승합,남,54세,중상,승합,남,54세,상해없음
2017080500100041,2017년 8월 5일 02시,토요일,전라남도 여수시 학동,경상사고,0,0,1,0,차대차 - 측면충돌,중앙선침범,건조,맑음,교차로 - 교차로부근,승용,남,55세,상해없음,승용,여,24세,경상
2017080500100069,2017년 8월 5일 04시,토요일,전라남도 순천시 동외동,경상사고,0,0,3,0,차대차 - 측면충돌,교차로운행방법위반,건조,맑음,교차로 - 교차로안,승용,남,67세,경상,화물,남,65세,경상
2017080500100080,2017년 8월 5일 05시,토요일,전라남도 여수시 문수동,경상사고,0,0,1,0,차대사람 - 기타,안전운전불이행,건조,맑음,주차장 - 주차장,화물,남,34세,상해없음,보행자,남,52세,경상
2017080500100104,2017년 8월 5일 07시,토요일,전라남도 순천시 서면,경상사고,0,0,1,0,차대차 - 측면충돌,차로위반,건조,맑음,단일로 - 기타,화물,남,51세,상해없음,승용,남,25세,경상
2017080500100105,2017년 8월 5일 07시,토요일,전라남도 광양시 금호동,사망사고,1,0,1,0,차대차 - 측면충돌,중앙선침범,건조,맑음,단일로 - 기타,승용,남,64세,사망,화물,남,44세,경상
2017080500100151,2017년 8월 5일 09시,토요일,전라남도 여수시 둔덕동,경상사고,0,0,1,0,차대사람 - 차도통행중,안전운전불이행,건조,맑음,단일로 - 기타,승용,여,55세,상해없음,보행자,여,87세,경상
2017080500100152,2017년 8월 5일 09시,토요일,전라남도 순천시 황전면,경상사고,0,0,1,0,차량단독 - 기타,안전운전불이행,건조,맑음,기타 - 기타,농기계,남,59세,경상,,,,
2017080500100153,2017년 8월 5일 09시,토요일,전라남도 순천시 해룡면,경상사고,0,0,1,0,차대차 - 측면충돌,안전거리미확보,건조,맑음,교차로 - 교차로안,승용,여,48세,상해없음,승용,여,32세,경상
2017080500100154,2017년 8월 5일 09시,토요일,전라남도 장성군 황룡면,경상사고,0,0,1,0,차대차 - 정면충돌,직진우회전진행방해,건조,맑음,교차로 - 교차로부근,화물,남,58세,상해없음,승용,여,56세,경상
2017080500100188,2017년 8월 5일 10시,토요일,전라남도 해남군 화산면,중상사고,0,1,0,0,차량단독 - 기타,안전운전불이행,건조,맑음,단일로 - 기타,화물,남,59세,중상,,,,
2017080500100189,2017년 8월 5일 10시,토요일,전라남도 보성군 노동면,사망사고,1,0,0,0,차량단독 - 기타,안전운전불이행,건조,맑음,단일로 - 기타,농기계,남,60세,상해없음,,,,
2017080500100190,2017년 8월 5일 10시,토요일,전라남도 광양시 성황동,경상사고,0,0,1,0,차대차 - 추돌,안전운전불이행,건조,맑음,단일로 - 기타,화물,여,34세,상해없음,화물,남,22세,경상
2017080500100217,2017년 8월 5일 11시,토요일,전라남도 여수시 소라면,부상신고사고,0,0,0,1,차량단독 - 공작물충돌,안전운전불이행,건조,맑음,단일로 - 기타,승용,남,77세,부상신고,,,,
2017080500100218,2017년 8월 5일 11시,토요일,전라남도 여수시 미평동,경상사고,0,0,1,0,차대차 - 측면충돌,신호위반,건조,흐림,교차로 - 교차로안,승용,여,61세,상해없음,승용,남,59세,상해없음
2017080500100219,2017년 8월 5일 11시,토요일,전라남도 장흥군 장흥읍,경상사고,0,0,1,0,차대차 - 추돌,안전거리미확보,건조,맑음,교차로 - 교차로안,화물,남,39세,상해없음,승용,남,46세,경상
2017080500100220,2017년 8월 5일 11시,토요일,전라남도 구례군 토지면,경상사고,0,0,1,0,차량단독 - 전도전복,안전운전불이행,건조,맑음,단일로 - 기타,건설기계,남,57세,경상,미분류,미분류,미분류,미분류
2017080500100257,2017년 8월 5일 12시,토요일,전라남도 순천시 동외동,중상사고,0,1,2,0,차대차 - 추돌,안전거리미확보,건조,맑음,기타 - 기타,승용,남,23세,상해없음,승용,여,44세,경상
2017080500100258,2017년 8월 5일 12시,토요일,전라남도 순천시 조곡동,중상사고,0,1,0,0,차대차 - 추돌,안전거리미확보,건조,맑음,단일로 - 기타,승용,여,51세,상해없음,승용,남,48세,중상
2017080500100294,2017년 8월 5일 13시,토요일,전라남도 순천시 풍덕동,중상사고,0,1,0,0,차대차 - 측면충돌,안전운전불이행,건조,맑음,교차로 - 교차로안,승용,남,43세,상해없음,자전거,남,63세,중상
2017080500100295,2017년 8월 5일 13시,토요일,전라남도 곡성군 옥과면,경상사고,0,0,1,0,차대차 - 추돌,안전운전불이행,건조,맑음,단일로 - 기타,기타불명,기타불명,미분류,기타불명,자전거,여,78세,경상
2017080500100296,2017년 8월 5일 13시,토요일,전라남도 진도군 진도읍,중상사고,0,2,1,0,차대차 - 기타,안전운전불이행,건조,맑음,단일로 - 기타,승용,여,52세,경상,승용,여,51세,중상
2017080500100330,2017년 8월 5일 14시,토요일,전라남도 목포시 용당동,경상사고,0,0,1,0,차대차 - 측면충돌,신호위반,건조,맑음,교차로 - 교차로안,승용,남,48세,상해없음,승용,남,60세,경상
2017080500100331,2017년 8월 5일 14시,토요일,전라남도 여수시 소라면,경상사고,0,0,2,0,차대차 - 측면충돌,교차로운행방법위반,건조,맑음,교차로 - 교차로안,승용,여,50세,상해없음,승용,남,46세,경상
2017080500100363,2017년 8월 5일 15시,토요일,전라남도 여수시 문수동,경상사고,0,0,7,0,차대차 - 측면충돌,안전운전불이행,건조,맑음,교차로 - 교차로안,승용,여,47세,경상,승합,남,46세,경상
2017080500100438,2017년 8월 5일 17시,토요일,전라남도 보성군 조성면,중상사고,0,1,0,0,차대차 - 측면충돌,직진우회전진행방해,건조,맑음,단일로 - 기타,이륜,남,69세,중상,화물,여,57세,상해없음
2017080500100483,2017년 8월 5일 18시,토요일,전라남도 순천시 조례동,중상사고,0,1,0,0,차대사람 - 횡단중,안전운전불이행,건조,맑음,단일로 - 기타,승용,남,34세,상해없음,보행자,여,71세,중상
2017080500100484,2017년 8월 5일 18시,토요일,전라남도 보성군 벌교읍,부상신고사고,0,0,0,1,차대차 - 측면충돌,안전운전불이행,건조,맑음,단일로 - 지하차도(도로)내,이륜,남,67세,부상신고,화물,남,71세,상해없음
2017080500100485,2017년 8월 5일 18시,토요일,전라남도 영암군 삼호읍,중상사고,0,1,2,0,차대차 - 추돌,안전운전불이행,젖음/습기,흐림,단일로 - 기타,승용,남,37세,중상,화물,남,75세,경상
2017080500100486,2017년 8월 5일 18시,토요일,전라남도 구례군 토지면,경상사고,0,0,1,0,차대차 - 정면충돌,중앙선침범,건조,맑음,단일로 - 기타,사륜오토바이(ATV),남,75세,경상,승용,여,36세,상해없음
2017080500100506,2017년 8월 5일 19시,토요일,전라남도 여수시 봉강동,경상사고,0,0,3,0,차대차 - 기타,안전거리미확보,건조,맑음,단일로 - 기타,승용,남,52세,상해없음,승용,여,34세,경상
2017080500100507,2017년 8월 5일 19시,토요일,전라남도 여수시 학동,부상신고사고,0,0,0,1,차대차 - 측면충돌,안전운전불이행,건조,맑음,교차로 - 교차로안,승용,남,62세,상해없음,승용,남,32세,부상신고
2017080500100508,2017년 8월 5일 19시,토요일,전라남도 순천시 연향동,중상사고,0,2,0,0,차대차 - 측면충돌,안전운전불이행,건조,맑음,교차로 - 교차로안,승용,남,25세,중상,승합,남,60세,상해없음
2017080500100509,2017년 8월 5일 19시,토요일,전라남도 고흥군 과역면,경상사고,0,0,1,0,차대차 - 추돌,안전운전불이행,건조,맑음,단일로 - 기타,화물,남,41세,상해없음,화물,남,53세,상해없음
2017080500100561,2017년 8월 5일 21시,토요일,전라남도 목포시 상동,경상사고,0,0,1,0,차대차 - 측면충돌,차로위반,건조,맑음,단일로 - 기타,승용,남,18세,상해없음,이륜,남,19세,경상
2017080500100562,2017년 8월 5일 21시,토요일,전라남도 순천시 해룡면,경상사고,0,0,4,0,차대차 - 측면충돌,안전운전불이행,건조,맑음,교차로 - 교차로안,승용,남,27세,상해없음,승용,남,54세,경상
2017080500100563,2017년 8월 5일 21시,토요일,전라남도 무안군 삼향읍,경상사고,0,0,1,0,차대차 - 측면충돌,안전운전불이행,건조,맑음,교차로 - 교차로부근,승용,여,36세,상해없음,승용,남,68세,경상
2017080500100599,2017년 8월 5일 22시,토요일,전라남도 목포시 동명동,경상사고,0,0,3,0,차대차 - 측면충돌,신호위반,건조,맑음,교차로 - 교차로안,승용,여,48세,상해없음,승용,여,39세,경상
2017080500100600,2017년 8월 5일 22시,토요일,전라남도 무안군 현경면,중상사고,0,1,2,0,차대차 - 정면충돌,중앙선침범,건조,맑음,단일로 - 기타,승용,여,25세,중상,화물,남,39세,경상
2017080500100616,2017년 8월 5일 23시,토요일,전라남도 여수시 학동,중상사고,0,1,0,0,차대사람 - 횡단중,신호위반,건조,맑음,단일로 - 기타,승용,남,51세,상해없음,보행자,여,60세,중상
2017080600100024,2017년 8월 6일 00시,일요일,전라남도 여수시 화장동,중상사고,0,1,0,0,차대차 - 측면충돌,불법유턴,건조,맑음,교차로 - 교차로부근,승용,남,39세,상해없음,승용,여,32세,중상
2017080600100071,2017년 8월 6일 04시,일요일,전라남도 순천시 연향동,경상사고,0,0,2,0,차대사람 - 기타,안전운전불이행,건조,맑음,교차로 - 교차로안,승용,남,25세,상해없음,보행자,여,18세,경상
2017080600100084,2017년 8월 6일 05시,일요일,전라남도 장성군 황룡면,경상사고,0,0,1,0,차량단독 - 공작물충돌,안전운전불이행,건조,맑음,교차로 - 교차로부근,화물,남,47세,경상,,,,
2017080600100116,2017년 8월 6일 09시,일요일,전라남도 고흥군 풍양면,중상사고,0,1,1,0,차량단독 - 공작물충돌,안전운전불이행,건조,맑음,단일로 - 기타,승용,여,36세,경상,,,,
2017080600100117,2017년 8월 6일 09시,일요일,전라남도 완도군 신지면,중상사고,0,1,0,0,차대차 - 측면충돌,안전운전불이행,건조,맑음,단일로 - 기타,화물,남,41세,상해없음,농기계,남,65세,중상
2017080600100118,2017년 8월 6일 09시,일요일,전라남도 광양시 광양읍,경상사고,0,0,1,0,차대차 - 측면충돌,교차로운행방법위반,건조,맑음,교차로 - 교차로안,승용,여,23세,경상,승용,남,66세,상해없음
2017080600100145,2017년 8월 6일 10시,일요일,전라남도 함평군 월야면,부상신고사고,0,0,0,1,차대차 - 측면충돌,안전운전불이행,건조,맑음,교차로 - 교차로안,자전거,남,76세,부상신고,승용,남,48세,상해없음
2017080600100236,2017년 8월 6일 14시,일요일,전라남도 여수시 봉산동,경상사고,0,0,3,0,차대차 - 측면충돌,교차로운행방법위반,건조,맑음,교차로 - 교차로안,승용,남,37세,경상,승용,남,56세,경상
2017080600100263,2017년 8월 6일 15시,일요일,전라남도 화순군 동면,중상사고,0,3,0,0,차량단독 - 도로외이탈 - 추락,안전운전불이행,건조,맑음,단일로 - 기타,승용,남,51세,중상,,,,
2017080600100298,2017년 8월 6일 16시,일요일,전라남도 담양군 담양읍,경상사고,0,0,4,0,차대차 - 추돌,안전운전불이행,건조,맑음,교차로 - 교차로부근,승용,여,40세,상해없음,승용,남,60세,경상
2017080600100354,2017년 8월 6일 18시,일요일,전라남도 목포시 용해동,경상사고,0,0,1,0,차대차 - 측면충돌,직진우회전진행방해,건조,맑음,교차로 - 교차로안,승용,여,37세,상해없음,이륜,남,24세,경상
2017080600100355,2017년 8월 6일 18시,일요일,전라남도 장흥군 장흥읍,경상사고,0,0,2,1,차대차 - 측면충돌,안전운전불이행,건조,맑음,교차로 - 교차로안,승용,남,59세,부상신고,승용,남,18세,경상
2017080600100409,2017년 8월 6일 20시,일요일,전라남도 나주시 빛가람동,중상사고,0,1,0,0,차대차 - 측면충돌,교차로운행방법위반,건조,맑음,교차로 - 교차로부근,승용,남,56세,상해없음,이륜,남,28세,중상
2017080600100428,2017년 8월 6일 21시,일요일,전라남도 강진군 도암면,중상사고,0,1,1,0,차량단독 - 기타,안전운전불이행,건조,흐림,단일로 - 기타,승용,남,38세,경상,,,,
2017080700100031,2017년 8월 7일 00시,월요일,전라남도 목포시 산정동,경상사고,0,0,1,0,차대차 - 측면충돌,안전운전불이행,건조,맑음,단일로 - 기타,승용,남,48세,상해없음,이륜,남,24세,경상
2017080700100107,2017년 8월 7일 07시,월요일,전라남도 여수시 선원동,중상사고,0,1,0,0,차대차 - 측면충돌,신호위반,건조,맑음,교차로 - 교차로안,승용,남,46세,상해없음,농기계,남,69세,중상
2017080700100140,2017년 8월 7일 08시,월요일,전라남도 목포시 상동,경상사고,0,0,3,0,차대차 - 추돌,안전운전불이행,건조,맑음,교차로 - 교차로부근,승용,남,17세,상해없음,승용,여,43세,경상
2017080700100141,2017년 8월 7일 08시,월요일,전라남도 여수시 신기동,경상사고,0,0,1,0,차대차 - 측면충돌,안전운전불이행,건조,맑음,단일로 - 기타,승용,여,40세,상해없음,승용,남,59세,경상
2017080700100169,2017년 8월 7일 09시,월요일,전라남도 장성군 삼서면,경상사고,0,0,2,0,차대차 - 후진중충돌,안전운전불이행,건조,맑음,단일로 - 기타,승용,남,53세,상해없음,이륜,남,56세,경상
2017080700100170,2017년 8월 7일 09시,월요일,전라남도 완도군 완도읍,경상사고,0,0,1,0,차대사람 - 횡단중,안전운전불이행,건조,맑음,단일로 - 기타,승합,남,41세,상해없음,보행자,여,77세,경상
2017080700100221,2017년 8월 7일 11시,월요일,전라남도 목포시 옥암동,경상사고,0,0,1,0,차대차 - 기타,안전운전불이행,건조,맑음,교차로 - 교차로안,승합,남,51세,상해없음,승용,여,63세,경상
2017080700100222,2017년 8월 7일 11시,월요일,전라남도 순천시 조례동,경상사고,0,0,1,0,차대차 - 추돌,안전운전불이행,건조,맑음,교차로 - 교차로부근,승용,남,38세,상해없음,승용,남,56세,경상
2017080700100253,2017년 8월 7일 12시,월요일,전라남도 순천시 조례동,중상사고,0,1,0,0,차대사람 - 횡단중,안전운전불이행,건조,맑음,단일로 - 기타,승용,남,58세,상해없음,보행자,여,28세,중상
2017080700100254,2017년 8월 7일 12시,월요일,전라남도 담양군 담양읍,경상사고,0,0,1,0,차대차 - 측면충돌,안전운전불이행,건조,맑음,교차로 - 교차로안,승용,남,74세,상해없음,이륜,남,75세,경상
2017080700100288,2017년 8월 7일 13시,월요일,전라남도 여수시 소호동,중상사고,0,1,0,0,차대차 - 측면충돌,안전운전불이행,건조,맑음,교차로 - 교차로안,승용,여,56세,상해없음,자전거,남,15세,중상
2017080700100289,2017년 8월 7일 13시,월요일,전라남도 영암군 삼호읍,경상사고,0,0,1,0,차대차 - 측면충돌,안전운전불이행,건조,맑음,교차로 - 교차로안,승용,남,37세,상해없음,승용,여,53세,경상
2017080700100325,2017년 8월 7일 14시,월요일,전라남도 광양시 중동,중상사고,0,1,2,0,차대차 - 측면충돌,교차로운행방법위반,건조,맑음,교차로 - 교차로안,승용,여,43세,중상,승용,남,58세,경상