사고번호,사고일시,요일,시군구,사고내용,사망자수,중상자수,경상자수,부상신고자수,사고유형,법규위반,노면상태,기상상태,도로형태,가해운전자 차종,가해운전자 성별,가해운전자 연령,가해운전자 상해정도,피해운전자 차종,피해운전자 성별,피해운전자 연령,피해운전자 상해정도
2017080700100355,2017년 8월 7일 15시,월요일,전라남도 담양군 대전면,경상사고,0,0,5,0,차대차 - 측면충돌,직진우회전진행방해,건조,맑음,교차로 - 교차로안,승용,여,60세,경상,승용,남,46세,경상
2017080700100428,2017년 8월 7일 17시,월요일,전라남도 보성군 벌교읍,중상사고,0,1,0,0,차대사람 - 횡단중,보행자보호의무위반,건조,맑음,단일로 - 기타,승용,남,69세,상해없음,보행자,여,16세,중상
2017080700100476,2017년 8월 7일 18시,월요일,전라남도 순천시 조례동,중상사고,0,1,0,0,차대차 - 기타,교차로운행방법위반,건조,맑음,단일로 - 기타,승용,남,28세,상해없음,원동기,남,32세,중상
2017080700100505,2017년 8월 7일 19시,월요일,전라남도 목포시 석현동,경상사고,0,0,1,0,차대차 - 기타,안전운전불이행,건조,맑음,교차로 - 교차로부근,승용,남,56세,상해없음,원동기,남,16세,경상
2017080700100506,2017년 8월 7일 19시,월요일,전라남도 목포시 상동,부상신고사고,0,0,0,1,차대사람 - 길가장자리구역통행중,안전운전불이행,건조,맑음,단일로 - 기타,기타불명,기타불명,미분류,기타불명,보행자,남,42세,부상신고
2017080700100588,2017년 8월 7일 22시,월요일,전라남도 나주시 산정동,중상사고,0,1,2,0,차대차 - 측면충돌,신호위반,건조,맑음,교차로 - 교차로안,화물,남,53세,상해없음,승용,남,51세,경상
2017080700100606,2017년 8월 7일 23시,월요일,전라남도 보성군 미력면,경상사고,0,0,2,0,차대차 - 추돌,안전운전불이행,건조,맑음,교차로 - 교차로부근,승용,여,41세,경상,승용,남,54세,경상
2017080800100021,2017년 8월 8일 00시,화요일,전라남도 순천시 조례동,중상사고,0,1,0,0,차대차 - 측면충돌,신호위반,건조,맑음,교차로 - 교차로안,승용,남,23세,상해없음,승용,남,62세,중상
2017080800100053,2017년 8월 8일 05시,화요일,전라남도 광양시 광영동,중상사고,0,1,0,0,차대사람 - 길가장자리구역통행중,중앙선침범,건조,맑음,단일로 - 기타,승용,여,51세,상해없음,보행자,여,48세,중상
2017080800100063,2017년 8월 8일 06시,화요일,전라남도 신안군 암태면,사망사고,1,0,0,0,차량단독 - 전도전복,안전운전불이행,기타,안개,단일로 - 기타,자전거,남,73세,사망,미분류,미분류,미분류,미분류
2017080800100078,2017년 8월 8일 07시,화요일,전라남도 장흥군 유치면,중상사고,0,1,0,0,차량단독 - 기타,안전운전불이행,건조,맑음,단일로 - 기타,화물,남,72세,중상,,,,
2017080800100099,2017년 8월 8일 08시,화요일,전라남도 순천시 주암면,중상사고,0,1,0,0,차대사람 - 횡단중,과속,건조,맑음,단일로 - 기타,승용,남,32세,상해없음,보행자,남,70세,중상
2017080800100100,2017년 8월 8일 08시,화요일,전라남도 순천시 해룡면,중상사고,0,1,2,0,차대차 - 추돌,안전운전불이행,건조,맑음,단일로 - 기타,승용,남,57세,상해없음,화물,남,65세,경상
2017080800100101,2017년 8월 8일 08시,화요일,전라남도 영광군 대마면,중상사고,0,1,2,0,차대차 - 측면충돌,직진우회전진행방해,건조,맑음,교차로 - 교차로안,승용,남,50세,경상,승용,여,29세,경상
2017080800100102,2017년 8월 8일 08시,화요일,전라남도 담양군 월산면,경상사고,0,0,1,0,차대차 - 측면충돌,안전운전불이행,건조,맑음,단일로 - 기타,승용,여,41세,상해없음,승용,남,49세,경상
2017080800100141,2017년 8월 8일 09시,화요일,전라남도 고흥군 고흥읍,경상사고,0,0,1,0,차대사람 - 횡단중,보행자보호의무위반,건조,맑음,교차로 - 교차로횡단보도내,화물,남,54세,상해없음,보행자,여,67세,경상
2017080800100175,2017년 8월 8일 10시,화요일,전라남도 해남군 해남읍,경상사고,0,0,3,0,차대차 - 측면충돌,안전운전불이행,건조,맑음,교차로 - 교차로부근,승용,남,72세,경상,승용,남,42세,경상
2017080800100176,2017년 8월 8일 10시,화요일,전라남도 화순군 화순읍,경상사고,0,0,1,0,차대사람 - 횡단중,안전운전불이행,건조,맑음,단일로 - 기타,화물,여,20세,상해없음,보행자,여,16세,경상
2017080800100177,2017년 8월 8일 10시,화요일,전라남도 구례군 구례읍,경상사고,0,0,1,0,차대차 - 측면충돌,직진우회전진행방해,건조,맑음,교차로 - 교차로안,승용,여,63세,상해없음,승용,여,57세,경상
2017080800100251,2017년 8월 8일 12시,화요일,전라남도 고흥군 도양읍,경상사고,0,0,1,0,차대차 - 기타,안전거리미확보,건조,맑음,교차로 - 교차로부근,화물,남,26세,상해없음,화물,남,75세,상해없음
2017080800100280,2017년 8월 8일 13시,화요일,전라남도 무안군 일로읍,중상사고,0,1,0,0,차대차 - 추돌,교차로운행방법위반,건조,맑음,교차로 - 교차로부근,화물,남,63세,상해없음,자전거,남,58세,중상
2017080800100325,2017년 8월 8일 14시,화요일,전라남도 여수시 돌산읍,경상사고,0,0,2,0,차대차 - 정면충돌,교차로운행방법위반,건조,맑음,교차로 - 교차로안,화물,남,71세,상해없음,승용,남,51세,경상
2017080800100326,2017년 8월 8일 14시,화요일,전라남도 여수시 소라면,경상사고,0,0,1,0,차대차 - 추돌,안전운전불이행,건조,맑음,교차로 - 교차로부근,특수,남,33세,상해없음,화물,남,55세,경상
2017080800100327,2017년 8월 8일 14시,화요일,전라남도 영광군 홍농읍,경상사고,0,0,1,0,차대차 - 측면충돌,직진우회전진행방해,건조,맑음,교차로 - 교차로안,승용,여,19세,상해없음,화물,남,20세,경상
2017080800100354,2017년 8월 8일 15시,화요일,전라남도 함평군 학교면,부상신고사고,0,0,0,1,차대차 - 측면충돌,교차로운행방법위반,건조,흐림,교차로 - 교차로안,농기계,남,67세,부상신고,승용,여,54세,상해없음
2017080800100378,2017년 8월 8일 16시,화요일,전라남도 장흥군 장동면,사망사고,1,0,0,0,차량단독 - 전도전복,안전운전불이행,건조,맑음,단일로 - 기타,화물,남,50세,사망,미분류,미분류,미분류,미분류
2017080800100406,2017년 8월 8일 17시,화요일,전라남도 목포시 용해동,경상사고,0,0,1,0,차대차 - 기타,안전운전불이행,건조,맑음,단일로 - 기타,이륜,남,74세,경상,화물,남,69세,상해없음
2017080800100407,2017년 8월 8일 17시,화요일,전라남도 목포시 호남동,경상사고,0,0,5,0,차대차 - 기타,안전거리미확보,건조,맑음,교차로 - 교차로부근,승용,여,31세,경상,승용,여,33세,경상
2017080800100408,2017년 8월 8일 17시,화요일,전라남도 여수시 월내동,경상사고,0,0,1,0,차대차 - 측면충돌,신호위반,건조,맑음,교차로 - 교차로안,승용,남,47세,상해없음,승용,여,52세,경상
2017080800100409,2017년 8월 8일 17시,화요일,전라남도 화순군 화순읍,경상사고,0,0,2,0,차대차 - 측면충돌,기타,건조,맑음,단일로 - 기타,승용,여,58세,상해없음,승용,남,38세,경상
2017080800100439,2017년 8월 8일 18시,화요일,전라남도 여수시 학동,경상사고,0,0,1,0,차대사람 - 기타,기타,건조,맑음,기타 - 기타,이륜,남,52세,상해없음,보행자,여,18세,경상
2017080800100440,2017년 8월 8일 18시,화요일,전라남도 담양군 담양읍,경상사고,0,0,1,0,차대차 - 측면충돌,직진우회전진행방해,건조,맑음,교차로 - 교차로안,승용,남,48세,상해없음,자전거,남,26세,경상
2017080800100476,2017년 8월 8일 19시,화요일,전라남도 순천시 생목동,경상사고,0,0,1,0,차대사람 - 횡단중,안전운전불이행,건조,맑음,교차로 - 교차로횡단보도내,승용,여,30세,상해없음,보행자,남,48세,경상
2017080800100477,2017년 8월 8일 19시,화요일,전라남도 나주시 남평읍,중상사고,0,1,0,0,차대차 - 측면충돌,직진우회전진행방해,건조,맑음,교차로 - 교차로안,승용,남,26세,상해없음,이륜,남,73세,중상
2017080800100507,2017년 8월 8일 20시,화요일,전라남도 목포시 상락동2가,중상사고,0,1,0,0,차대차 - 기타,교차로운행방법위반,건조,맑음,교차로 - 교차로안,승용,남,33세,상해없음,이륜,남,65세,중상
2017080800100508,2017년 8월 8일 20시,화요일,전라남도 담양군 월산면,중상사고,0,1,0,0,차량단독 - 전도전복 - 전도,안전운전불이행,건조,맑음,단일로 - 기타,자전거,남,54세,중상,,,,
2017080800100509,2017년 8월 8일 20시,화요일,전라남도 무안군 일로읍,경상사고,0,0,2,0,차대차 - 측면충돌,신호위반,젖음/습기,비,교차로 - 교차로안,승용,남,43세,상해없음,승용,여,24세,경상
2017080800100539,2017년 8월 8일 21시,화요일,전라남도 순천시 연향동,경상사고,0,0,1,0,차대차 - 측면충돌,직진우회전진행방해,건조,맑음,교차로 - 교차로안,승용,남,57세,상해없음,승용,남,39세,경상
2017080900100142,2017년 8월 9일 08시,수요일,전라남도 여수시 국동,부상신고사고,0,0,0,1,차대차 - 측면충돌,안전거리미확보,젖음/습기,흐림,교차로 - 교차로부근,승용,남,59세,상해없음,승용,남,37세,부상신고
2017080900100143,2017년 8월 9일 08시,수요일,전라남도 화순군 도곡면,경상사고,0,0,1,0,차대차 - 측면충돌,중앙선침범,젖음/습기,흐림,교차로 - 교차로부근,승용,여,23세,상해없음,승용,여,32세,경상
2017080900100210,2017년 8월 9일 10시,수요일,전라남도 순천시 장천동,경상사고,0,0,1,0,차대차 - 측면충돌,안전운전불이행,건조,맑음,단일로 - 기타,승합,남,54세,상해없음,승용,남,33세,경상
2017080900100211,2017년 8월 9일 10시,수요일,전라남도 영광군 홍농읍,경상사고,0,0,1,0,차대차 - 기타,중앙선침범,건조,맑음,교차로 - 교차로부근,이륜,남,79세,경상,승용,여,48세,상해없음
2017080900100273,2017년 8월 9일 12시,수요일,전라남도 보성군 보성읍,중상사고,0,1,0,0,차대차 - 측면충돌,안전운전불이행,건조,맑음,단일로 - 기타,이륜,남,40세,중상,화물,남,33세,상해없음
2017080900100274,2017년 8월 9일 12시,수요일,전라남도 함평군 엄다면,경상사고,0,0,1,0,차대차 - 측면충돌,안전운전불이행,건조,맑음,단일로 - 기타,승용,여,42세,상해없음,승용,남,32세,경상
2017080900100275,2017년 8월 9일 12시,수요일,전라남도 장성군 남면,경상사고,0,0,3,0,차대차 - 측면충돌,직진우회전진행방해,건조,맑음,교차로 - 교차로안,승합,남,40세,경상,승용,여,30세,경상
2017080900100303,2017년 8월 9일 13시,수요일,전라남도 순천시 해룡면,경상사고,0,0,2,0,차대차 - 추돌,안전거리미확보,건조,맑음,교차로 - 교차로안,건설기계,남,66세,상해없음,승합,남,49세,경상
2017080900100304,2017년 8월 9일 13시,수요일,전라남도 장흥군 장흥읍,경상사고,0,0,1,0,차대차 - 측면충돌,직진우회전진행방해,건조,맑음,교차로 - 교차로안,이륜,여,57세,경상,화물,남,51세,상해없음
2017080900100337,2017년 8월 9일 14시,수요일,전라남도 강진군 강진읍,경상사고,0,0,2,0,차대차 - 정면충돌,직진우회전진행방해,건조,맑음,교차로 - 교차로안,승용,여,52세,상해없음,화물,남,73세,경상
2017080900100364,2017년 8월 9일 15시,수요일,전라남도 여수시 돌산읍,사망사고,2,0,10,0,차대차 - 정면충돌,중앙선침범,건조,맑음,단일로 - 기타,승용,남,71세,사망,승합,남,36세,경상
2017080900100403,2017년 8월 9일 16시,수요일,전라남도 목포시 상동,중상사고,0,1,0,0,차대차 - 기타,교차로운행방법위반,건조,맑음,교차로 - 교차로안,화물,남,55세,상해없음,승용,여,58세,중상
2017080900100404,2017년 8월 9일 16시,수요일,전라남도 여수시 공화동,경상사고,0,0,1,0,차대사람 - 횡단중,신호위반,건조,맑음,단일로 - 기타,승용,남,72세,상해없음,보행자,여,12세,경상
2017080900100405,2017년 8월 9일 16시,수요일,전라남도 보성군 보성읍,중상사고,0,1,0,0,차대차 - 측면충돌,직진우회전진행방해,건조,맑음,교차로 - 교차로안,이륜,여,60세,중상,화물,남,47세,상해없음
2017080900100406,2017년 8월 9일 16시,수요일,전라남도 곡성군 오곡면,사망사고,1,0,0,0,차량단독 - 전도전복 - 전도,안전운전불이행,건조,맑음,단일로 - 기타,기타불명,남,78세,사망,,,,
2017080900100464,2017년 8월 9일 18시,수요일,전라남도 순천시 덕월동,경상사고,0,0,1,0,차대차 - 기타,직진우회전진행방해,젖음/습기,비,교차로 - 교차로안,승용,남,44세,상해없음,승용,남,38세,경상
2017080900100465,2017년 8월 9일 18시,수요일,전라남도 순천시 조례동,경상사고,0,0,1,0,차대차 - 측면충돌,신호위반,건조,맑음,교차로 - 교차로안,승용,남,49세,상해없음,이륜,남,22세,경상
2017080900100466,2017년 8월 9일 18시,수요일,전라남도 무안군 현경면,중상사고,0,1,0,0,차량단독 - 공작물충돌,안전운전불이행,건조,맑음,단일로 - 기타,승용,여,53세,중상,,,,
2017080900100467,2017년 8월 9일 18시,수요일,전라남도 광양시 중동,경상사고,0,0,3,0,차대차 - 측면충돌,안전운전불이행,젖음/습기,비,교차로 - 교차로부근,승용,남,24세,경상,승용,남,47세,경상
2017080900100510,2017년 8월 9일 19시,수요일,전라남도 순천시 조례동,경상사고,0,0,1,0,차대차 - 측면충돌,신호위반,건조,맑음,교차로 - 교차로안,화물,남,69세,상해없음,승용,남,50세,경상
2017080900100548,2017년 8월 9일 20시,수요일,전라남도 여수시 문수동,경상사고,0,0,1,0,차대차 - 측면충돌,안전운전불이행,건조,맑음,단일로 - 기타,승용,남,29세,상해없음,승용,남,54세,경상
2017080900100581,2017년 8월 9일 21시,수요일,전라남도 장흥군 안양면,중상사고,0,1,1,0,차대차 - 추돌,과속,건조,맑음,단일로 - 기타,화물,남,21세,상해없음,농기계,남,69세,중상
2017080900100582,2017년 8월 9일 21시,수요일,전라남도 해남군 해남읍,중상사고,0,1,1,0,차대차 - 측면충돌,신호위반,건조,흐림,교차로 - 교차로안,승용,여,55세,경상,화물,남,19세,중상
2017080900100625,2017년 8월 9일 22시,수요일,전라남도 목포시 옥암동,중상사고,0,1,0,0,차대차 - 측면충돌,안전운전불이행,건조,맑음,단일로 - 기타,자전거,남,25세,중상,승용,남,38세,상해없음
2017080900100659,2017년 8월 9일 23시,수요일,전라남도 목포시 옥암동,경상사고,0,0,3,0,차대차 - 정면충돌,안전운전불이행,건조,맑음,단일로 - 기타,승용,남,40세,상해없음,승용,여,41세,경상
2017081000100066,2017년 8월 10일 02시,목요일,전라남도 순천시 조례동,경상사고,0,0,1,0,차대차 - 추돌,안전운전불이행,건조,맑음,교차로 - 교차로부근,승용,남,25세,상해없음,승용,여,22세,경상
2017081000100073,2017년 8월 10일 03시,목요일,전라남도 순천시 서면,중상사고,0,1,0,0,차량단독 - 전도전복,안전운전불이행,건조,맑음,교차로 - 교차로부근,승용,남,23세,중상,미분류,미분류,미분류,미분류
2017081000100077,2017년 8월 10일 04시,목요일,전라남도 목포시 산정동,중상사고,0,1,0,0,차대차 - 측면충돌,신호위반,건조,맑음,단일로 - 기타,승용,남,64세,상해없음,승용,여,50세,중상
2017081000100104,2017년 8월 10일 06시,목요일,전라남도 완도군 완도읍,중상사고,0,1,0,0,차대차 - 추돌,안전운전불이행,건조,맑음,단일로 - 기타,승용,남,54세,기타불명,승용,남,68세,중상
2017081000100121,2017년 8월 10일 07시,목요일,전라남도 목포시 상동,경상사고,0,0,1,0,차대차 - 측면충돌,안전운전불이행,건조,맑음,단일로 - 기타,이륜,남,16세,상해없음,화물,남,45세,경상
2017081000100193,2017년 8월 10일 09시,목요일,전라남도 순천시 연향동,중상사고,0,1,0,0,차대사람 - 횡단중,보행자보호의무위반,건조,맑음,단일로 - 기타,승용,남,43세,상해없음,보행자,남,55세,중상
2017081000100194,2017년 8월 10일 09시,목요일,전라남도 광양시 광영동,경상사고,0,0,1,0,차량단독 - 기타,안전운전불이행,건조,맑음,단일로 - 기타,승용,여,46세,상해없음,,,,
2017081000100229,2017년 8월 10일 10시,목요일,전라남도 순천시 별량면,경상사고,0,0,1,0,차량단독 - 전도전복 - 전도,안전운전불이행,건조,맑음,단일로 - 기타,승용,여,45세,경상,,,,
2017081000100230,2017년 8월 10일 10시,목요일,전라남도 나주시 세지면,경상사고,0,0,2,0,차대차 - 추돌,안전거리미확보,건조,맑음,교차로 - 교차로부근,화물,여,57세,상해없음,승용,남,46세,경상
2017081000100231,2017년 8월 10일 10시,목요일,전라남도 나주시 영산동,경상사고,0,0,3,0,차대차 - 기타,안전운전불이행,건조,맑음,단일로 - 기타,승용,남,65세,경상,화물,남,31세,경상
2017081000100232,2017년 8월 10일 10시,목요일,전라남도 함평군 함평읍,경상사고,0,0,4,1,차대차 - 측면충돌,직진우회전진행방해,건조,맑음,교차로 - 교차로안,승용,남,64세,부상신고,승용,여,62세,경상
2017081000100233,2017년 8월 10일 10시,목요일,전라남도 담양군 담양읍,중상사고,0,1,0,0,차대차 - 측면충돌,교차로운행방법위반,건조,맑음,교차로 - 교차로안,승용,남,69세,상해없음,자전거,여,75세,중상
2017081000100234,2017년 8월 10일 10시,목요일,전라남도 완도군 신지면,경상사고,0,0,1,0,차대차 - 측면충돌,교차로운행방법위반,건조,맑음,교차로 - 교차로부근,이륜,남,73세,경상,화물,남,67세,상해없음
2017081000100235,2017년 8월 10일 10시,목요일,전라남도 무안군 무안읍,경상사고,0,0,1,0,차대차 - 측면충돌,교차로운행방법위반,건조,맑음,교차로 - 교차로안,화물,남,41세,상해없음,자전거,여,58세,경상
2017081000100256,2017년 8월 10일 11시,목요일,전라남도 여수시 교동,경상사고,0,0,1,0,차대차 - 측면충돌,안전운전불이행,건조,흐림,교차로 - 교차로안,승용,남,66세,상해없음,화물,남,29세,상해없음
2017081000100319,2017년 8월 10일 13시,목요일,전라남도 광양시 광양읍,중상사고,0,1,0,0,차대차 - 측면충돌,교차로운행방법위반,건조,맑음,교차로 - 교차로안,승용,여,36세,상해없음,원동기,남,81세,중상
2017081000100348,2017년 8월 10일 14시,목요일,전라남도 완도군 고금면,중상사고,0,1,0,0,차대사람 - 기타,안전운전불이행,기타,맑음,기타 - 기타,기타불명,남,28세,상해없음,보행자,남,42세,중상
2017081000100349,2017년 8월 10일 14시,목요일,전라남도 광양시 마동,경상사고,0,0,2,0,차대차 - 정면충돌,교차로운행방법위반,건조,맑음,교차로 - 교차로안,승용,여,26세,상해없음,승용,여,45세,경상
2017081000100381,2017년 8월 10일 15시,목요일,전라남도 순천시 해룡면,경상사고,0,0,1,0,차대차 - 추돌,안전거리미확보,건조,맑음,단일로 - 기타,화물,남,63세,상해없음,승용,남,61세,경상
2017081000100382,2017년 8월 10일 15시,목요일,전라남도 화순군 화순읍,경상사고,0,0,1,0,차대차 - 후진중충돌,안전운전불이행,건조,맑음,교차로 - 교차로안,승용,여,46세,상해없음,승용,여,41세,경상
2017081000100422,2017년 8월 10일 16시,목요일,전라남도 담양군 담양읍,경상사고,0,0,1,0,차대차 - 측면충돌,기타,건조,맑음,단일로 - 기타,승용,남,38세,상해없음,자전거,남,10세,경상
2017081000100466,2017년 8월 10일 17시,목요일,전라남도 목포시 용당동,경상사고,0,0,1,0,차대차 - 추돌,안전거리미확보,건조,맑음,단일로 - 기타,승용,여,59세,상해없음,승용,남,69세,경상
2017081000100467,2017년 8월 10일 17시,목요일,전라남도 순천시 장천동,경상사고,0,0,1,0,차대사람 - 차도통행중,안전운전불이행,건조,맑음,단일로 - 기타,승용,남,34세,상해없음,보행자,여,58세,경상
2017081000100502,2017년 8월 10일 18시,목요일,전라남도 나주시 대호동,경상사고,0,0,2,0,차대차 - 측면충돌,안전운전불이행,건조,맑음,교차로 - 교차로부근,승용,남,57세,상해없음,자전거,남,43세,경상
2017081000100503,2017년 8월 10일 18시,목요일,전라남도 고흥군 남양면,경상사고,0,0,1,0,차대차 - 기타,안전운전불이행,건조,맑음,단일로 - 기타,승용,남,37세,상해없음,승용,여,59세,경상
2017081000100504,2017년 8월 10일 18시,목요일,전라남도 광양시 광양읍,경상사고,0,0,1,0,차대차 - 측면충돌,교차로운행방법위반,건조,맑음,교차로 - 교차로안,승용,남,64세,경상,승용,남,60세,상해없음
2017081000100534,2017년 8월 10일 19시,목요일,전라남도 해남군 해남읍,경상사고,0,0,1,0,차대차 - 추돌,안전거리미확보,건조,맑음,단일로 - 기타,화물,남,64세,상해없음,농기계,남,74세,경상
2017081000100569,2017년 8월 10일 20시,목요일,전라남도 고흥군 도양읍,경상사고,0,0,2,0,차대차 - 측면충돌,중앙선침범,건조,맑음,교차로 - 교차로안,승용,여,69세,경상,승용,남,29세,상해없음
2017081000100570,2017년 8월 10일 20시,목요일,전라남도 광양시 광양읍,경상사고,0,0,1,0,차대차 - 측면충돌,신호위반,건조,맑음,교차로 - 교차로안,승합,남,57세,상해없음,승용,여,52세,경상
2017081000100599,2017년 8월 10일 21시,목요일,전라남도 순천시 서면,중상사고,0,1,1,0,차대사람 - 기타,안전운전불이행,건조,맑음,단일로 - 기타,승용,남,52세,상해없음,보행자,여,82세,중상
2017081000100636,2017년 8월 10일 22시,목요일,전라남도 영광군 영광읍,중상사고,0,1,0,0,차대차 - 측면충돌,안전운전불이행,건조,맑음,교차로 - 교차로안,승용,여,39세,상해없음,승용,여,36세,중상
2017081000100637,2017년 8월 10일 22시,목요일,전라남도 무안군 현경면,중상사고,0,1,3,0,차대차 - 추돌,안전운전불이행,건조,맑음,교차로 - 교차로부근,승용,여,50세,상해없음,화물,남,52세,경상
2017081100100069,2017년 8월 11일 03시,금요일,전라남도 여수시 신기동,경상사고,0,0,1,0,차대차 - 측면충돌,신호위반,건조,맑음,교차로 - 교차로안,승용,남,50세,상해없음,승용,남,62세,상해없음
2017081100100096,2017년 8월 11일 06시,금요일,전라남도 순천시 가곡동,경상사고,0,0,2,0,차대차 - 측면충돌,안전운전불이행,건조,맑음,교차로 - 교차로안,승용,남,37세,상해없음,화물,남,22세,경상
2017081100100097,2017년 8월 11일 06시,금요일,전라남도 광양시 광영동,경상사고,0,0,1,0,차대차 - 측면충돌,안전운전불이행,건조,맑음,교차로 - 교차로부근,승용,남,27세,상해없음,승용,남,56세,경상
2017081100100144,2017년 8월 11일 08시,금요일,전라남도 무안군 해제면,경상사고,0,0,1,0,차량단독 - 공작물충돌,안전운전불이행,건조,맑음,단일로 - 기타,화물,남,52세,경상,,,,
2017081100100171,2017년 8월 11일 09시,금요일,전라남도 목포시 상동,중상사고,0,1,0,0,차대사람 - 기타,안전운전불이행,건조,맑음,단일로 - 기타,화물,여,47세,상해없음,보행자,여,62세,중상
2017081100100172,2017년 8월 11일 09시,금요일,전라남도 순천시 서면,경상사고,0,0,4,0,차대차 - 추돌,안전운전불이행,건조,맑음,교차로 - 교차로부근,승용,여,30세,상해없음,화물,남,69세,경상
2017081100100173,2017년 8월 11일 09시,금요일,전라남도 영암군 삼호읍,경상사고,0,0,1,0,차대차 - 측면충돌,신호위반,건조,맑음,교차로 - 교차로안,화물,남,80세,상해없음,화물,남,34세,경상
2017081100100201,2017년 8월 11일 10시,금요일,전라남도 강진군 군동면,경상사고,0,0,1,0,차대차 - 추돌,과속,건조,맑음,단일로 - 기타,화물,남,39세,경상,건설기계,남,58세,상해없음
2017081100100232,2017년 8월 11일 11시,금요일,전라남도 목포시 죽교동,경상사고,0,0,1,0,차대차 - 기타,교차로운행방법위반,건조,맑음,교차로 - 교차로안,자전거,남,51세,경상,승용,남,62세,상해없음
2017081100100233,2017년 8월 11일 11시,금요일,전라남도 여수시 문수동,경상사고,0,0,1,0,차대차 - 기타,안전거리미확보,건조,맑음,단일로 - 기타,화물,남,50세,상해없음,승합,남,55세,상해없음
2017081100100276,2017년 8월 11일 12시,금요일,전라남도 나주시 남평읍,중상사고,0,1,0,0,차대차 - 측면충돌,교차로운행방법위반,건조,맑음,교차로 - 교차로안,승용,여,61세,상해없음,이륜,남,82세,중상
2017081100100277,2017년 8월 11일 12시,금요일,전라남도 영광군 법성면,경상사고,0,0,1,0,차대차 - 추돌,안전운전불이행,건조,맑음,교차로 - 교차로안,화물,남,41세,상해없음,자전거,여,65세,경상
2017081100100278,2017년 8월 11일 12시,금요일,전라남도 함평군 대동면,중상사고,0,6,1,0,차대차 - 측면충돌,교차로운행방법위반,건조,맑음,교차로 - 교차로안,화물,남,58세,상해없음,승용,남,73세,중상
2017081100100310,2017년 8월 11일 13시,금요일,전라남도 나주시 세지면,중상사고,0,1,0,0,차대사람 - 차도통행중,안전운전불이행,건조,맑음,단일로 - 기타,승용,남,50세,상해없음,보행자,여,75세,중상
2017081100100311,2017년 8월 11일 13시,금요일,전라남도 곡성군 곡성읍,중상사고,0,1,1,0,차대차 - 기타,안전운전불이행,건조,맑음,교차로 - 교차로안,승용,여,56세,상해없음,승용,여,36세,경상
2017081100100312,2017년 8월 11일 13시,금요일,전라남도 무안군 일로읍,경상사고,0,0,1,0,차대차 - 기타,안전운전불이행,건조,맑음,교차로 - 교차로부근,승용,여,63세,기타불명,승용,남,27세,경상
2017081100100347,2017년 8월 11일 14시,금요일,전라남도 여수시 학동,경상사고,0,0,2,0,차대차 - 추돌,교차로운행방법위반,건조,맑음,교차로 - 교차로안,이륜,남,57세,경상,승용,남,65세,상해없음
2017081100100348,2017년 8월 11일 14시,금요일,전라남도 여수시 중흥동,중상사고,0,1,0,0,차량단독 - 공작물충돌,안전운전불이행,건조,맑음,단일로 - 기타,승용,남,79세,중상,,,,
2017081100100349,2017년 8월 11일 14시,금요일,전라남도 순천시 조례동,경상사고,0,0,1,0,차대사람 - 기타,안전운전불이행,건조,맑음,단일로 - 기타,승용,남,51세,상해없음,보행자,남,27세,경상
2017081100100350,2017년 8월 11일 14시,금요일,전라남도 해남군 송지면,중상사고,0,1,0,0,차대차 - 기타,중앙선침범,건조,맑음,교차로 - 교차로부근,이륜,남,69세,중상,화물,남,53세,상해없음
2017081100100351,2017년 8월 11일 14시,금요일,전라남도 해남군 해남읍,경상사고,0,0,1,0,차대차 - 기타,안전거리미확보,건조,맑음,단일로 - 기타,화물,남,74세,상해없음,농기계,남,56세,경상
2017081100100352,2017년 8월 11일 14시,금요일,전라남도 영광군 백수읍,경상사고,0,0,1,0,차대차 - 측면충돌,안전운전불이행,건조,맑음,단일로 - 기타,승용,남,66세,상해없음,원동기,남,40세,경상
2017081100100443,2017년 8월 11일 16시,금요일,전라남도 고흥군 고흥읍,경상사고,0,0,1,0,차대차 - 기타,중앙선침범,건조,맑음,단일로 - 기타,승용,남,73세,상해없음,승용,남,31세,경상
2017081100100444,2017년 8월 11일 16시,금요일,전라남도 해남군 문내면,경상사고,0,0,4,0,차대차 - 측면충돌,안전운전불이행,건조,맑음,주차장 - 주차장,화물,남,70세,상해없음,승용,남,64세,경상
2017081100100488,2017년 8월 11일 17시,금요일,전라남도 여수시 교동,경상사고,0,0,2,0,차대차 - 측면충돌,안전거리미확보,건조,맑음,단일로 - 기타,승용,남,66세,상해없음,승용,남,44세,경상
2017081100100489,2017년 8월 11일 17시,금요일,전라남도 순천시 남내동,경상사고,0,0,1,0,차대사람 - 횡단중,보행자보호의무위반,건조,맑음,단일로 - 기타,승용,남,30세,상해없음,보행자,여,56세,경상
2017081100100490,2017년 8월 11일 17시,금요일,전라남도 나주시 동수동,경상사고,0,0,1,0,차대차 - 측면충돌,안전운전불이행,건조,맑음,단일로 - 기타,승용,남,52세,상해없음,승용,여,42세,경상
2017081100100530,2017년 8월 11일 18시,금요일,전라남도 순천시 주암면,경상사고,0,0,1,0,차대차 - 추돌,안전운전불이행,건조,맑음,단일로 - 기타,화물,남,64세,상해없음,승용,여,41세,경상
2017081100100572,2017년 8월 11일 19시,금요일,전라남도 목포시 죽교동,경상사고,0,0,1,0,차대차 - 기타,교차로운행방법위반,건조,맑음,교차로 - 교차로안,승용,남,57세,경상,승용,남,23세,상해없음