사고번호,사고일시,요일,시군구,사고내용,사망자수,중상자수,경상자수,부상신고자수,사고유형,법규위반,노면상태,기상상태,도로형태,가해운전자 차종,가해운전자 성별,가해운전자 연령,가해운전자 상해정도,피해운전자 차종,피해운전자 성별,피해운전자 연령,피해운전자 상해정도
2017082100100628,2017년 8월 21일 22시,월요일,전라남도 담양군 창평면,경상사고,0,0,1,0,차대차 - 측면충돌,안전운전불이행,젖음/습기,비,단일로 - 기타,승용,남,37세,상해없음,승용,남,35세,경상
2017082100100649,2017년 8월 21일 23시,월요일,전라남도 여수시 소호동,중상사고,0,1,0,0,차대차 - 측면충돌,차로위반,젖음/습기,비,단일로 - 기타,승용,남,28세,상해없음,이륜,남,38세,중상
2017082100100650,2017년 8월 21일 23시,월요일,전라남도 순천시 해룡면,중상사고,0,1,0,0,차대차 - 추돌,안전운전불이행,젖음/습기,비,단일로 - 기타,승용,남,41세,상해없음,승용,남,39세,중상
2017082200100076,2017년 8월 22일 05시,화요일,전라남도 영암군 신북면,경상사고,0,0,1,0,차대차 - 추돌,안전운전불이행,건조,맑음,단일로 - 기타,승용,여,29세,상해없음,화물,남,59세,경상
2017082200100089,2017년 8월 22일 06시,화요일,전라남도 무안군 무안읍,경상사고,0,0,3,0,차대차 - 측면충돌,교차로운행방법위반,건조,맑음,교차로 - 교차로안,승용,남,59세,상해없음,승합,남,54세,상해없음
2017082200100090,2017년 8월 22일 06시,화요일,전라남도 구례군 구례읍,경상사고,0,0,1,0,차대차 - 측면충돌,교차로운행방법위반,건조,맑음,교차로 - 교차로안,이륜,남,62세,경상,화물,남,65세,상해없음
2017082200100113,2017년 8월 22일 07시,화요일,전라남도 여수시 율촌면,부상신고사고,0,0,0,2,차대차 - 정면충돌,중앙선침범,건조,맑음,단일로 - 기타,승합,남,61세,상해없음,화물,남,47세,부상신고
2017082200100142,2017년 8월 22일 08시,화요일,전라남도 여수시 관문동,경상사고,0,0,1,0,차대사람 - 기타,안전운전불이행,건조,흐림,단일로 - 기타,승용,여,44세,기타불명,보행자,여,55세,경상
2017082200100143,2017년 8월 22일 08시,화요일,전라남도 나주시 이창동,경상사고,0,0,1,0,차대차 - 추돌,안전거리미확보,건조,맑음,단일로 - 기타,승용,남,56세,상해없음,화물,남,52세,경상
2017082200100144,2017년 8월 22일 08시,화요일,전라남도 강진군 마량면,중상사고,0,1,3,0,차대차 - 기타,중앙선침범,젖음/습기,비,단일로 - 기타,화물,남,46세,상해없음,승합,남,45세,중상
2017082200100145,2017년 8월 22일 08시,화요일,전라남도 곡성군 석곡면,사망사고,1,0,0,0,차량단독 - 공작물충돌,안전운전불이행,건조,맑음,단일로 - 기타,승용,여,68세,사망,,,,
2017082200100184,2017년 8월 22일 09시,화요일,전라남도 순천시 가곡동,경상사고,0,0,1,0,차대차 - 측면충돌,안전운전불이행,건조,맑음,교차로 - 교차로안,승용,여,27세,상해없음,이륜,여,52세,경상
2017082200100185,2017년 8월 22일 09시,화요일,전라남도 순천시 장천동,중상사고,0,1,0,0,차대사람 - 차도통행중,안전운전불이행,건조,맑음,단일로 - 기타,승용,여,27세,상해없음,보행자,여,57세,중상
2017082200100238,2017년 8월 22일 11시,화요일,전라남도 영암군 군서면,사망사고,1,0,0,0,차량단독 - 공작물충돌,안전운전불이행,젖음/습기,비,단일로 - 기타,이륜,남,57세,사망,,,,
2017082200100239,2017년 8월 22일 11시,화요일,전라남도 완도군 완도읍,경상사고,0,0,1,0,차대차 - 측면충돌,안전운전불이행,건조,맑음,교차로 - 교차로부근,이륜,남,74세,경상,승용,남,58세,상해없음
2017082200100240,2017년 8월 22일 11시,화요일,전라남도 구례군 산동면,중상사고,0,1,3,0,차대차 - 측면충돌,교차로운행방법위반,건조,맑음,교차로 - 교차로안,승용,남,46세,경상,승합,남,80세,경상
2017082200100274,2017년 8월 22일 12시,화요일,전라남도 해남군 현산면,사망사고,1,0,0,0,차량단독 - 전도전복,안전운전불이행,건조,맑음,단일로 - 기타,승용,남,28세,사망,미분류,미분류,미분류,미분류
2017082200100275,2017년 8월 22일 12시,화요일,전라남도 광양시 중동,경상사고,0,0,1,0,차대차 - 측면충돌,안전운전불이행,젖음/습기,맑음,교차로 - 교차로부근,승용,남,51세,상해없음,원동기,남,71세,경상
2017082200100301,2017년 8월 22일 13시,화요일,전라남도 광양시 중동,경상사고,0,0,1,0,차대차 - 추돌,안전운전불이행,젖음/습기,맑음,교차로 - 교차로부근,화물,남,49세,상해없음,승용,여,55세,경상
2017082200100330,2017년 8월 22일 14시,화요일,전라남도 목포시 대양동,경상사고,0,0,1,0,차대차 - 정면충돌,신호위반,건조,맑음,교차로 - 교차로안,승용,남,54세,상해없음,승용,여,35세,경상
2017082200100331,2017년 8월 22일 14시,화요일,전라남도 여수시 웅천동,중상사고,0,1,0,0,차대차 - 추돌,안전운전불이행,건조,맑음,단일로 - 기타,화물,남,45세,상해없음,승용,여,47세,중상
2017082200100332,2017년 8월 22일 14시,화요일,전라남도 담양군 대덕면,경상사고,0,0,1,0,차대차 - 정면충돌,중앙선침범,건조,맑음,단일로 - 기타,승용,남,56세,기타불명,승용,남,71세,경상
2017082200100358,2017년 8월 22일 15시,화요일,전라남도 목포시 호남동,경상사고,0,0,1,0,차대차 - 기타,안전운전불이행,젖음/습기,비,교차로 - 교차로부근,승용,남,54세,경상,승합,남,56세,상해없음
2017082200100359,2017년 8월 22일 15시,화요일,전라남도 여수시 돌산읍,경상사고,0,0,1,0,차대차 - 측면충돌,신호위반,건조,맑음,교차로 - 교차로안,화물,남,24세,상해없음,화물,남,60세,경상
2017082200100360,2017년 8월 22일 15시,화요일,전라남도 광양시 광양읍,경상사고,0,0,2,1,차대차 - 측면충돌,교차로운행방법위반,건조,맑음,교차로 - 교차로안,승합,여,31세,부상신고,승용,여,39세,경상
2017082200100400,2017년 8월 22일 16시,화요일,전라남도 목포시 석현동,중상사고,0,1,1,0,차대차 - 기타,교차로운행방법위반,건조,맑음,교차로 - 교차로안,승용,여,32세,경상,승용,여,47세,중상
2017082200100443,2017년 8월 22일 17시,화요일,전라남도 해남군 화원면,경상사고,0,0,1,0,차대차 - 측면충돌,직진우회전진행방해,건조,맑음,교차로 - 교차로안,승용,남,72세,경상,승용,남,24세,상해없음
2017082200100444,2017년 8월 22일 17시,화요일,전라남도 장성군 서삼면,경상사고,0,0,1,0,차대사람 - 길가장자리구역통행중,안전운전불이행,건조,맑음,단일로 - 기타,승용,여,72세,상해없음,보행자,여,77세,경상
2017082200100485,2017년 8월 22일 18시,화요일,전라남도 목포시 옥암동,중상사고,0,2,0,0,차대차 - 측면충돌,신호위반,건조,맑음,교차로 - 교차로안,화물,남,25세,상해없음,승용,남,63세,중상
2017082200100486,2017년 8월 22일 18시,화요일,전라남도 해남군 옥천면,경상사고,0,0,1,0,차대차 - 측면충돌,중앙선침범,건조,맑음,단일로 - 기타,승용,여,34세,상해없음,승용,남,61세,경상
2017082200100487,2017년 8월 22일 18시,화요일,전라남도 무안군 일로읍,중상사고,0,1,0,0,차대사람 - 기타,안전운전불이행,건조,맑음,교차로 - 교차로안,승용,남,35세,상해없음,보행자,여,70세,중상
2017082200100527,2017년 8월 22일 19시,화요일,전라남도 여수시 광무동,중상사고,0,1,0,0,차대차 - 측면충돌,안전운전불이행,젖음/습기,비,단일로 - 기타,승용,남,53세,상해없음,자전거,남,74세,중상
2017082200100591,2017년 8월 22일 21시,화요일,전라남도 목포시 산정동,경상사고,0,0,1,0,차대차 - 측면충돌,신호위반,건조,맑음,교차로 - 교차로안,승용,남,61세,상해없음,승용,남,40세,경상
2017082200100610,2017년 8월 22일 22시,화요일,전라남도 여수시 중앙동,경상사고,0,0,1,0,차대사람 - 횡단중,신호위반,젖음/습기,비,단일로 - 기타,승용,여,49세,상해없음,보행자,여,17세,경상
2017082200100611,2017년 8월 22일 22시,화요일,전라남도 장흥군 장흥읍,경상사고,0,0,3,0,차대차 - 측면충돌,직진우회전진행방해,젖음/습기,비,교차로 - 교차로안,승용,여,56세,경상,승용,여,45세,경상
2017082200100639,2017년 8월 22일 23시,화요일,전라남도 담양군 담양읍,사망사고,1,0,0,0,차대사람 - 차도통행중,안전운전불이행,건조,맑음,단일로 - 기타,승용,남,26세,상해없음,보행자,여,53세,사망
2017082300100022,2017년 8월 23일 00시,수요일,전라남도 여수시 학동,경상사고,0,0,1,0,차대사람 - 길가장자리구역통행중,안전운전불이행,건조,맑음,단일로 - 기타,승용,남,49세,상해없음,보행자,여,28세,경상
2017082300100023,2017년 8월 23일 00시,수요일,전라남도 무안군 무안읍,경상사고,0,0,1,0,차대차 - 측면충돌,안전운전불이행,건조,맑음,단일로 - 기타,승용,남,23세,상해없음,승용,남,39세,경상
2017082300100033,2017년 8월 23일 01시,수요일,전라남도 여수시 여서동,경상사고,0,0,1,0,차대사람 - 길가장자리구역통행중,안전운전불이행,젖음/습기,흐림,단일로 - 기타,승용,남,23세,상해없음,보행자,남,23세,경상
2017082300100048,2017년 8월 23일 03시,수요일,전라남도 신안군 비금면,중상사고,0,1,0,0,차량단독 - 공작물충돌,안전운전불이행,건조,맑음,단일로 - 기타,화물,남,52세,중상,,,,
2017082300100112,2017년 8월 23일 07시,수요일,전라남도 목포시 산정동,경상사고,0,0,2,0,차대차 - 추돌,안전운전불이행,건조,맑음,교차로 - 교차로부근,승합,남,63세,상해없음,승용,남,76세,경상
2017082300100113,2017년 8월 23일 07시,수요일,전라남도 여수시 중흥동,경상사고,0,0,1,0,차대차 - 측면충돌,차로위반,건조,맑음,단일로 - 기타,특수,남,45세,상해없음,승용,남,33세,경상
2017082300100114,2017년 8월 23일 07시,수요일,전라남도 광양시 광영동,경상사고,0,0,2,0,차대차 - 측면충돌,직진우회전진행방해,건조,맑음,교차로 - 교차로안,승용,남,47세,상해없음,승용,남,72세,경상
2017082300100153,2017년 8월 23일 08시,수요일,전라남도 목포시 상락동2가,경상사고,0,0,2,0,차대차 - 기타,직진우회전진행방해,건조,맑음,교차로 - 교차로안,승용,남,21세,경상,승용,남,69세,경상
2017082300100154,2017년 8월 23일 08시,수요일,전라남도 여수시 율촌면,중상사고,0,1,1,0,차대차 - 측면충돌,안전운전불이행,건조,맑음,단일로 - 기타,승합,남,62세,중상,승용,여,56세,경상
2017082300100155,2017년 8월 23일 08시,수요일,전라남도 해남군 해남읍,경상사고,0,0,1,0,차대차 - 측면충돌,직진우회전진행방해,건조,맑음,교차로 - 교차로안,승용,남,20세,상해없음,승용,여,56세,경상
2017082300100156,2017년 8월 23일 08시,수요일,전라남도 영광군 홍농읍,경상사고,0,0,1,0,차대차 - 정면충돌,중앙선침범,건조,맑음,단일로 - 기타,승용,남,27세,상해없음,승용,여,44세,경상
2017082300100157,2017년 8월 23일 08시,수요일,전라남도 영광군 영광읍,경상사고,0,0,1,0,차대차 - 측면충돌,중앙선침범,건조,맑음,교차로 - 교차로안,자전거,남,14세,경상,화물,남,69세,상해없음
2017082300100193,2017년 8월 23일 09시,수요일,전라남도 순천시 석현동,경상사고,0,0,1,0,차량단독 - 공작물충돌,안전운전불이행,건조,맑음,교차로 - 교차로부근,화물,남,45세,경상,,,,
2017082300100194,2017년 8월 23일 09시,수요일,전라남도 순천시 조곡동,경상사고,0,0,1,0,차대차 - 기타,안전운전불이행,건조,맑음,교차로 - 교차로부근,승용,여,57세,상해없음,승용,남,65세,경상
2017082300100195,2017년 8월 23일 09시,수요일,전라남도 장흥군 장흥읍,경상사고,0,0,1,0,차대차 - 측면충돌,신호위반,건조,맑음,교차로 - 교차로안,승용,남,27세,상해없음,승용,남,56세,상해없음
2017082300100196,2017년 8월 23일 09시,수요일,전라남도 해남군 해남읍,중상사고,0,1,0,0,차대사람 - 횡단중,보행자보호의무위반,건조,맑음,단일로 - 기타,승합,남,52세,상해없음,보행자,여,79세,중상
2017082300100216,2017년 8월 23일 10시,수요일,전라남도 나주시 세지면,부상신고사고,0,0,0,1,차량단독 - 기타,안전운전불이행,건조,맑음,단일로 - 기타,이륜,남,82세,부상신고,,,,
2017082300100240,2017년 8월 23일 11시,수요일,전라남도 보성군 겸백면,부상신고사고,0,0,0,1,차대차 - 측면충돌,직진우회전진행방해,건조,맑음,단일로 - 기타,이륜,남,78세,부상신고,승용,남,62세,상해없음
2017082300100275,2017년 8월 23일 12시,수요일,전라남도 나주시 산포면,경상사고,0,0,3,0,차대차 - 추돌,안전운전불이행,건조,맑음,교차로 - 교차로부근,화물,남,46세,상해없음,화물,남,65세,경상
2017082300100276,2017년 8월 23일 12시,수요일,전라남도 해남군 북평면,경상사고,0,0,1,0,차대차 - 측면충돌,안전운전불이행,건조,맑음,단일로 - 기타,이륜,여,63세,경상,승용,여,49세,상해없음
2017082300100311,2017년 8월 23일 13시,수요일,전라남도 영암군 덕진면,경상사고,0,0,1,0,차대차 - 측면충돌,안전운전불이행,건조,맑음,단일로 - 기타,화물,남,56세,상해없음,승용,남,30세,경상
2017082300100368,2017년 8월 23일 15시,수요일,전라남도 목포시 상동,경상사고,0,0,1,0,차대차 - 기타,안전거리미확보,건조,맑음,교차로 - 교차로안,승용,남,59세,상해없음,이륜,남,21세,경상
2017082300100369,2017년 8월 23일 15시,수요일,전라남도 여수시 국동,사망사고,1,0,0,0,차대차 - 측면충돌,신호위반,건조,맑음,교차로 - 교차로횡단보도내,화물,남,68세,상해없음,자전거,남,85세,사망
2017082300100370,2017년 8월 23일 15시,수요일,전라남도 진도군 고군면,중상사고,0,1,0,0,차대차 - 측면충돌,중앙선침범,건조,맑음,단일로 - 기타,승용,여,45세,상해없음,이륜,남,39세,중상
2017082300100413,2017년 8월 23일 16시,수요일,전라남도 장성군 삼서면,중상사고,0,1,0,0,차대사람 - 길가장자리구역통행중,안전운전불이행,건조,맑음,단일로 - 기타,승합,남,61세,상해없음,보행자,여,75세,중상
2017082300100414,2017년 8월 23일 16시,수요일,전라남도 광양시 광양읍,중상사고,0,1,0,0,차대사람 - 횡단중,보행자보호의무위반,건조,맑음,교차로 - 교차로횡단보도내,승용,여,40세,상해없음,보행자,여,10세,중상
2017082300100482,2017년 8월 23일 18시,수요일,전라남도 순천시 별량면,중상사고,0,1,3,0,차대차 - 추돌,안전거리미확보,건조,맑음,교차로 - 교차로부근,승용,남,63세,중상,승용,남,71세,경상
2017082300100483,2017년 8월 23일 18시,수요일,전라남도 해남군 문내면,경상사고,0,0,1,0,차대차 - 추돌,안전운전불이행,건조,맑음,단일로 - 기타,화물,남,61세,상해없음,농기계,남,66세,경상
2017082300100484,2017년 8월 23일 18시,수요일,전라남도 완도군 노화읍,중상사고,0,1,0,0,차대사람 - 차도통행중,안전운전불이행,건조,맑음,단일로 - 기타,승용,남,57세,상해없음,보행자,여,90세 이상,중상
2017082300100520,2017년 8월 23일 19시,수요일,전라남도 목포시 상동,경상사고,0,0,1,0,차대차 - 기타,안전운전불이행,건조,맑음,교차로 - 교차로안,승용,남,55세,상해없음,승용,남,33세,경상
2017082300100521,2017년 8월 23일 19시,수요일,전라남도 화순군 화순읍,경상사고,0,0,1,0,차대사람 - 횡단중,보행자보호의무위반,건조,맑음,단일로 - 기타,승용,여,60세,상해없음,보행자,남,16세,경상
2017082300100522,2017년 8월 23일 19시,수요일,전라남도 광양시 중동,경상사고,0,0,1,0,차대사람 - 횡단중,안전운전불이행,건조,맑음,교차로 - 교차로부근,승용,남,49세,상해없음,보행자,여,31세,경상
2017082300100555,2017년 8월 23일 20시,수요일,전라남도 목포시 산정동,경상사고,0,0,3,0,차대차 - 기타,직진우회전진행방해,건조,맑음,교차로 - 교차로안,승용,여,43세,경상,승용,남,42세,경상
2017082300100635,2017년 8월 23일 23시,수요일,전라남도 장흥군 장흥읍,부상신고사고,0,0,0,1,차대차 - 측면충돌,안전운전불이행,건조,맑음,교차로 - 교차로안,승용,여,24세,상해없음,승용,남,56세,부상신고
2017082400100027,2017년 8월 24일 00시,목요일,전라남도 나주시 남평읍,경상사고,0,0,1,1,차대차 - 측면충돌,안전운전불이행,건조,맑음,단일로 - 기타,승용,남,40세,부상신고,화물,여,66세,경상
2017082400100028,2017년 8월 24일 00시,목요일,전라남도 순천시 인월동,중상사고,0,1,0,0,차대사람 - 길가장자리구역통행중,안전운전불이행,건조,맑음,단일로 - 기타,승용,남,35세,상해없음,보행자,남,50세,중상
2017082400100092,2017년 8월 24일 06시,목요일,전라남도 목포시 용해동,경상사고,0,0,1,0,차대차 - 기타,안전운전불이행,건조,맑음,단일로 - 기타,승용,여,60세,상해없음,승용,남,33세,경상
2017082400100140,2017년 8월 24일 08시,목요일,전라남도 신안군 암태면,중상사고,0,1,0,0,차대차 - 기타,안전운전불이행,건조,맑음,단일로 - 기타,농기계,남,72세,중상,화물,남,40세,상해없음
2017082400100141,2017년 8월 24일 08시,목요일,전라남도 순천시 중앙동,중상사고,0,1,0,0,차대사람 - 횡단중,안전운전불이행,건조,맑음,교차로 - 교차로부근,승용,남,57세,상해없음,보행자,여,68세,중상
2017082400100142,2017년 8월 24일 08시,목요일,전라남도 해남군 해남읍,중상사고,0,1,0,0,차대차 - 측면충돌,신호위반,젖음/습기,맑음,교차로 - 교차로안,승용,남,45세,상해없음,승용,여,42세,중상
2017082400100171,2017년 8월 24일 09시,목요일,전라남도 함평군 대동면,중상사고,0,1,3,0,차대차 - 정면충돌,중앙선침범,건조,맑음,단일로 - 기타,화물,남,76세,경상,승용,남,58세,경상
2017082400100172,2017년 8월 24일 09시,목요일,전라남도 강진군 옴천면,중상사고,0,1,0,0,차대사람 - 횡단중,안전운전불이행,건조,맑음,교차로 - 교차로안,승용,남,62세,상해없음,보행자,여,84세,중상
2017082400100196,2017년 8월 24일 10시,목요일,전라남도 해남군 해남읍,경상사고,0,0,1,0,차대차 - 측면충돌,신호위반,건조,맑음,교차로 - 교차로안,승용,남,57세,상해없음,승용,남,41세,경상
2017082400100197,2017년 8월 24일 10시,목요일,전라남도 영광군 영광읍,사망사고,1,0,0,0,차대사람 - 차도통행중,안전운전불이행,건조,맑음,단일로 - 기타,화물,남,45세,상해없음,보행자,여,84세,사망
2017082400100253,2017년 8월 24일 12시,목요일,전라남도 곡성군 옥과면,중상사고,0,1,1,0,차대차 - 측면충돌,안전운전불이행,건조,맑음,교차로 - 교차로안,이륜,남,71세,경상,자전거,남,50세,중상
2017082400100254,2017년 8월 24일 12시,목요일,전라남도 광양시 광양읍,경상사고,0,0,1,0,차대차 - 측면충돌,교차로운행방법위반,건조,맑음,교차로 - 교차로안,원동기,남,79세,경상,화물,남,70세,상해없음
2017082400100278,2017년 8월 24일 13시,목요일,전라남도 목포시 산정동,중상사고,0,1,1,0,차대차 - 측면충돌,신호위반,건조,맑음,단일로 - 기타,승용,남,63세,상해없음,승용,남,46세,중상
2017082400100279,2017년 8월 24일 13시,목요일,전라남도 구례군 토지면,사망사고,1,2,0,0,차량단독 - 기타,안전운전불이행,건조,맑음,단일로 - 기타,화물,남,56세,상해없음,,,,
2017082400100316,2017년 8월 24일 14시,목요일,전라남도 여수시 중앙동,경상사고,0,0,2,0,차대차 - 정면충돌,중앙선침범,건조,맑음,교차로 - 교차로부근,승용,남,43세,상해없음,승용,여,42세,경상
2017082400100317,2017년 8월 24일 14시,목요일,전라남도 담양군 월산면,경상사고,0,0,1,0,차대차 - 측면충돌,신호위반,건조,맑음,교차로 - 교차로안,승합,남,64세,상해없음,승용,남,45세,경상
2017082400100380,2017년 8월 24일 16시,목요일,전라남도 장성군 황룡면,중상사고,0,1,1,0,차대차 - 측면충돌,직진우회전진행방해,건조,맑음,교차로 - 교차로안,승용,여,53세,경상,승용,남,31세,중상
2017082400100381,2017년 8월 24일 16시,목요일,전라남도 진도군 의신면,경상사고,0,0,1,0,차대차 - 기타,안전운전불이행,건조,맑음,단일로 - 기타,화물,남,30세,상해없음,화물,남,58세,경상
2017082400100425,2017년 8월 24일 17시,목요일,전라남도 나주시 송월동,경상사고,0,0,2,0,차대차 - 측면충돌,안전거리미확보,건조,맑음,교차로 - 교차로부근,승용,남,62세,상해없음,화물,남,51세,경상
2017082400100460,2017년 8월 24일 18시,목요일,전라남도 순천시 풍덕동,경상사고,0,0,2,0,차대차 - 측면충돌,교차로운행방법위반,건조,맑음,교차로 - 교차로안,승용,여,57세,경상,승용,남,44세,경상
2017082400100461,2017년 8월 24일 18시,목요일,전라남도 고흥군 도양읍,중상사고,0,1,0,0,차량단독 - 전도전복 - 전도,안전운전불이행,건조,맑음,단일로 - 기타,이륜,남,56세,중상,,,,
2017082400100462,2017년 8월 24일 18시,목요일,전라남도 화순군 화순읍,경상사고,0,0,1,0,차대차 - 추돌,안전운전불이행,젖음/습기,비,단일로 - 기타,화물,남,38세,상해없음,승용,여,44세,경상
2017082400100463,2017년 8월 24일 18시,목요일,전라남도 강진군 신전면,중상사고,0,1,0,0,차량단독 - 기타,안전운전불이행,건조,맑음,단일로 - 기타,농기계,남,78세,중상,,,,
2017082400100505,2017년 8월 24일 19시,목요일,전라남도 목포시 옥암동,경상사고,0,0,2,0,차대차 - 기타,안전거리미확보,건조,맑음,단일로 - 기타,승용,남,23세,상해없음,화물,남,43세,경상
2017082400100506,2017년 8월 24일 19시,목요일,전라남도 여수시 돌산읍,사망사고,1,0,0,0,차량단독 - 전도전복,안전운전불이행,건조,맑음,단일로 - 기타,화물,남,51세,사망,미분류,미분류,미분류,미분류
2017082400100507,2017년 8월 24일 19시,목요일,전라남도 강진군 강진읍,경상사고,0,0,1,0,차대사람 - 길가장자리구역통행중,안전운전불이행,건조,맑음,단일로 - 기타,승용,여,57세,상해없음,보행자,여,59세,경상
2017082400100549,2017년 8월 24일 20시,목요일,전라남도 목포시 산정동,중상사고,0,1,0,0,차대사람 - 차도통행중,안전운전불이행,건조,맑음,단일로 - 기타,승용,여,50세,상해없음,보행자,여,71세,중상
2017082400100550,2017년 8월 24일 20시,목요일,전라남도 순천시 가곡동,경상사고,0,0,2,0,차대차 - 기타,안전운전불이행,건조,맑음,교차로 - 교차로부근,승용,남,69세,경상,화물,남,67세,상해없음
2017082400100551,2017년 8월 24일 20시,목요일,전라남도 보성군 노동면,사망사고,1,0,0,0,차대차 - 정면충돌,중앙선침범,건조,맑음,단일로 - 기타,사륜오토바이(ATV),남,82세,사망,화물,남,60세,상해없음
2017082400100587,2017년 8월 24일 21시,목요일,전라남도 함평군 학교면,경상사고,0,0,2,0,차대차 - 추돌,안전운전불이행,건조,맑음,교차로 - 교차로부근,승용,여,50세,상해없음,화물,남,35세,경상
2017082500100047,2017년 8월 25일 01시,금요일,전라남도 여수시 학동,경상사고,0,0,1,0,차대사람 - 기타,안전운전불이행,건조,맑음,교차로 - 교차로안,승용,여,36세,상해없음,보행자,남,38세,경상
2017082500100078,2017년 8월 25일 05시,금요일,전라남도 목포시 용당동,중상사고,0,1,0,0,차대사람 - 횡단중,신호위반,건조,맑음,단일로 - 기타,승용,여,56세,상해없음,보행자,여,60세,중상
2017082500100107,2017년 8월 25일 07시,금요일,전라남도 담양군 금성면,경상사고,0,0,2,0,차대차 - 추돌,안전운전불이행,젖음/습기,비,단일로 - 기타,화물,남,51세,경상,승합,남,41세,경상
2017082500100137,2017년 8월 25일 08시,금요일,전라남도 여수시 안산동,경상사고,0,0,2,0,차대차 - 측면충돌,차로위반,건조,맑음,단일로 - 기타,승용,남,44세,상해없음,승용,여,56세,경상
2017082500100138,2017년 8월 25일 08시,금요일,전라남도 순천시 용당동,경상사고,0,0,1,0,차대사람 - 횡단중,안전운전불이행,건조,맑음,단일로 - 기타,승용,여,37세,상해없음,보행자,남,11세,경상
2017082500100168,2017년 8월 25일 09시,금요일,전라남도 나주시 이창동,경상사고,0,0,1,0,차대차 - 측면충돌,안전운전불이행,건조,맑음,단일로 - 기타,이륜,남,65세,경상,승용,여,48세,상해없음
2017082500100169,2017년 8월 25일 09시,금요일,전라남도 해남군 문내면,부상신고사고,0,0,0,1,차대차 - 측면충돌,안전운전불이행,건조,맑음,교차로 - 교차로부근,화물,남,75세,상해없음,승용,남,53세,부상신고
2017082500100195,2017년 8월 25일 10시,금요일,전라남도 여수시 화양면,경상사고,0,0,1,0,차대차 - 기타,중앙선침범,건조,맑음,단일로 - 기타,승용,남,74세,상해없음,승합,남,59세,상해없음
2017082500100233,2017년 8월 25일 11시,금요일,전라남도 나주시 송월동,경상사고,0,0,1,0,차대차 - 추돌,안전운전불이행,건조,맑음,교차로 - 교차로안,승용,남,66세,상해없음,화물,남,59세,상해없음
2017082500100234,2017년 8월 25일 11시,금요일,전라남도 광양시 광양읍,경상사고,0,0,2,0,차대차 - 측면충돌,교차로운행방법위반,건조,맑음,교차로 - 교차로안,승합,남,46세,상해없음,승용,여,60세,경상
2017082500100268,2017년 8월 25일 12시,금요일,전라남도 영광군 군서면,중상사고,0,2,0,0,차대차 - 측면충돌,불법유턴,건조,맑음,단일로 - 고가도로위,승용,남,76세,상해없음,이륜,남,74세,중상
2017082500100293,2017년 8월 25일 13시,금요일,전라남도 목포시 상동,경상사고,0,0,1,0,차대차 - 측면충돌,안전운전불이행,건조,맑음,단일로 - 기타,승용,남,55세,상해없음,승용,남,21세,경상
2017082500100294,2017년 8월 25일 13시,금요일,전라남도 광양시 광양읍,경상사고,0,0,2,0,차대차 - 추돌,안전운전불이행,건조,맑음,교차로 - 교차로부근,승용,남,60세,상해없음,승용,여,62세,경상
2017082500100325,2017년 8월 25일 14시,금요일,전라남도 함평군 월야면,경상사고,0,0,1,1,차대차 - 추돌,안전운전불이행,건조,맑음,단일로 - 기타,승용,남,74세,부상신고,승용,남,30세,경상
2017082500100326,2017년 8월 25일 14시,금요일,전라남도 영암군 삼호읍,경상사고,0,0,1,0,차대차 - 기타,안전운전불이행,건조,맑음,교차로 - 교차로안,화물,남,30세,상해없음,건설기계,남,56세,경상
2017082500100327,2017년 8월 25일 14시,금요일,전라남도 장성군 서삼면,부상신고사고,0,0,0,1,차량단독 - 전도전복 - 전도,안전운전불이행,건조,맑음,단일로 - 기타,화물,남,62세,부상신고,,,,
2017082500100363,2017년 8월 25일 15시,금요일,전라남도 목포시 산정동,경상사고,0,0,1,0,차대차 - 후진중충돌,안전운전불이행,건조,맑음,주차장 - 주차장,화물,여,71세,상해없음,승용,남,31세,경상
2017082500100364,2017년 8월 25일 15시,금요일,전라남도 여수시 학동,경상사고,0,0,1,0,차대차 - 측면충돌,안전운전불이행,건조,맑음,교차로 - 교차로안,승용,여,63세,상해없음,승용,남,66세,경상
2017082500100365,2017년 8월 25일 15시,금요일,전라남도 화순군 화순읍,경상사고,0,0,1,0,차대차 - 추돌,안전거리미확보,건조,맑음,단일로 - 기타,승용,남,26세,상해없음,승용,남,68세,경상
2017082500100413,2017년 8월 25일 16시,금요일,전라남도 강진군 군동면,경상사고,0,0,1,0,차대차 - 측면충돌,안전운전불이행,건조,맑음,단일로 - 기타,승용,남,57세,상해없음,화물,여,69세,상해없음
2017082500100449,2017년 8월 25일 17시,금요일,전라남도 순천시 가곡동,경상사고,0,0,2,0,차대차 - 기타,중앙선침범,건조,맑음,단일로 - 기타,승용,남,29세,상해없음,승합,남,60세,경상
2017082500100506,2017년 8월 25일 18시,금요일,전라남도 여수시 소라면,중상사고,0,1,0,0,차대사람 - 기타,안전운전불이행,건조,맑음,교차로 - 교차로부근,화물,남,60세,상해없음,보행자,여,80세,중상
2017082500100507,2017년 8월 25일 18시,금요일,전라남도 나주시 세지면,중상사고,0,1,0,0,차대사람 - 기타,직진우회전진행방해,건조,맑음,교차로 - 교차로안,화물,여,51세,상해없음,보행자,여,71세,중상