사고번호,사고일시,요일,시군구,사고내용,사망자수,중상자수,경상자수,부상신고자수,사고유형,법규위반,노면상태,기상상태,도로형태,가해운전자 차종,가해운전자 성별,가해운전자 연령,가해운전자 상해정도,피해운전자 차종,피해운전자 성별,피해운전자 연령,피해운전자 상해정도
2017082500100508,2017년 8월 25일 18시,금요일,전라남도 강진군 병영면,경상사고,0,0,1,0,차대차 - 기타,안전운전불이행,건조,맑음,교차로 - 교차로부근,승용,여,33세,상해없음,자전거,남,61세,경상
2017082500100509,2017년 8월 25일 18시,금요일,전라남도 완도군 완도읍,중상사고,0,1,0,0,차대차 - 기타,안전운전불이행,건조,맑음,교차로 - 교차로안,승합,남,61세,상해없음,이륜,남,53세,중상
2017082500100510,2017년 8월 25일 18시,금요일,전라남도 광양시 옥곡면,경상사고,0,0,1,0,차대차 - 측면충돌,차로위반,건조,맑음,단일로 - 기타,화물,남,59세,상해없음,승용,남,25세,경상
2017082500100563,2017년 8월 25일 19시,금요일,전라남도 보성군 조성면,경상사고,0,0,2,0,차대차 - 측면충돌,직진우회전진행방해,건조,맑음,교차로 - 교차로안,화물,여,61세,상해없음,승용,남,46세,경상
2017082500100600,2017년 8월 25일 20시,금요일,전라남도 목포시 상동,경상사고,0,0,1,0,차대차 - 기타,안전거리미확보,건조,맑음,단일로 - 기타,승용,여,64세,상해없음,승용,여,56세,경상
2017082500100601,2017년 8월 25일 20시,금요일,전라남도 영광군 영광읍,경상사고,0,0,1,0,차량단독 - 전도전복 - 전도,안전운전불이행,건조,맑음,단일로 - 기타,이륜,남,73세,경상,,,,
2017082500100602,2017년 8월 25일 20시,금요일,전라남도 강진군 강진읍,중상사고,0,1,0,0,차대사람 - 기타,안전운전불이행,건조,맑음,단일로 - 기타,승용,남,36세,상해없음,보행자,여,49세,중상
2017082500100641,2017년 8월 25일 21시,금요일,전라남도 나주시 노안면,경상사고,0,0,1,0,차대차 - 측면충돌,직진우회전진행방해,건조,맑음,교차로 - 교차로안,승용,남,27세,경상,화물,남,57세,상해없음
2017082500100672,2017년 8월 25일 22시,금요일,전라남도 순천시 조례동,경상사고,0,0,1,0,차대사람 - 횡단중,보행자보호의무위반,건조,맑음,교차로 - 교차로횡단보도내,승용,여,47세,상해없음,보행자,남,28세,경상
2017082500100701,2017년 8월 25일 23시,금요일,전라남도 여수시 공화동,경상사고,0,0,3,0,차대차 - 추돌,안전운전불이행,건조,맑음,단일로 - 기타,이륜,남,17세,상해없음,승용,여,30세,경상
2017082600100037,2017년 8월 26일 00시,토요일,전라남도 여수시 신기동,경상사고,0,0,1,0,차대차 - 정면충돌,중앙선침범,건조,맑음,교차로 - 교차로부근,승용,남,35세,상해없음,승용,여,22세,경상
2017082600100078,2017년 8월 26일 02시,토요일,전라남도 목포시 연산동,중상사고,0,1,1,0,차대차 - 기타,안전운전불이행,건조,맑음,단일로 - 교량,승합,남,38세,중상,승용,남,58세,경상
2017082600100079,2017년 8월 26일 02시,토요일,전라남도 순천시 연향동,경상사고,0,0,1,0,차대차 - 측면충돌,신호위반,건조,맑음,교차로 - 교차로안,승용,남,23세,상해없음,승용,남,43세,경상
2017082600100092,2017년 8월 26일 03시,토요일,전라남도 순천시 해룡면,경상사고,0,0,2,0,차대차 - 측면충돌,기타,건조,맑음,교차로 - 교차로안,원동기,남,16세,경상,승용,여,29세,상해없음
2017082600100127,2017년 8월 26일 05시,토요일,전라남도 목포시 산정동,경상사고,0,0,1,0,차대차 - 기타,중앙선침범,건조,맑음,단일로 - 기타,화물,남,57세,상해없음,승용,남,44세,경상
2017082600100128,2017년 8월 26일 05시,토요일,전라남도 순천시 남정동,중상사고,0,1,0,0,차대차 - 측면충돌,안전운전불이행,건조,맑음,교차로 - 교차로안,승용,남,48세,상해없음,이륜,남,23세,중상
2017082600100129,2017년 8월 26일 05시,토요일,전라남도 담양군 대전면,경상사고,0,0,1,0,차대차 - 측면충돌,직진우회전진행방해,건조,맑음,교차로 - 교차로안,승용,남,22세,상해없음,화물,남,68세,상해없음
2017082600100168,2017년 8월 26일 08시,토요일,전라남도 여수시 학동,경상사고,0,0,4,0,차대차 - 추돌,안전운전불이행,건조,맑음,교차로 - 교차로부근,승용,남,29세,상해없음,승용,여,44세,경상
2017082600100169,2017년 8월 26일 08시,토요일,전라남도 장성군 삼서면,경상사고,0,0,1,0,차대차 - 기타,안전운전불이행,건조,맑음,단일로 - 기타,승용,남,44세,상해없음,승용,남,65세,경상
2017082600100194,2017년 8월 26일 09시,토요일,전라남도 해남군 현산면,경상사고,0,0,2,0,차대차 - 정면충돌,교차로운행방법위반,건조,맑음,교차로 - 교차로안,승용,남,45세,경상,승용,남,76세,경상
2017082600100223,2017년 8월 26일 10시,토요일,전라남도 목포시 용당동,경상사고,0,0,4,0,차대차 - 정면충돌,안전운전불이행,건조,맑음,교차로 - 교차로안,화물,여,63세,경상,승용,남,65세,경상
2017082600100224,2017년 8월 26일 10시,토요일,전라남도 순천시 별량면,중상사고,0,1,0,0,차대차 - 측면충돌,안전운전불이행,건조,맑음,교차로 - 교차로안,화물,남,56세,상해없음,이륜,남,60세,중상
2017082600100225,2017년 8월 26일 10시,토요일,전라남도 나주시 남내동,경상사고,0,0,1,0,차량단독 - 전도전복 - 전도,안전운전불이행,건조,맑음,단일로 - 기타,자전거,남,14세,경상,,,,
2017082600100226,2017년 8월 26일 10시,토요일,전라남도 영암군 영암읍,중상사고,0,1,0,0,차대차 - 측면충돌,안전운전불이행,건조,맑음,교차로 - 교차로안,원동기,남,74세,중상,승용,여,22세,상해없음
2017082600100298,2017년 8월 26일 12시,토요일,전라남도 신안군 안좌면,중상사고,0,1,0,0,차대차 - 기타,안전운전불이행,건조,맑음,교차로 - 교차로안,화물,남,63세,상해없음,이륜,남,63세,중상
2017082600100299,2017년 8월 26일 12시,토요일,전라남도 여수시 돌산읍,경상사고,0,0,1,0,차대차 - 측면충돌,중앙선침범,건조,맑음,단일로 - 기타,승합,남,66세,상해없음,승용,남,57세,경상
2017082600100300,2017년 8월 26일 12시,토요일,전라남도 진도군 임회면,경상사고,0,0,1,0,차대차 - 기타,안전운전불이행,건조,맑음,단일로 - 기타,승용,남,61세,경상,승용,남,57세,상해없음
2017082600100338,2017년 8월 26일 13시,토요일,전라남도 나주시 남외동,경상사고,0,0,1,0,차대차 - 기타,안전운전불이행,건조,맑음,단일로 - 기타,이륜,남,49세,경상,화물,남,59세,상해없음
2017082600100424,2017년 8월 26일 15시,토요일,전라남도 여수시 남산동,경상사고,0,0,1,0,차대차 - 추돌,안전거리미확보,건조,맑음,교차로 - 교차로안,승용,남,39세,상해없음,원동기,남,60세,경상
2017082600100425,2017년 8월 26일 15시,토요일,전라남도 고흥군 금산면,중상사고,0,1,0,0,차대차 - 측면충돌,안전운전불이행,건조,맑음,단일로 - 기타,이륜,남,77세,중상,승용,남,73세,상해없음
2017082600100462,2017년 8월 26일 16시,토요일,전라남도 나주시 대호동,경상사고,0,0,1,0,차대차 - 정면충돌,안전운전불이행,건조,맑음,교차로 - 교차로부근,승용,여,23세,상해없음,자전거,남,58세,경상
2017082600100463,2017년 8월 26일 16시,토요일,전라남도 나주시 이창동,경상사고,0,0,3,0,차대차 - 측면충돌,직진우회전진행방해,건조,맑음,교차로 - 교차로안,승용,여,69세,경상,화물,남,43세,경상
2017082600100464,2017년 8월 26일 16시,토요일,전라남도 장흥군 장흥읍,경상사고,0,0,1,0,차대차 - 기타,안전운전불이행,건조,맑음,교차로 - 교차로안,화물,남,45세,상해없음,자전거,남,9세,경상
2017082600100505,2017년 8월 26일 17시,토요일,전라남도 여수시 소라면,중상사고,0,1,1,0,차대차 - 측면충돌,차로위반,건조,맑음,단일로 - 기타,승용,남,44세,중상,승용,남,58세,경상
2017082600100506,2017년 8월 26일 17시,토요일,전라남도 구례군 마산면,경상사고,0,0,1,0,차대차 - 추돌,안전운전불이행,건조,맑음,단일로 - 기타,승용,남,56세,상해없음,원동기,여,49세,경상
2017082600100549,2017년 8월 26일 18시,토요일,전라남도 순천시 연향동,중상사고,0,1,0,0,차대사람 - 차도통행중,안전운전불이행,건조,맑음,교차로 - 교차로안,승용,남,33세,상해없음,보행자,여,81세,중상
2017082600100587,2017년 8월 26일 19시,토요일,전라남도 나주시 남평읍,중상사고,0,1,0,0,차대차 - 기타,기타,건조,맑음,교차로 - 교차로안,승용,남,55세,상해없음,승합,남,52세,상해없음
2017082600100588,2017년 8월 26일 19시,토요일,전라남도 영광군 영광읍,부상신고사고,0,0,0,1,차대차 - 기타,안전운전불이행,건조,맑음,단일로 - 기타,이륜,남,71세,부상신고,승용,남,31세,기타불명
2017082600100589,2017년 8월 26일 19시,토요일,전라남도 담양군 담양읍,경상사고,0,0,5,0,차대차 - 정면충돌,신호위반,건조,맑음,교차로 - 교차로안,원동기,남,74세,경상,승용,여,47세,경상
2017082600100590,2017년 8월 26일 19시,토요일,전라남도 무안군 삼향읍,경상사고,0,0,2,0,차대차 - 측면충돌,교차로운행방법위반,건조,맑음,교차로 - 교차로안,승용,남,28세,경상,승용,남,35세,경상
2017082600100621,2017년 8월 26일 20시,토요일,전라남도 순천시 해룡면,경상사고,0,0,1,0,차대차 - 측면충돌,안전운전불이행,건조,맑음,교차로 - 교차로안,승용,남,25세,상해없음,승용,남,43세,경상
2017082600100622,2017년 8월 26일 20시,토요일,전라남도 고흥군 고흥읍,경상사고,0,0,1,0,차대사람 - 기타,안전운전불이행,건조,맑음,교차로 - 교차로부근,기타불명,기타불명,미분류,기타불명,보행자,남,58세,경상
2017082600100650,2017년 8월 26일 21시,토요일,전라남도 순천시 인제동,사망사고,1,0,0,0,차대사람 - 기타,안전운전불이행,건조,맑음,단일로 - 기타,승용,남,53세,상해없음,보행자,남,49세,사망
2017082700100053,2017년 8월 27일 02시,일요일,전라남도 장흥군 장흥읍,경상사고,0,0,1,0,차량단독 - 도로외이탈 - 추락,안전운전불이행,건조,맑음,기타 - 기타,승용,남,74세,경상,,,,
2017082700100118,2017년 8월 27일 08시,일요일,전라남도 담양군 창평면,경상사고,0,0,1,0,차대차 - 추돌,안전운전불이행,건조,맑음,단일로 - 기타,화물,남,61세,상해없음,승용,남,25세,경상
2017082700100130,2017년 8월 27일 09시,일요일,전라남도 여수시 봉계동,경상사고,0,0,1,0,차대차 - 추돌,안전운전불이행,건조,맑음,교차로 - 교차로안,승용,남,25세,상해없음,승용,남,53세,경상
2017082700100149,2017년 8월 27일 10시,일요일,전라남도 순천시 낙안면,중상사고,0,1,6,0,차대차 - 측면충돌,중앙선침범,건조,맑음,단일로 - 기타,승용,여,57세,경상,승용,여,58세,중상
2017082700100150,2017년 8월 27일 10시,일요일,전라남도 장흥군 장흥읍,경상사고,0,0,1,0,차대차 - 측면충돌,직진우회전진행방해,건조,맑음,교차로 - 교차로안,이륜,남,71세,경상,승용,여,41세,상해없음
2017082700100198,2017년 8월 27일 12시,일요일,전라남도 순천시 상사면,경상사고,0,0,2,0,차대차 - 측면충돌,중앙선침범,건조,맑음,교차로 - 교차로안,승용,남,82세,상해없음,승용,남,25세,경상
2017082700100274,2017년 8월 27일 15시,일요일,전라남도 순천시 가곡동,경상사고,0,0,3,0,차대차 - 추돌,안전운전불이행,건조,맑음,단일로 - 기타,승용,남,25세,상해없음,승용,남,62세,경상
2017082700100305,2017년 8월 27일 16시,일요일,전라남도 여수시 돌산읍,경상사고,0,0,1,0,차대차 - 측면충돌,안전운전불이행,건조,맑음,교차로 - 교차로안,승용,여,40세,상해없음,승용,남,44세,경상
2017082700100306,2017년 8월 27일 16시,일요일,전라남도 장성군 장성읍,경상사고,0,0,1,0,차대사람 - 기타,안전운전불이행,건조,맑음,단일로 - 기타,화물,여,18세,상해없음,보행자,남,43세,경상
2017082700100340,2017년 8월 27일 17시,일요일,전라남도 목포시 산정동,경상사고,0,0,1,0,차대사람 - 길가장자리구역통행중,안전운전불이행,건조,맑음,단일로 - 기타,승용,여,40세,상해없음,보행자,여,16세,경상
2017082700100341,2017년 8월 27일 17시,일요일,전라남도 완도군 신지면,경상사고,0,0,1,0,차대차 - 기타,중앙선침범,건조,맑음,단일로 - 기타,승용,남,44세,상해없음,이륜,남,60세,상해없음
2017082700100367,2017년 8월 27일 18시,일요일,전라남도 담양군 담양읍,경상사고,0,0,3,0,차대차 - 추돌,안전운전불이행,건조,맑음,단일로 - 기타,승용,남,58세,상해없음,승용,남,48세,경상
2017082700100390,2017년 8월 27일 19시,일요일,전라남도 여수시 돌산읍,경상사고,0,0,1,0,차대차 - 측면충돌,안전운전불이행,건조,맑음,단일로 - 기타,기타불명,기타불명,미분류,기타불명,자전거,남,26세,경상
2017082700100413,2017년 8월 27일 20시,일요일,전라남도 여수시 선원동,경상사고,0,0,2,0,차대차 - 측면충돌,교차로운행방법위반,건조,맑음,교차로 - 교차로안,승용,남,28세,상해없음,승용,남,43세,상해없음
2017082700100414,2017년 8월 27일 20시,일요일,전라남도 해남군 해남읍,중상사고,0,1,2,0,차대차 - 측면충돌,교차로운행방법위반,건조,맑음,교차로 - 교차로안,화물,여,64세,경상,화물,남,74세,경상
2017082700100415,2017년 8월 27일 20시,일요일,전라남도 영암군 군서면,경상사고,0,0,1,0,차대차 - 측면충돌,중앙선침범,건조,맑음,단일로 - 기타,이륜,여,67세,경상,승용,남,43세,상해없음
2017082700100435,2017년 8월 27일 21시,일요일,전라남도 목포시 산정동,경상사고,0,0,1,0,차대차 - 기타,안전운전불이행,건조,맑음,교차로 - 교차로부근,승용,남,29세,상해없음,승용,남,58세,경상
2017082700100436,2017년 8월 27일 21시,일요일,전라남도 광양시 중동,중상사고,0,1,0,0,차대사람 - 횡단중,안전운전불이행,건조,맑음,단일로 - 기타,승용,남,42세,상해없음,보행자,여,81세,중상
2017082700100460,2017년 8월 27일 22시,일요일,전라남도 담양군 무정면,중상사고,0,1,2,0,차량단독 - 공작물충돌,안전운전불이행,건조,맑음,단일로 - 교량,승용,남,19세,상해없음,,,,
2017082700100475,2017년 8월 27일 23시,일요일,전라남도 완도군 완도읍,중상사고,0,1,0,0,차대차 - 정면충돌,신호위반,건조,맑음,교차로 - 교차로안,승용,남,46세,상해없음,이륜,남,31세,중상
2017082800100024,2017년 8월 28일 00시,월요일,전라남도 순천시 연향동,중상사고,0,1,1,0,차대차 - 추돌,안전운전불이행,건조,맑음,교차로 - 교차로부근,승용,남,67세,상해없음,승용,남,25세,상해없음
2017082800100056,2017년 8월 28일 05시,월요일,전라남도 여수시 여서동,경상사고,0,0,1,0,차대사람 - 길가장자리구역통행중,안전운전불이행,건조,맑음,단일로 - 기타,승용,여,31세,상해없음,보행자,남,53세,경상
2017082800100057,2017년 8월 28일 05시,월요일,전라남도 순천시 풍덕동,사망사고,1,0,0,0,차대사람 - 횡단중,안전운전불이행,건조,맑음,단일로 - 기타,승용,남,60세,상해없음,보행자,여,81세,사망
2017082800100069,2017년 8월 28일 06시,월요일,전라남도 영광군 영광읍,중상사고,0,1,2,0,차대차 - 측면충돌,직진우회전진행방해,건조,맑음,교차로 - 교차로안,승합,남,57세,상해없음,승용,남,64세,경상
2017082800100091,2017년 8월 28일 07시,월요일,전라남도 담양군 무정면,중상사고,0,1,0,0,차대차 - 정면충돌,기타,건조,맑음,단일로 - 기타,화물,남,68세,상해없음,이륜,남,80세,중상
2017082800100132,2017년 8월 28일 08시,월요일,전라남도 나주시 산포면,경상사고,0,0,3,0,차대차 - 측면충돌,직진우회전진행방해,건조,맑음,교차로 - 교차로안,승용,남,49세,경상,승용,여,51세,경상
2017082800100218,2017년 8월 28일 11시,월요일,전라남도 여수시 여서동,경상사고,0,0,1,1,차대차 - 측면충돌,차로위반,건조,맑음,교차로 - 교차로안,승용,남,45세,상해없음,승용,남,64세,경상
2017082800100219,2017년 8월 28일 11시,월요일,전라남도 담양군 용면,중상사고,0,1,0,0,차량단독 - 기타,안전운전불이행,건조,맑음,단일로 - 기타,이륜,남,44세,중상,,,,
2017082800100220,2017년 8월 28일 11시,월요일,전라남도 담양군 담양읍,중상사고,0,1,0,0,차대차 - 기타,안전거리미확보,건조,맑음,단일로 - 교량,승용,남,55세,상해없음,승용,여,40세,중상
2017082800100249,2017년 8월 28일 12시,월요일,전라남도 순천시 해룡면,경상사고,0,0,1,0,차대사람 - 기타,안전운전불이행,건조,맑음,교차로 - 교차로부근,승용,남,31세,상해없음,보행자,여,78세,경상
2017082800100250,2017년 8월 28일 12시,월요일,전라남도 무안군 삼향읍,중상사고,0,2,1,0,차대차 - 측면충돌,교차로운행방법위반,건조,맑음,교차로 - 교차로안,화물,남,60세,중상,승용,남,63세,경상
2017082800100286,2017년 8월 28일 13시,월요일,전라남도 나주시 대호동,경상사고,0,0,3,0,차대차 - 추돌,안전거리미확보,건조,맑음,교차로 - 교차로안,승용,여,53세,경상,승용,남,42세,경상
2017082800100320,2017년 8월 28일 14시,월요일,전라남도 순천시 장천동,경상사고,0,0,1,0,차대차 - 추돌,안전운전불이행,건조,맑음,교차로 - 교차로부근,승용,여,68세,상해없음,승용,여,63세,경상
2017082800100321,2017년 8월 28일 14시,월요일,전라남도 나주시 빛가람동,중상사고,0,1,0,0,차량단독 - 공작물충돌,안전운전불이행,건조,맑음,교차로 - 교차로부근,승용,여,58세,중상,,,,
2017082800100322,2017년 8월 28일 14시,월요일,전라남도 장성군 장성읍,경상사고,0,0,2,0,차대사람 - 기타,안전운전불이행,건조,맑음,주차장 - 주차장,승용,여,56세,상해없음,보행자,남,60세,경상
2017082800100323,2017년 8월 28일 14시,월요일,전라남도 구례군 마산면,경상사고,0,0,1,0,차대차 - 측면충돌,안전거리미확보,건조,맑음,단일로 - 기타,승용,남,75세,상해없음,화물,남,49세,경상
2017082800100397,2017년 8월 28일 16시,월요일,전라남도 목포시 산정동,중상사고,0,1,0,0,차대차 - 추돌,안전거리미확보,건조,맑음,교차로 - 교차로안,이륜,남,18세,중상,승용,남,56세,상해없음
2017082800100398,2017년 8월 28일 16시,월요일,전라남도 여수시 학동,경상사고,0,0,1,0,차대차 - 측면충돌,안전운전불이행,건조,맑음,주차장 - 주차장,승용,여,45세,상해없음,승용,남,51세,경상
2017082800100399,2017년 8월 28일 16시,월요일,전라남도 여수시 화양면,중상사고,0,1,0,0,차량단독 - 전도전복 - 전도,안전운전불이행,건조,맑음,단일로 - 기타,이륜,남,50세,중상,,,,
2017082800100400,2017년 8월 28일 16시,월요일,전라남도 장흥군 대덕읍,경상사고,0,0,1,0,차대사람 - 횡단중,안전운전불이행,건조,맑음,단일로 - 기타,승용,남,77세,상해없음,보행자,남,6세,경상
2017082800100441,2017년 8월 28일 17시,월요일,전라남도 여수시 공화동,중상사고,0,1,0,0,차대사람 - 기타,안전운전불이행,건조,맑음,단일로 - 기타,이륜,남,15세,상해없음,보행자,여,83세,중상
2017082800100442,2017년 8월 28일 17시,월요일,전라남도 해남군 현산면,경상사고,0,0,1,0,차대차 - 측면충돌,안전운전불이행,건조,맑음,단일로 - 기타,원동기,남,75세,경상,화물,남,47세,상해없음
2017082800100443,2017년 8월 28일 17시,월요일,전라남도 장성군 남면,중상사고,0,1,0,0,차대사람 - 기타,안전운전불이행,건조,맑음,교차로 - 교차로안,승용,여,59세,상해없음,보행자,여,75세,중상
2017082800100487,2017년 8월 28일 18시,월요일,전라남도 영광군 영광읍,경상사고,0,0,1,0,차대사람 - 횡단중,보행자보호의무위반,건조,맑음,교차로 - 교차로횡단보도내,승용,남,63세,상해없음,보행자,남,53세,경상
2017082800100560,2017년 8월 28일 20시,월요일,전라남도 신안군 신의면,사망사고,1,0,1,0,차량단독 - 전도전복,안전운전불이행,건조,맑음,단일로 - 기타,승합,남,52세,사망,미분류,미분류,미분류,미분류
2017082900100064,2017년 8월 29일 04시,화요일,전라남도 순천시 조례동,중상사고,0,1,0,0,차대사람 - 기타,안전운전불이행,젖음/습기,맑음,교차로 - 교차로횡단보도내,승용,여,28세,상해없음,보행자,남,31세,중상
2017082900100065,2017년 8월 29일 04시,화요일,전라남도 고흥군 봉래면,중상사고,0,1,0,0,차대사람 - 기타,안전운전불이행,건조,맑음,단일로 - 기타,화물,남,65세,상해없음,보행자,여,83세,중상
2017082900100086,2017년 8월 29일 06시,화요일,전라남도 여수시 소라면,중상사고,0,1,0,0,차대사람 - 횡단중,안전운전불이행,건조,맑음,단일로 - 기타,승용,남,66세,상해없음,보행자,여,85세,중상
2017082900100187,2017년 8월 29일 09시,화요일,전라남도 장흥군 장흥읍,경상사고,0,0,2,0,차대차 - 측면충돌,직진우회전진행방해,건조,맑음,교차로 - 교차로안,화물,남,23세,경상,승용,남,35세,경상
2017082900100188,2017년 8월 29일 09시,화요일,전라남도 담양군 담양읍,경상사고,0,0,1,0,차대차 - 후진중충돌,안전운전불이행,건조,맑음,단일로 - 기타,화물,남,64세,상해없음,승용,여,43세,경상
2017082900100214,2017년 8월 29일 10시,화요일,전라남도 목포시 상동,경상사고,0,0,2,0,차대차 - 측면충돌,안전운전불이행,건조,기타,단일로 - 기타,화물,남,45세,상해없음,승용,남,26세,경상
2017082900100241,2017년 8월 29일 11시,화요일,전라남도 함평군 월야면,경상사고,0,0,1,0,차량단독 - 공작물충돌,안전운전불이행,건조,맑음,단일로 - 기타,승용,여,64세,경상,,,,
2017082900100275,2017년 8월 29일 12시,화요일,전라남도 목포시 상동,경상사고,0,0,1,0,차대차 - 기타,안전운전불이행,건조,기타,단일로 - 기타,기타불명,기타불명,미분류,기타불명,자전거,남,37세,경상
2017082900100304,2017년 8월 29일 13시,화요일,전라남도 순천시 해룡면,경상사고,0,0,2,0,차대차 - 측면충돌,안전운전불이행,건조,맑음,교차로 - 교차로부근,승용,여,33세,상해없음,화물,남,35세,경상
2017082900100305,2017년 8월 29일 13시,화요일,전라남도 장흥군 장흥읍,중상사고,0,1,0,0,차대차 - 측면충돌,직진우회전진행방해,건조,맑음,교차로 - 교차로안,이륜,남,63세,중상,화물,남,59세,상해없음
2017082900100370,2017년 8월 29일 15시,화요일,전라남도 곡성군 목사동면,중상사고,0,1,0,0,차대차 - 측면충돌,안전운전불이행,건조,맑음,교차로 - 교차로안,농기계,남,69세,상해없음,승용,여,58세,중상
2017082900100413,2017년 8월 29일 16시,화요일,전라남도 목포시 용해동,경상사고,0,0,1,0,차대사람 - 기타,안전운전불이행,건조,맑음,단일로 - 기타,승용,여,39세,상해없음,보행자,남,48세,경상
2017082900100414,2017년 8월 29일 16시,화요일,전라남도 여수시 돌산읍,경상사고,0,0,1,0,차대차 - 정면충돌,중앙선침범,건조,맑음,단일로 - 기타,승용,남,36세,상해없음,승용,남,51세,경상
2017082900100499,2017년 8월 29일 18시,화요일,전라남도 나주시 남평읍,중상사고,0,1,0,0,차대차 - 측면충돌,교차로운행방법위반,건조,맑음,교차로 - 교차로안,승용,남,65세,상해없음,이륜,남,50세,중상
2017082900100500,2017년 8월 29일 18시,화요일,전라남도 담양군 대덕면,경상사고,0,0,1,0,차대차 - 기타,안전운전불이행,건조,맑음,단일로 - 기타,화물,남,38세,상해없음,승용,남,31세,경상
2017082900100574,2017년 8월 29일 20시,화요일,전라남도 보성군,경상사고,0,0,1,0,차대차 - 측면충돌,안전운전불이행,건조,맑음,교차로 - 교차로안,승용,여,39세,상해없음,승용,여,49세,경상
2017082900100575,2017년 8월 29일 20시,화요일,전라남도 강진군 강진읍,중상사고,0,1,0,0,차대차 - 측면충돌,직진우회전진행방해,건조,맑음,교차로 - 교차로안,승용,남,42세,상해없음,승용,남,37세,상해없음
2017082900100606,2017년 8월 29일 21시,화요일,전라남도 여수시 웅천동,중상사고,0,1,0,0,차대차 - 측면충돌,신호위반,건조,맑음,교차로 - 교차로안,승합,남,56세,상해없음,이륜,남,18세,중상
2017082900100607,2017년 8월 29일 21시,화요일,전라남도 담양군 무정면,중상사고,0,1,0,0,차량단독 - 기타,안전운전불이행,건조,맑음,단일로 - 기타,원동기,남,57세,중상,,,,
2017082900100648,2017년 8월 29일 23시,화요일,전라남도 영암군 영암읍,사망사고,1,0,0,0,차대차 - 추돌,안전운전불이행,건조,맑음,교차로 - 교차로부근,승용,여,43세,상해없음,농기계,남,62세,사망
2017083000100035,2017년 8월 30일 01시,수요일,전라남도 강진군 성전면,중상사고,0,1,0,0,차대사람 - 기타,안전운전불이행,건조,맑음,단일로 - 기타,승용,여,65세,상해없음,보행자,남,61세,중상
2017083000100062,2017년 8월 30일 05시,수요일,전라남도 광양시 광양읍,경상사고,0,0,2,0,차대차 - 측면충돌,신호위반,건조,맑음,교차로 - 교차로안,승용,여,50세,경상,승용,남,44세,경상
2017083000100077,2017년 8월 30일 06시,수요일,전라남도 해남군 산이면,경상사고,0,0,3,0,차대차 - 추돌,안전운전불이행,건조,맑음,단일로 - 기타,화물,남,51세,상해없음,승용,남,34세,경상
2017083000100078,2017년 8월 30일 06시,수요일,전라남도 장성군 남면,부상신고사고,0,0,0,1,차량단독 - 전도전복,안전운전불이행,건조,맑음,단일로 - 기타,승용,여,31세,부상신고,미분류,미분류,미분류,미분류
2017083000100094,2017년 8월 30일 07시,수요일,전라남도 순천시 해룡면,중상사고,0,1,1,0,차대차 - 측면충돌,신호위반,건조,맑음,교차로 - 교차로안,승용,남,37세,상해없음,승용,남,24세,경상
2017083000100126,2017년 8월 30일 08시,수요일,전라남도 무안군 삼향읍,경상사고,0,0,2,0,차대차 - 측면충돌,교차로운행방법위반,건조,흐림,교차로 - 교차로안,승용,여,42세,경상,승용,여,25세,경상
2017083000100162,2017년 8월 30일 09시,수요일,전라남도 여수시 충무동,경상사고,0,0,1,0,차대사람 - 횡단중,안전운전불이행,건조,맑음,단일로 - 기타,화물,남,32세,상해없음,보행자,여,69세,경상
2017083000100163,2017년 8월 30일 09시,수요일,전라남도 여수시 학동,경상사고,0,0,1,0,차대사람 - 길가장자리구역통행중,안전운전불이행,건조,맑음,교차로 - 교차로부근,승용,여,45세,기타불명,보행자,남,65세,경상
2017083000100191,2017년 8월 30일 10시,수요일,전라남도 고흥군 포두면,사망사고,1,0,0,0,차대사람 - 길가장자리구역통행중,안전운전불이행,건조,맑음,교차로 - 교차로안,화물,남,38세,상해없음,보행자,여,79세,사망
2017083000100219,2017년 8월 30일 11시,수요일,전라남도 목포시 상동,경상사고,0,0,2,0,차대차 - 측면충돌,교차로운행방법위반,건조,맑음,교차로 - 교차로안,승용,여,67세,경상,승용,여,41세,경상
2017083000100240,2017년 8월 30일 12시,수요일,전라남도 목포시 연산동,중상사고,0,1,0,0,차량단독 - 기타,안전운전불이행,건조,맑음,단일로 - 기타,자전거,남,40세,중상,,,,
2017083000100241,2017년 8월 30일 12시,수요일,전라남도 해남군 황산면,경상사고,0,0,1,0,차대차 - 측면충돌,안전운전불이행,건조,맑음,단일로 - 기타,화물,남,64세,상해없음,이륜,여,67세,경상
2017083000100242,2017년 8월 30일 12시,수요일,전라남도 보성군 벌교읍,경상사고,0,0,1,0,차대차 - 측면충돌,교차로운행방법위반,건조,맑음,교차로 - 교차로안,자전거,남,80세,경상,이륜,남,68세,상해없음
2017083000100243,2017년 8월 30일 12시,수요일,전라남도 함평군 나산면,경상사고,0,0,1,0,차대차 - 측면충돌,안전운전불이행,건조,맑음,교차로 - 교차로안,화물,남,65세,상해없음,이륜,남,82세,경상
2017083000100267,2017년 8월 30일 13시,수요일,전라남도 여수시 남산동,경상사고,0,0,1,0,차대차 - 측면충돌,안전운전불이행,건조,맑음,교차로 - 교차로부근,화물,여,66세,상해없음,승용,남,51세,경상
2017083000100302,2017년 8월 30일 14시,수요일,전라남도 여수시 웅천동,경상사고,0,0,1,0,차대차 - 측면충돌,차로위반,건조,맑음,교차로 - 교차로부근,승용,남,66세,상해없음,승용,남,35세,경상