사고번호,사고일시,요일,시군구,사고내용,사망자수,중상자수,경상자수,부상신고자수,사고유형,법규위반,노면상태,기상상태,도로형태,가해운전자 차종,가해운전자 성별,가해운전자 연령,가해운전자 상해정도,피해운전자 차종,피해운전자 성별,피해운전자 연령,피해운전자 상해정도
2017091300100219,2017년 9월 13일 10시,수요일,전라남도 화순군 화순읍,중상사고,0,1,0,0,차대사람 - 기타,안전운전불이행,건조,맑음,단일로 - 기타,승합,남,52세,상해없음,보행자,여,71세,중상
2017091300100242,2017년 9월 13일 11시,수요일,전라남도 화순군 화순읍,경상사고,0,0,1,0,차대차 - 기타,안전운전불이행,건조,맑음,교차로 - 교차로안,승용,남,25세,상해없음,자전거,남,76세,경상
2017091300100322,2017년 9월 13일 13시,수요일,전라남도 여수시 율촌면,중상사고,0,1,0,0,차대사람 - 차도통행중,안전운전불이행,건조,맑음,단일로 - 기타,화물,남,38세,상해없음,보행자,여,78세,중상
2017091300100362,2017년 9월 13일 14시,수요일,전라남도 광양시 진월면,중상사고,0,1,0,0,차대차 - 측면충돌,안전운전불이행,건조,맑음,단일로 - 기타,건설기계,남,36세,상해없음,원동기,남,73세,중상
2017091300100395,2017년 9월 13일 15시,수요일,전라남도 목포시 산정동,경상사고,0,0,3,0,차대차 - 측면충돌,직진우회전진행방해,건조,맑음,교차로 - 교차로안,승용,여,59세,경상,승용,남,22세,경상
2017091300100396,2017년 9월 13일 15시,수요일,전라남도 순천시 연향동,경상사고,0,0,1,0,차대사람 - 차도통행중,안전운전불이행,건조,맑음,교차로 - 교차로안,승용,여,48세,상해없음,보행자,남,22세,경상
2017091300100425,2017년 9월 13일 16시,수요일,전라남도 영광군 홍농읍,경상사고,0,0,1,0,차대차 - 측면충돌,직진우회전진행방해,건조,맑음,교차로 - 교차로안,승합,남,43세,상해없음,승용,여,54세,경상
2017091300100426,2017년 9월 13일 16시,수요일,전라남도 화순군 화순읍,중상사고,0,1,0,1,차대차 - 측면충돌,신호위반,건조,맑음,교차로 - 교차로안,이륜,남,75세,부상신고,화물,남,57세,상해없음
2017091300100478,2017년 9월 13일 17시,수요일,전라남도 광양시 광양읍,중상사고,0,1,0,0,차대사람 - 횡단중,보행자보호의무위반,건조,맑음,교차로 - 교차로안,승용,여,44세,상해없음,보행자,여,80세,중상
2017091300100529,2017년 9월 13일 18시,수요일,전라남도 목포시 용해동,경상사고,0,0,4,0,차대차 - 측면충돌,직진우회전진행방해,건조,맑음,교차로 - 교차로안,승용,여,37세,경상,승용,여,34세,경상
2017091300100530,2017년 9월 13일 18시,수요일,전라남도 순천시 조례동,부상신고사고,0,0,0,1,차대차 - 측면충돌,교차로운행방법위반,건조,맑음,교차로 - 교차로안,승용,여,34세,상해없음,이륜,남,18세,부상신고
2017091300100531,2017년 9월 13일 18시,수요일,전라남도 광양시 광양읍,중상사고,0,1,1,0,차대사람 - 횡단중,안전운전불이행,건조,맑음,단일로 - 기타,승용,여,41세,상해없음,보행자,여,10세,중상
2017091300100580,2017년 9월 13일 19시,수요일,전라남도 여수시 여서동,중상사고,0,1,0,0,차대사람 - 횡단중,보행자보호의무위반,건조,맑음,교차로 - 교차로부근,승용,남,58세,상해없음,보행자,여,8세,중상
2017091300100581,2017년 9월 13일 19시,수요일,전라남도 보성군 미력면,경상사고,0,0,1,0,차대차 - 기타,안전운전불이행,건조,맑음,단일로 - 기타,승용,남,72세,경상,승용,남,42세,상해없음
2017091300100612,2017년 9월 13일 20시,수요일,전라남도 영광군 군서면,중상사고,0,1,0,0,차대차 - 측면충돌,신호위반,건조,맑음,교차로 - 교차로안,승용,남,47세,중상,특수,남,24세,상해없음
2017091300100643,2017년 9월 13일 21시,수요일,전라남도 순천시 조례동,경상사고,0,0,2,0,차대차 - 기타,안전운전불이행,건조,맑음,단일로 - 기타,승용,여,49세,상해없음,승용,여,53세,경상
2017091300100644,2017년 9월 13일 21시,수요일,전라남도 순천시 연향동,중상사고,0,1,3,0,차대차 - 측면충돌,신호위반,건조,맑음,교차로 - 교차로부근,승용,남,44세,경상,승용,여,51세,경상
2017091300100645,2017년 9월 13일 21시,수요일,전라남도 화순군 화순읍,경상사고,0,0,2,0,차대차 - 측면충돌,교차로운행방법위반,건조,맑음,교차로 - 교차로안,이륜,남,52세,경상,승용,남,27세,경상
2017091400100067,2017년 9월 14일 05시,목요일,전라남도 여수시 화양면,중상사고,0,4,0,0,차량단독 - 기타,안전운전불이행,건조,맑음,단일로 - 기타,화물,남,28세,중상,,,,
2017091400100078,2017년 9월 14일 06시,목요일,전라남도 나주시 문평면,중상사고,0,2,0,0,차대차 - 추돌,안전운전불이행,건조,맑음,단일로 - 기타,화물,남,41세,중상,화물,남,58세,상해없음
2017091400100119,2017년 9월 14일 07시,목요일,전라남도 영광군 묘량면,경상사고,0,0,1,0,차대차 - 추돌,안전운전불이행,건조,맑음,단일로 - 기타,승용,남,27세,상해없음,승용,남,42세,경상
2017091400100220,2017년 9월 14일 09시,목요일,전라남도 순천시 낙안면,중상사고,0,1,0,0,차대차 - 측면충돌,교차로운행방법위반,건조,맑음,교차로 - 교차로안,화물,남,61세,상해없음,이륜,여,34세,중상
2017091400100221,2017년 9월 14일 09시,목요일,전라남도 해남군 해남읍,경상사고,0,0,2,0,차대차 - 기타,안전거리미확보,건조,맑음,단일로 - 기타,건설기계,남,52세,상해없음,화물,남,54세,경상
2017091400100222,2017년 9월 14일 09시,목요일,전라남도 광양시 중동,중상사고,0,1,0,0,차대차 - 기타,신호위반,건조,맑음,교차로 - 교차로안,원동기,남,26세,중상,승용,남,59세,상해없음
2017091400100249,2017년 9월 14일 10시,목요일,전라남도 여수시 문수동,경상사고,0,0,1,0,차대사람 - 횡단중,보행자보호의무위반,건조,맑음,단일로 - 기타,승합,여,45세,상해없음,보행자,남,70세,경상
2017091400100250,2017년 9월 14일 10시,목요일,전라남도 순천시 조곡동,경상사고,0,0,1,0,차대차 - 측면충돌,직진우회전진행방해,건조,맑음,교차로 - 교차로안,승용,남,77세,상해없음,승용,여,34세,경상
2017091400100251,2017년 9월 14일 10시,목요일,전라남도 완도군 완도읍,중상사고,0,1,0,0,차량단독 - 전도전복,안전운전불이행,건조,맑음,교차로 - 교차로부근,이륜,남,65세,중상,미분류,미분류,미분류,미분류
2017091400100279,2017년 9월 14일 11시,목요일,전라남도 보성군 보성읍,중상사고,0,1,0,0,차대차 - 측면충돌,신호위반,건조,맑음,교차로 - 교차로안,화물,남,26세,상해없음,원동기,남,82세,중상
2017091400100315,2017년 9월 14일 12시,목요일,전라남도 화순군 청풍면,중상사고,0,2,0,0,차대차 - 측면충돌,교차로운행방법위반,건조,맑음,교차로 - 교차로안,승용,남,67세,상해없음,이륜,남,70세,중상
2017091400100345,2017년 9월 14일 13시,목요일,전라남도 여수시 학동,경상사고,0,0,1,0,차대사람 - 길가장자리구역통행중,안전운전불이행,건조,맑음,교차로 - 교차로부근,승용,여,58세,상해없음,보행자,여,53세,경상
2017091400100386,2017년 9월 14일 14시,목요일,전라남도 신안군 압해읍,부상신고사고,0,0,0,1,차대차 - 측면충돌,중앙선침범,건조,맑음,단일로 - 기타,원동기,남,79세,부상신고,화물,남,68세,상해없음
2017091400100387,2017년 9월 14일 14시,목요일,전라남도 해남군 마산면,경상사고,0,0,1,0,차대차 - 기타,교차로운행방법위반,건조,맑음,교차로 - 교차로안,승용,남,48세,상해없음,사륜오토바이(ATV),여,68세,경상
2017091400100388,2017년 9월 14일 14시,목요일,전라남도 장성군 장성읍,부상신고사고,0,0,0,1,차대차 - 기타,안전운전불이행,건조,맑음,교차로 - 교차로안,이륜,여,71세,부상신고,승용,남,62세,상해없음
2017091400100389,2017년 9월 14일 14시,목요일,전라남도 완도군 청산면,경상사고,0,0,2,0,차대차 - 측면충돌,안전운전불이행,건조,맑음,기타 - 기타,농기계,남,65세,상해없음,화물,남,37세,경상
2017091400100417,2017년 9월 14일 15시,목요일,전라남도 순천시 연향동,경상사고,0,0,1,0,차대차 - 측면충돌,신호위반,건조,맑음,교차로 - 교차로안,승용,남,73세,상해없음,원동기,남,26세,경상
2017091400100418,2017년 9월 14일 15시,목요일,전라남도 강진군 성전면,부상신고사고,0,0,0,1,차대차 - 기타,안전운전불이행,건조,맑음,단일로 - 기타,승용,남,43세,상해없음,자전거,남,72세,부상신고
2017091400100458,2017년 9월 14일 16시,목요일,전라남도 장흥군 용산면,경상사고,0,0,1,0,차대사람 - 차도통행중,안전운전불이행,건조,맑음,단일로 - 기타,건설기계,남,54세,상해없음,보행자,남,50세,경상
2017091400100459,2017년 9월 14일 16시,목요일,전라남도 영광군 염산면,경상사고,0,0,1,0,차대차 - 측면충돌,안전운전불이행,건조,맑음,교차로 - 교차로안,승합,남,69세,상해없음,이륜,남,52세,경상
2017091400100512,2017년 9월 14일 17시,목요일,전라남도 나주시 청동,경상사고,0,0,1,0,차대차 - 측면충돌,안전운전불이행,건조,맑음,단일로 - 기타,자전거,남,8세,경상,승용,남,60세,상해없음
2017091400100513,2017년 9월 14일 17시,목요일,전라남도 영암군 삼호읍,경상사고,0,0,1,0,차대차 - 기타,안전운전불이행,건조,맑음,교차로 - 교차로부근,승용,남,56세,상해없음,승용,여,37세,경상
2017091400100567,2017년 9월 14일 18시,목요일,전라남도 해남군 마산면,경상사고,0,0,1,0,차대차 - 기타,안전운전불이행,건조,맑음,단일로 - 기타,승용,남,60세,상해없음,화물,여,55세,경상
2017091400100675,2017년 9월 14일 21시,목요일,전라남도 화순군 화순읍,부상신고사고,0,0,0,1,차대차 - 측면충돌,직진우회전진행방해,건조,맑음,교차로 - 교차로안,승용,남,52세,부상신고,승용,여,43세,상해없음
2017091400100701,2017년 9월 14일 22시,목요일,전라남도 목포시 용해동,경상사고,0,0,1,0,차대차 - 추돌,안전운전불이행,건조,맑음,단일로 - 기타,승용,남,51세,상해없음,이륜,남,16세,경상
2017091400100702,2017년 9월 14일 22시,목요일,전라남도 영광군 군서면,경상사고,0,0,1,0,차대차 - 측면충돌,중앙선침범,건조,맑음,단일로 - 기타,화물,남,68세,상해없음,승용,여,49세,경상
2017091400100731,2017년 9월 14일 23시,목요일,전라남도 해남군 산이면,중상사고,0,1,0,0,차대차 - 기타,교차로운행방법위반,건조,흐림,교차로 - 교차로안,승용,여,42세,중상,승용,남,53세,상해없음
2017091500100023,2017년 9월 15일 00시,금요일,전라남도 순천시 조례동,중상사고,0,1,0,0,차대사람 - 차도통행중,안전운전불이행,건조,맑음,교차로 - 교차로안,승용,남,59세,상해없음,보행자,남,47세,중상
2017091500100032,2017년 9월 15일 01시,금요일,전라남도 순천시 조례동,경상사고,0,0,1,0,차대차 - 측면충돌,안전운전불이행,건조,맑음,단일로 - 기타,승용,남,28세,상해없음,승용,남,26세,경상
2017091500100038,2017년 9월 15일 02시,금요일,전라남도 해남군 옥천면,중상사고,0,1,1,0,차대차 - 기타,안전거리미확보,건조,흐림,단일로 - 기타,화물,남,43세,중상,화물,남,46세,경상
2017091500100092,2017년 9월 15일 07시,금요일,전라남도 목포시 대양동,경상사고,0,0,3,0,차대차 - 측면충돌,차로위반,건조,맑음,단일로 - 기타,화물,남,56세,상해없음,승용,남,35세,경상
2017091500100136,2017년 9월 15일 08시,금요일,전라남도 여수시 화양면,경상사고,0,0,1,0,차대차 - 정면충돌,교차로운행방법위반,건조,맑음,교차로 - 교차로안,승용,여,52세,상해없음,승용,남,58세,경상
2017091500100181,2017년 9월 15일 09시,금요일,전라남도 여수시 학동,경상사고,0,0,2,0,차대차 - 측면충돌,신호위반,건조,맑음,교차로 - 교차로안,승용,남,72세,상해없음,승용,남,64세,경상
2017091500100182,2017년 9월 15일 09시,금요일,전라남도 장흥군 장흥읍,경상사고,0,0,1,0,차대사람 - 기타,안전운전불이행,건조,맑음,교차로 - 교차로부근,승용,남,37세,상해없음,보행자,여,89세,경상
2017091500100208,2017년 9월 15일 10시,금요일,전라남도 영광군 영광읍,경상사고,0,0,1,0,차대차 - 측면충돌,직진우회전진행방해,건조,맑음,교차로 - 교차로안,원동기,남,73세,경상,승용,남,72세,상해없음
2017091500100249,2017년 9월 15일 11시,금요일,전라남도 순천시 가곡동,경상사고,0,0,2,0,차대차 - 측면충돌,안전운전불이행,건조,맑음,교차로 - 교차로부근,화물,남,31세,경상,승용,여,60세,경상
2017091500100250,2017년 9월 15일 11시,금요일,전라남도 무안군 무안읍,중상사고,0,1,2,0,차대차 - 기타,안전운전불이행,건조,맑음,교차로 - 교차로부근,승용,남,66세,중상,승용,남,52세,상해없음
2017091500100268,2017년 9월 15일 12시,금요일,전라남도 화순군 춘양면,중상사고,0,1,0,0,차대차 - 측면충돌,직진우회전진행방해,건조,맑음,교차로 - 교차로안,이륜,여,62세,중상,승용,남,53세,상해없음
2017091500100327,2017년 9월 15일 14시,금요일,전라남도 순천시 연향동,경상사고,0,0,1,0,차대차 - 측면충돌,안전운전불이행,건조,맑음,교차로 - 교차로부근,원동기,남,17세,경상,승용,여,70세,상해없음
2017091500100328,2017년 9월 15일 14시,금요일,전라남도 화순군 도암면,부상신고사고,0,0,0,1,차량단독 - 전도전복 - 전도,안전운전불이행,건조,맑음,단일로 - 기타,이륜,남,46세,부상신고,,,,
2017091500100372,2017년 9월 15일 15시,금요일,전라남도 고흥군 포두면,경상사고,0,0,2,0,차대차 - 측면충돌,중앙선침범,건조,맑음,단일로 - 기타,화물,남,42세,상해없음,승용,남,32세,경상
2017091500100422,2017년 9월 15일 16시,금요일,전라남도 목포시 옥암동,경상사고,0,0,1,1,차대차 - 추돌,안전운전불이행,건조,맑음,단일로 - 기타,승용,여,44세,부상신고,승용,남,30세,경상
2017091500100475,2017년 9월 15일 17시,금요일,전라남도 여수시 안산동,경상사고,0,0,2,0,차대차 - 측면충돌,신호위반,건조,맑음,교차로 - 교차로안,화물,남,66세,상해없음,승용,여,52세,경상
2017091500100476,2017년 9월 15일 17시,금요일,전라남도 여수시 소라면,경상사고,0,0,1,0,차대사람 - 기타,안전운전불이행,건조,맑음,단일로 - 기타,승용,여,67세,상해없음,보행자,남,7세,경상
2017091500100477,2017년 9월 15일 17시,금요일,전라남도 해남군 해남읍,경상사고,0,0,1,0,차대차 - 기타,신호위반,건조,맑음,교차로 - 교차로안,승합,여,56세,경상,승합,남,69세,상해없음
2017091500100478,2017년 9월 15일 17시,금요일,전라남도 영광군 법성면,중상사고,0,1,0,0,차대차 - 측면충돌,안전운전불이행,건조,맑음,교차로 - 교차로안,승용,남,43세,상해없음,자전거,남,17세,중상
2017091500100526,2017년 9월 15일 18시,금요일,전라남도 순천시 연향동,경상사고,0,0,1,0,차대차 - 측면충돌,안전운전불이행,건조,맑음,교차로 - 교차로안,승용,남,31세,상해없음,자전거,남,11세,경상
2017091500100577,2017년 9월 15일 19시,금요일,전라남도 순천시 행동,중상사고,0,1,0,0,차대차 - 측면충돌,직진우회전진행방해,건조,맑음,교차로 - 교차로안,화물,남,22세,상해없음,승용,남,61세,중상
2017091500100578,2017년 9월 15일 19시,금요일,전라남도 장흥군 장흥읍,중상사고,0,1,0,0,차대차 - 후진중충돌,교차로운행방법위반,건조,맑음,교차로 - 교차로안,화물,남,47세,상해없음,이륜,남,54세,중상
2017091500100641,2017년 9월 15일 20시,금요일,전라남도 여수시 학동,경상사고,0,0,1,0,차대차 - 측면충돌,신호위반,건조,맑음,교차로 - 교차로안,승용,남,68세,상해없음,승용,남,29세,경상
2017091500100670,2017년 9월 15일 21시,금요일,전라남도 무안군 일로읍,사망사고,1,0,1,0,차량단독 - 공작물충돌,안전운전불이행,건조,맑음,교차로 - 교차로안,승용,여,33세,경상,,,,
2017091500100706,2017년 9월 15일 22시,금요일,전라남도 순천시 연향동,경상사고,0,0,1,0,차대사람 - 길가장자리구역통행중,안전운전불이행,건조,맑음,단일로 - 기타,승용,남,30세,상해없음,보행자,남,43세,경상
2017091600100045,2017년 9월 16일 01시,토요일,전라남도 목포시 옥암동,부상신고사고,0,0,0,1,차대차 - 측면충돌,신호위반,건조,맑음,교차로 - 교차로안,승용,남,23세,상해없음,승용,여,50세,부상신고
2017091600100077,2017년 9월 16일 04시,토요일,전라남도 여수시 둔덕동,중상사고,0,1,0,0,차대사람 - 횡단중,안전운전불이행,건조,흐림,교차로 - 교차로안,승용,남,67세,상해없음,보행자,여,20세,중상
2017091600100109,2017년 9월 16일 06시,토요일,전라남도 여수시 봉계동,사망사고,1,0,0,0,차대사람 - 횡단중,안전운전불이행,건조,맑음,단일로 - 기타,승용,남,42세,상해없음,보행자,여,77세,사망
2017091600100148,2017년 9월 16일 08시,토요일,전라남도 무안군 무안읍,경상사고,0,0,1,0,차대차 - 측면충돌,교차로운행방법위반,건조,맑음,교차로 - 교차로안,승용,남,67세,상해없음,화물,남,54세,경상
2017091600100178,2017년 9월 16일 09시,토요일,전라남도 해남군 해남읍,경상사고,0,0,3,0,차대차 - 추돌,안전거리미확보,건조,맑음,교차로 - 교차로부근,승용,남,66세,상해없음,승용,여,47세,경상
2017091600100289,2017년 9월 16일 12시,토요일,전라남도 광양시 광양읍,중상사고,0,1,0,0,차대차 - 측면충돌,교차로운행방법위반,건조,맑음,교차로 - 교차로안,승용,남,52세,상해없음,원동기,여,65세,중상
2017091600100321,2017년 9월 16일 13시,토요일,전라남도 목포시 용해동,경상사고,0,0,4,0,차대차 - 기타,교차로운행방법위반,건조,맑음,교차로 - 교차로안,이륜,남,33세,경상,승용,남,27세,경상
2017091600100322,2017년 9월 16일 13시,토요일,전라남도 순천시 왕지동,중상사고,0,1,0,0,차대차 - 추돌,안전운전불이행,건조,맑음,단일로 - 기타,특수,남,51세,상해없음,승용,남,55세,중상
2017091600100360,2017년 9월 16일 14시,토요일,전라남도 목포시 산정동,경상사고,0,0,1,0,차대차 - 추돌,안전운전불이행,건조,맑음,단일로 - 기타,승용,남,60세,상해없음,승용,남,44세,경상
2017091600100361,2017년 9월 16일 14시,토요일,전라남도 여수시 평여동,중상사고,0,2,1,0,차대차 - 추돌,신호위반,건조,맑음,교차로 - 교차로안,승용,남,36세,중상,건설기계,남,38세,경상
2017091600100362,2017년 9월 16일 14시,토요일,전라남도 영광군 영광읍,중상사고,0,1,0,0,차대차 - 측면충돌,안전운전불이행,건조,맑음,교차로 - 교차로횡단보도내,화물,남,70세,상해없음,자전거,남,10세,중상
2017091600100363,2017년 9월 16일 14시,토요일,전라남도 강진군 군동면,중상사고,0,1,0,0,차대차 - 추돌,안전거리미확보,건조,맑음,단일로 - 기타,화물,남,48세,중상,화물,남,75세,상해없음
2017091600100364,2017년 9월 16일 14시,토요일,전라남도 담양군 금성면,경상사고,0,0,1,0,차대차 - 정면충돌,중앙선침범,건조,맑음,교차로 - 교차로부근,승용,여,28세,상해없음,승용,남,37세,경상
2017091600100392,2017년 9월 16일 15시,토요일,전라남도 여수시 웅천동,경상사고,0,0,3,0,차대차 - 정면충돌,안전운전불이행,건조,맑음,교차로 - 교차로안,승용,여,29세,상해없음,승용,남,35세,경상
2017091600100393,2017년 9월 16일 15시,토요일,전라남도 순천시 승주읍,중상사고,0,1,0,0,차량단독 - 공작물충돌,안전운전불이행,건조,맑음,교차로 - 교차로안,승용,남,54세,중상,,,,
2017091600100394,2017년 9월 16일 15시,토요일,전라남도 완도군 완도읍,경상사고,0,0,1,0,차대차 - 측면충돌,교차로운행방법위반,건조,맑음,교차로 - 교차로안,자전거,남,14세,경상,승용,여,58세,상해없음
2017091600100458,2017년 9월 16일 17시,토요일,전라남도 순천시 연향동,중상사고,0,1,0,0,차대차 - 측면충돌,안전운전불이행,건조,맑음,교차로 - 교차로안,이륜,여,65세,중상,승용,여,30세,상해없음
2017091600100459,2017년 9월 16일 17시,토요일,전라남도 나주시 영산동,경상사고,0,0,1,0,차대사람 - 횡단중,안전운전불이행,건조,맑음,교차로 - 교차로안,승용,여,45세,상해없음,보행자,남,39세,경상
2017091600100502,2017년 9월 16일 18시,토요일,전라남도 여수시 수정동,경상사고,0,0,1,0,차대차 - 측면충돌,차로위반,건조,맑음,단일로 - 기타,화물,남,59세,상해없음,승용,남,67세,경상
2017091600100503,2017년 9월 16일 18시,토요일,전라남도 광양시 진월면,경상사고,0,0,4,0,차대차 - 정면충돌,안전운전불이행,건조,맑음,단일로 - 기타,승용,남,54세,상해없음,승용,남,49세,경상
2017091600100531,2017년 9월 16일 19시,토요일,전라남도 순천시 가곡동,경상사고,0,0,1,0,차대차 - 기타,안전거리미확보,건조,맑음,교차로 - 교차로부근,이륜,남,43세,경상,승용,남,28세,상해없음
2017091600100532,2017년 9월 16일 19시,토요일,전라남도 해남군 해남읍,경상사고,0,0,1,0,차대차 - 측면충돌,안전운전불이행,건조,맑음,교차로 - 교차로안,승용,여,59세,경상,승합,남,66세,상해없음
2017091600100561,2017년 9월 16일 20시,토요일,전라남도 여수시 화장동,경상사고,0,0,1,0,차대차 - 측면충돌,안전운전불이행,건조,맑음,단일로 - 기타,승용,남,35세,상해없음,이륜,남,19세,경상
2017091600100586,2017년 9월 16일 21시,토요일,전라남도 광양시 광양읍,경상사고,0,0,1,0,차대차 - 측면충돌,직진우회전진행방해,건조,맑음,교차로 - 교차로안,승용,여,41세,상해없음,이륜,남,60세,경상
2017091600100587,2017년 9월 16일 21시,토요일,전라남도 광양시 황길동,중상사고,0,1,1,0,차대차 - 측면충돌,중앙선침범,건조,맑음,교차로 - 교차로부근,승용,남,29세,상해없음,승용,남,34세,경상
2017091600100639,2017년 9월 16일 23시,토요일,전라남도 목포시 용당동,중상사고,0,1,1,0,차대사람 - 횡단중,중앙선침범,건조,맑음,단일로 - 기타,승용,여,44세,상해없음,보행자,남,66세,중상
2017091700100052,2017년 9월 17일 03시,일요일,전라남도 여수시 문수동,경상사고,0,0,1,0,차대차 - 추돌,중앙선침범,젖음/습기,비,단일로 - 기타,화물,남,15세,상해없음,승용,남,46세,경상
2017091700100071,2017년 9월 17일 05시,일요일,전라남도 무안군 삼향읍,경상사고,0,0,1,0,차대차 - 측면충돌,안전운전불이행,건조,맑음,교차로 - 교차로부근,승용,남,51세,상해없음,승용,여,57세,경상
2017091700100093,2017년 9월 17일 07시,일요일,전라남도 여수시 연등동,경상사고,0,0,1,0,차대차 - 추돌,안전운전불이행,건조,맑음,교차로 - 교차로부근,승용,남,29세,상해없음,승용,남,49세,경상
2017091700100106,2017년 9월 17일 08시,일요일,전라남도 영광군 법성면,경상사고,0,0,1,0,차대차 - 추돌,안전운전불이행,건조,맑음,단일로 - 기타,승용,남,29세,경상,승합,남,52세,상해없음
2017091700100107,2017년 9월 17일 08시,일요일,전라남도 강진군 칠량면,경상사고,0,0,1,0,차대차 - 정면충돌,중앙선침범,건조,맑음,단일로 - 기타,승용,여,56세,경상,화물,남,71세,상해없음
2017091700100123,2017년 9월 17일 09시,일요일,전라남도 목포시 옥암동,경상사고,0,0,5,0,차대차 - 기타,안전운전불이행,건조,맑음,단일로 - 기타,승합,남,55세,상해없음,승용,남,58세,경상
2017091700100143,2017년 9월 17일 10시,일요일,전라남도 영암군 영암읍,중상사고,0,1,0,0,차대차 - 정면충돌,중앙선침범,건조,맑음,단일로 - 기타,승용,남,57세,상해없음,승용,남,68세,중상
2017091700100202,2017년 9월 17일 12시,일요일,전라남도 영광군 염산면,중상사고,0,1,0,0,차량단독 - 공작물충돌,안전운전불이행,건조,맑음,기타 - 기타,화물,남,38세,중상,,,,
2017091700100259,2017년 9월 17일 14시,일요일,전라남도 보성군 웅치면,경상사고,0,0,1,0,차대차 - 측면충돌,안전운전불이행,건조,맑음,교차로 - 교차로안,승용,남,57세,상해없음,원동기,남,85세,경상
2017091700100295,2017년 9월 17일 15시,일요일,전라남도 목포시 석현동,경상사고,0,0,1,0,차대차 - 측면충돌,신호위반,건조,맑음,교차로 - 교차로안,이륜,남,76세,경상,승용,남,56세,상해없음
2017091700100296,2017년 9월 17일 15시,일요일,전라남도 영암군 삼호읍,경상사고,0,0,4,0,차대차 - 측면충돌,안전운전불이행,건조,맑음,교차로 - 교차로부근,승용,여,48세,경상,승용,남,26세,경상
2017091700100297,2017년 9월 17일 15시,일요일,전라남도 담양군 담양읍,중상사고,0,1,0,0,차대차 - 측면충돌,안전운전불이행,건조,맑음,교차로 - 교차로안,승용,남,61세,상해없음,자전거,여,73세,중상
2017091700100298,2017년 9월 17일 15시,일요일,전라남도 구례군 구례읍,경상사고,0,0,2,0,차대차 - 측면충돌,차로위반,건조,맑음,단일로 - 기타,화물,남,56세,상해없음,승용,남,57세,경상
2017091700100329,2017년 9월 17일 16시,일요일,전라남도 순천시 가곡동,중상사고,0,1,0,0,차대차 - 측면충돌,안전운전불이행,건조,맑음,단일로 - 기타,승용,남,38세,상해없음,이륜,남,55세,중상
2017091700100330,2017년 9월 17일 16시,일요일,전라남도 고흥군 고흥읍,중상사고,0,1,0,0,차대차 - 기타,안전운전불이행,건조,맑음,단일로 - 교량,자전거,남,15세,중상,승용,남,62세,상해없음
2017091700100331,2017년 9월 17일 16시,일요일,전라남도 함평군 신광면,중상사고,0,1,6,0,차대차 - 측면충돌,교차로운행방법위반,건조,맑음,교차로 - 교차로안,화물,남,68세,경상,승용,여,50세,경상
2017091700100404,2017년 9월 17일 18시,일요일,전라남도 광양시 광양읍,중상사고,0,1,3,0,차대차 - 측면충돌,직진우회전진행방해,건조,맑음,교차로 - 교차로안,승용,남,28세,경상,이륜,남,16세,경상
2017091700100430,2017년 9월 17일 19시,일요일,전라남도 여수시 여천동,경상사고,0,0,3,0,차대차 - 추돌,안전운전불이행,건조,맑음,교차로 - 교차로부근,승용,남,49세,상해없음,승용,여,36세,경상
2017091700100431,2017년 9월 17일 19시,일요일,전라남도 여수시 오림동,경상사고,0,0,2,0,차대차 - 측면충돌,교차로운행방법위반,건조,맑음,교차로 - 교차로안,승용,남,67세,상해없음,승용,남,46세,경상
2017091700100432,2017년 9월 17일 19시,일요일,전라남도 순천시 장천동,경상사고,0,0,3,0,차대차 - 추돌,안전운전불이행,건조,맑음,단일로 - 기타,승용,남,51세,상해없음,승용,남,43세,경상
2017091700100433,2017년 9월 17일 19시,일요일,전라남도 광양시 옥곡면,중상사고,0,2,0,0,차대차 - 정면충돌,중앙선침범,건조,맑음,단일로 - 기타,화물,여,69세,중상,승용,여,59세,중상
2017091700100534,2017년 9월 17일 23시,일요일,전라남도 목포시 옥암동,경상사고,0,0,1,0,차대차 - 측면충돌,안전운전불이행,건조,맑음,교차로 - 교차로부근,승용,남,26세,경상,승용,남,32세,기타불명
2017091800100043,2017년 9월 18일 02시,월요일,전라남도 목포시 옥암동,중상사고,0,1,0,0,차량단독 - 공작물충돌,안전운전불이행,건조,맑음,교차로 - 교차로부근,화물,남,58세,중상,,,,
2017091800100076,2017년 9월 18일 06시,월요일,전라남도 장성군 장성읍,경상사고,0,0,2,0,차대차 - 추돌,안전운전불이행,건조,맑음,교차로 - 교차로부근,화물,남,48세,상해없음,화물,남,67세,경상
2017091800100098,2017년 9월 18일 07시,월요일,전라남도 나주시 송월동,부상신고사고,0,0,0,1,차대차 - 추돌,안전운전불이행,건조,맑음,단일로 - 기타,이륜,남,49세,부상신고,승용,남,52세,상해없음
2017091800100197,2017년 9월 18일 09시,월요일,전라남도 목포시 산정동,경상사고,0,0,1,0,차대차 - 측면충돌,안전운전불이행,건조,맑음,교차로 - 교차로안,승용,여,56세,상해없음,승용,여,50세,경상
2017091800100198,2017년 9월 18일 09시,월요일,전라남도 신안군 지도읍,경상사고,0,0,2,0,차대차 - 기타,안전운전불이행,건조,맑음,기타 - 기타,승용,남,46세,경상,화물,남,64세,경상