사고번호,사고일시,요일,시군구,사고내용,사망자수,중상자수,경상자수,부상신고자수,사고유형,법규위반,노면상태,기상상태,도로형태,가해운전자 차종,가해운전자 성별,가해운전자 연령,가해운전자 상해정도,피해운전자 차종,피해운전자 성별,피해운전자 연령,피해운전자 상해정도
2017091800100234,2017년 9월 18일 10시,월요일,전라남도 목포시 용해동,경상사고,0,0,1,0,차대차 - 측면충돌,중앙선침범,건조,맑음,교차로 - 교차로부근,승용,남,28세,상해없음,승용,남,56세,경상
2017091800100235,2017년 9월 18일 10시,월요일,전라남도 여수시 웅천동,경상사고,0,0,3,0,차대차 - 측면충돌,안전운전불이행,건조,맑음,단일로 - 기타,승용,남,63세,상해없음,승용,남,59세,경상
2017091800100236,2017년 9월 18일 10시,월요일,전라남도 광양시 광양읍,경상사고,0,0,1,0,차대차 - 측면충돌,교차로운행방법위반,건조,맑음,교차로 - 교차로안,원동기,남,79세,경상,승용,남,68세,상해없음
2017091800100237,2017년 9월 18일 10시,월요일,전라남도 광양시 광양읍,중상사고,0,1,0,0,차대사람 - 횡단중,신호위반,건조,맑음,교차로 - 교차로횡단보도내,승용,남,62세,상해없음,보행자,남,81세,중상
2017091800100271,2017년 9월 18일 11시,월요일,전라남도 순천시 풍덕동,경상사고,0,0,1,0,차대차 - 측면충돌,안전거리미확보,건조,맑음,단일로 - 기타,승용,여,62세,상해없음,승용,남,24세,경상
2017091800100272,2017년 9월 18일 11시,월요일,전라남도 고흥군 도양읍,중상사고,0,1,0,0,차대차 - 측면충돌,직진우회전진행방해,건조,맑음,교차로 - 교차로안,화물,남,61세,상해없음,이륜,남,74세,중상
2017091800100273,2017년 9월 18일 11시,월요일,전라남도 화순군 동면,경상사고,0,0,1,0,차대차 - 추돌,안전거리미확보,건조,맑음,단일로 - 기타,화물,남,56세,상해없음,승용,남,35세,경상
2017091800100274,2017년 9월 18일 11시,월요일,전라남도 장성군 삼계면,경상사고,0,0,1,0,차대차 - 측면충돌,안전운전불이행,건조,맑음,단일로 - 기타,승용,남,78세,상해없음,화물,남,54세,경상
2017091800100275,2017년 9월 18일 11시,월요일,전라남도 광양시 광양읍,경상사고,0,0,1,0,차대차 - 기타,차로위반,건조,맑음,교차로 - 교차로안,화물,남,79세,상해없음,승용,여,53세,상해없음
2017091800100276,2017년 9월 18일 11시,월요일,전라남도 구례군 토지면,사망사고,1,1,4,0,차대차 - 정면충돌,중앙선침범,건조,맑음,단일로 - 기타,승합,남,50세,상해없음,화물,남,44세,사망
2017091800100308,2017년 9월 18일 12시,월요일,전라남도 고흥군 점암면,중상사고,0,4,3,0,차량단독 - 전도전복,안전운전불이행,건조,맑음,단일로 - 기타,승합,남,46세,상해없음,미분류,미분류,미분류,미분류
2017091800100309,2017년 9월 18일 12시,월요일,전라남도 영암군 학산면,사망사고,1,1,0,0,차대사람 - 기타,안전운전불이행,건조,맑음,단일로 - 기타,승용,여,44세,상해없음,보행자,여,84세,사망
2017091800100340,2017년 9월 18일 13시,월요일,전라남도 순천시 조곡동,경상사고,0,0,2,0,차대차 - 측면충돌,안전운전불이행,건조,맑음,교차로 - 교차로안,승용,남,59세,상해없음,승용,남,30세,경상
2017091800100341,2017년 9월 18일 13시,월요일,전라남도 보성군 득량면,중상사고,0,1,0,0,차량단독 - 공작물충돌,안전운전불이행,건조,맑음,교차로 - 교차로부근,승용,남,61세,중상,,,,
2017091800100342,2017년 9월 18일 13시,월요일,전라남도 곡성군 곡성읍,중상사고,0,1,0,0,차대사람 - 차도통행중,안전운전불이행,건조,맑음,교차로 - 교차로부근,승용,남,29세,상해없음,보행자,여,7세,중상
2017091800100371,2017년 9월 18일 14시,월요일,전라남도 나주시 금천면,경상사고,0,0,1,0,차대차 - 측면충돌,신호위반,건조,맑음,교차로 - 교차로안,승용,남,24세,상해없음,승용,남,51세,경상
2017091800100417,2017년 9월 18일 15시,월요일,전라남도 순천시 풍덕동,경상사고,0,0,1,0,차대차 - 측면충돌,안전운전불이행,건조,맑음,교차로 - 교차로안,승용,남,30세,상해없음,승용,남,47세,경상
2017091800100418,2017년 9월 18일 15시,월요일,전라남도 영암군 영암읍,경상사고,0,0,1,0,차대차 - 기타,안전운전불이행,건조,맑음,교차로 - 교차로부근,승용,남,74세,상해없음,이륜,남,61세,경상
2017091800100419,2017년 9월 18일 15시,월요일,전라남도 담양군 월산면,경상사고,0,0,1,0,차대차 - 측면충돌,교차로운행방법위반,건조,맑음,교차로 - 교차로안,화물,남,75세,상해없음,화물,남,46세,경상
2017091800100420,2017년 9월 18일 15시,월요일,전라남도 담양군 담양읍,경상사고,0,0,3,0,차대차 - 측면충돌,안전거리미확보,건조,맑음,교차로 - 교차로안,승용,여,32세,경상,승용,남,54세,경상
2017091800100462,2017년 9월 18일 16시,월요일,전라남도 순천시 해룡면,경상사고,0,0,1,0,차대차 - 측면충돌,안전운전불이행,건조,맑음,교차로 - 교차로안,승용,남,40세,상해없음,원동기,남,44세,경상
2017091800100511,2017년 9월 18일 17시,월요일,전라남도 장흥군 회진면,중상사고,0,1,0,0,차량단독 - 전도전복 - 전도,안전운전불이행,건조,맑음,단일로 - 기타,이륜,남,57세,중상,,,,
2017091800100512,2017년 9월 18일 17시,월요일,전라남도 보성군 벌교읍,중상사고,0,1,0,0,차대사람 - 기타,안전운전불이행,건조,맑음,단일로 - 기타,승용,남,61세,상해없음,보행자,여,59세,중상
2017091800100513,2017년 9월 18일 17시,월요일,전라남도 화순군 화순읍,중상사고,0,1,0,0,차대차 - 측면충돌,안전운전불이행,건조,맑음,교차로 - 교차로부근,화물,남,40세,상해없음,이륜,남,84세,중상
2017091800100514,2017년 9월 18일 17시,월요일,전라남도 광양시 성황동,경상사고,0,0,1,0,차대차 - 측면충돌,안전운전불이행,건조,맑음,교차로 - 교차로안,승용,여,49세,상해없음,승용,남,42세,경상
2017091800100571,2017년 9월 18일 18시,월요일,전라남도 순천시 서면,중상사고,0,1,1,0,차대차 - 추돌,안전거리미확보,건조,맑음,교차로 - 교차로안,화물,남,62세,상해없음,화물,남,61세,경상
2017091800100572,2017년 9월 18일 18시,월요일,전라남도 곡성군 옥과면,경상사고,0,0,1,0,차대사람 - 차도통행중,안전운전불이행,건조,맑음,교차로 - 교차로안,승용,남,31세,상해없음,보행자,남,71세,경상
2017091800100573,2017년 9월 18일 18시,월요일,전라남도 광양시 광양읍,경상사고,0,0,1,1,차대차 - 측면충돌,안전운전불이행,건조,맑음,단일로 - 기타,승용,여,41세,부상신고,화물,남,59세,경상
2017091800100612,2017년 9월 18일 19시,월요일,전라남도 여수시 학동,중상사고,0,1,2,0,차대차 - 추돌,안전운전불이행,건조,맑음,단일로 - 기타,승합,남,26세,경상,승용,남,28세,경상
2017091800100613,2017년 9월 18일 19시,월요일,전라남도 나주시 빛가람동,경상사고,0,0,1,0,차대차 - 측면충돌,기타,건조,맑음,교차로 - 교차로안,화물,남,24세,경상,기타불명,기타불명,미분류,기타불명
2017091800100614,2017년 9월 18일 19시,월요일,전라남도 해남군 송지면,중상사고,0,2,0,0,차대차 - 측면충돌,신호위반,건조,맑음,교차로 - 교차로안,화물,남,67세,중상,승용,여,40세,중상
2017091800100656,2017년 9월 18일 20시,월요일,전라남도 나주시 송월동,경상사고,0,0,3,0,차대차 - 추돌,안전운전불이행,건조,맑음,단일로 - 기타,승용,여,58세,경상,승용,여,49세,경상
2017091800100657,2017년 9월 18일 20시,월요일,전라남도 광양시 금호동,경상사고,0,0,1,0,차대차 - 추돌,안전운전불이행,건조,맑음,단일로 - 기타,특수,남,40세,경상,특수,남,40세,상해없음
2017091800100687,2017년 9월 18일 21시,월요일,전라남도 목포시 용당동,경상사고,0,0,4,0,차대차 - 추돌,안전운전불이행,건조,맑음,단일로 - 기타,승용,남,56세,상해없음,승용,남,35세,경상
2017091800100718,2017년 9월 18일 22시,월요일,전라남도 목포시 상동,경상사고,0,0,2,0,차대차 - 기타,안전운전불이행,건조,맑음,교차로 - 교차로안,승용,여,56세,경상,승용,남,35세,경상
2017091800100737,2017년 9월 18일 23시,월요일,전라남도 영암군 시종면,경상사고,0,0,1,0,차대차 - 기타,안전운전불이행,건조,맑음,단일로 - 기타,화물,남,49세,상해없음,승합,남,37세,경상
2017091900100039,2017년 9월 19일 02시,화요일,전라남도 보성군 벌교읍,중상사고,0,1,1,0,차대차 - 추돌,안전운전불이행,건조,맑음,단일로 - 기타,승용,여,41세,경상,승용,여,55세,중상
2017091900100054,2017년 9월 19일 04시,화요일,전라남도 장성군 삼계면,사망사고,2,0,1,0,차량단독 - 전도전복 - 전도,과속,건조,맑음,단일로 - 기타,승용,남,18세,사망,,,,
2017091900100067,2017년 9월 19일 05시,화요일,전라남도 여수시 둔덕동,중상사고,0,1,0,0,차대사람 - 횡단중,안전운전불이행,건조,맑음,단일로 - 기타,승용,남,56세,상해없음,보행자,남,73세,중상
2017091900100081,2017년 9월 19일 06시,화요일,전라남도 나주시 송월동,중상사고,0,1,0,0,차량단독 - 전도전복,안전운전불이행,건조,맑음,단일로 - 기타,승용,남,59세,중상,미분류,미분류,미분류,미분류
2017091900100095,2017년 9월 19일 07시,화요일,전라남도 목포시 상동,경상사고,0,0,1,0,차대차 - 측면충돌,교차로운행방법위반,건조,맑음,교차로 - 교차로안,승용,남,23세,경상,승용,남,33세,상해없음
2017091900100096,2017년 9월 19일 07시,화요일,전라남도 화순군 화순읍,경상사고,0,0,1,0,차대차 - 측면충돌,안전운전불이행,건조,맑음,단일로 - 기타,화물,남,59세,상해없음,승용,남,58세,경상
2017091900100144,2017년 9월 19일 08시,화요일,전라남도 목포시 보광동1가,경상사고,0,0,2,0,차대차 - 추돌,안전운전불이행,건조,맑음,단일로 - 기타,승용,남,76세,상해없음,승용,남,30세,경상
2017091900100145,2017년 9월 19일 08시,화요일,전라남도 영암군 삼호읍,경상사고,0,0,1,0,차대차 - 측면충돌,신호위반,건조,맑음,교차로 - 교차로안,승용,여,56세,상해없음,승용,여,53세,경상
2017091900100146,2017년 9월 19일 08시,화요일,전라남도 무안군 청계면,경상사고,0,0,1,0,차대사람 - 횡단중,보행자보호의무위반,건조,맑음,교차로 - 교차로횡단보도내,이륜,남,18세,상해없음,보행자,남,34세,경상
2017091900100214,2017년 9월 19일 10시,화요일,전라남도 목포시 대안동,경상사고,0,0,1,0,차대차 - 기타,안전운전불이행,건조,맑음,단일로 - 기타,화물,남,48세,상해없음,이륜,남,51세,상해없음
2017091900100215,2017년 9월 19일 10시,화요일,전라남도 해남군 계곡면,경상사고,0,0,4,0,차대차 - 측면충돌,안전운전불이행,건조,맑음,단일로 - 기타,화물,남,32세,상해없음,승용,남,25세,경상
2017091900100216,2017년 9월 19일 10시,화요일,전라남도 완도군 군외면,중상사고,0,1,0,0,차대차 - 기타,중앙선침범,건조,맑음,단일로 - 기타,기타불명,기타불명,미분류,기타불명,화물,여,57세,중상
2017091900100236,2017년 9월 19일 11시,화요일,전라남도 곡성군 옥과면,경상사고,0,0,1,0,차대차 - 기타,안전운전불이행,건조,맑음,단일로 - 기타,승합,남,39세,상해없음,승용,여,34세,경상
2017091900100258,2017년 9월 19일 12시,화요일,전라남도 목포시 옥암동,경상사고,0,0,2,0,차대차 - 기타,안전운전불이행,건조,맑음,단일로 - 기타,승용,여,58세,경상,이륜,남,37세,경상
2017091900100259,2017년 9월 19일 12시,화요일,전라남도 장성군 삼계면,중상사고,0,4,0,0,차대차 - 정면충돌,교차로운행방법위반,건조,맑음,교차로 - 교차로안,승용,남,46세,중상,승합,남,55세,상해없음
2017091900100278,2017년 9월 19일 13시,화요일,전라남도 무안군 일로읍,중상사고,0,1,0,0,차대차 - 정면충돌,중앙선침범,건조,맑음,교차로 - 교차로안,승용,남,56세,상해없음,이륜,남,42세,중상
2017091900100296,2017년 9월 19일 14시,화요일,전라남도 화순군 화순읍,경상사고,0,0,4,0,차대차 - 기타,신호위반,건조,맑음,교차로 - 교차로안,승용,남,75세,상해없음,승용,남,50세,경상
2017091900100334,2017년 9월 19일 15시,화요일,전라남도 해남군 해남읍,경상사고,0,0,1,0,차대차 - 추돌,안전거리미확보,건조,맑음,교차로 - 교차로부근,화물,남,63세,상해없음,승용,남,70세,경상
2017091900100335,2017년 9월 19일 15시,화요일,전라남도 영암군 삼호읍,중상사고,0,1,0,0,차대차 - 측면충돌,중앙선침범,건조,맑음,교차로 - 교차로부근,건설기계,남,52세,상해없음,원동기,남,71세,중상
2017091900100368,2017년 9월 19일 16시,화요일,전라남도 화순군 화순읍,경상사고,0,0,1,0,차대사람 - 횡단중,안전운전불이행,건조,맑음,교차로 - 교차로횡단보도내,승용,남,28세,상해없음,보행자,남,75세,경상
2017091900100409,2017년 9월 19일 17시,화요일,전라남도 영암군 삼호읍,경상사고,0,0,1,0,차대차 - 측면충돌,안전운전불이행,건조,맑음,교차로 - 교차로안,화물,남,64세,상해없음,화물,남,33세,경상
2017091900100410,2017년 9월 19일 17시,화요일,전라남도 장성군 삼서면,경상사고,0,0,1,0,차대차 - 추돌,안전운전불이행,건조,맑음,단일로 - 기타,화물,남,49세,상해없음,화물,남,73세,경상
2017091900100446,2017년 9월 19일 18시,화요일,전라남도 목포시 용당동,경상사고,0,0,3,0,차대차 - 정면충돌,안전운전불이행,건조,맑음,단일로 - 기타,승용,여,52세,경상,승용,여,43세,경상
2017091900100447,2017년 9월 19일 18시,화요일,전라남도 해남군 삼산면,경상사고,0,0,2,0,차대차 - 추돌,안전거리미확보,건조,맑음,단일로 - 기타,승용,남,41세,상해없음,화물,남,41세,경상
2017091900100483,2017년 9월 19일 19시,화요일,전라남도 여수시 남산동,중상사고,0,1,0,0,차대사람 - 횡단중,안전운전불이행,건조,맑음,교차로 - 교차로부근,승용,여,37세,상해없음,보행자,남,57세,중상
2017091900100555,2017년 9월 19일 21시,화요일,전라남도 화순군 화순읍,중상사고,0,1,0,0,차대차 - 측면충돌,기타,건조,맑음,교차로 - 교차로안,이륜,남,18세,중상,승용,남,54세,상해없음
2017091900100587,2017년 9월 19일 22시,화요일,전라남도 무안군 청계면,경상사고,0,0,1,0,차대사람 - 길가장자리구역통행중,안전운전불이행,건조,맑음,교차로 - 교차로부근,승용,여,51세,상해없음,보행자,남,25세,경상
2017092000100043,2017년 9월 20일 00시,수요일,전라남도 구례군 구례읍,중상사고,0,1,0,0,차대사람 - 차도통행중,안전운전불이행,건조,맑음,교차로 - 교차로안,승용,남,43세,상해없음,보행자,남,58세,중상
2017092000100125,2017년 9월 20일 07시,수요일,전라남도 여수시 소라면,경상사고,0,0,1,0,차대차 - 추돌,안전운전불이행,건조,맑음,교차로 - 교차로안,승용,남,59세,상해없음,승용,여,44세,경상
2017092000100172,2017년 9월 20일 08시,수요일,전라남도 고흥군 도양읍,중상사고,0,1,1,0,차대차 - 정면충돌,교차로운행방법위반,건조,맑음,교차로 - 교차로안,승용,남,28세,경상,승용,여,27세,중상
2017092000100173,2017년 9월 20일 08시,수요일,전라남도 담양군 담양읍,경상사고,0,0,2,0,차대차 - 측면충돌,직진우회전진행방해,건조,맑음,교차로 - 교차로안,승용,여,52세,경상,화물,남,46세,경상
2017092000100210,2017년 9월 20일 09시,수요일,전라남도 영암군 삼호읍,경상사고,0,0,1,0,차대차 - 측면충돌,안전운전불이행,건조,맑음,교차로 - 교차로부근,화물,남,72세,상해없음,특수,남,43세,경상
2017092000100243,2017년 9월 20일 10시,수요일,전라남도 나주시 금천면,경상사고,0,0,2,0,차대차 - 추돌,안전운전불이행,건조,맑음,단일로 - 기타,승용,여,35세,경상,승용,남,27세,경상
2017092000100273,2017년 9월 20일 11시,수요일,전라남도 순천시 가곡동,중상사고,0,1,0,0,차대차 - 측면충돌,직진우회전진행방해,건조,맑음,교차로 - 교차로안,화물,남,35세,상해없음,이륜,여,60세,중상
2017092000100274,2017년 9월 20일 11시,수요일,전라남도 담양군 수북면,중상사고,0,1,0,0,차대차 - 기타,안전운전불이행,건조,맑음,단일로 - 기타,자전거,남,65세,상해없음,자전거,남,64세,중상
2017092000100320,2017년 9월 20일 12시,수요일,전라남도 강진군 마량면,경상사고,0,0,4,0,차대차 - 측면충돌,직진우회전진행방해,건조,맑음,교차로 - 교차로안,화물,남,27세,상해없음,승합,남,42세,상해없음
2017092000100352,2017년 9월 20일 13시,수요일,전라남도 신안군 도초면,중상사고,0,1,0,0,차대사람 - 기타,안전운전불이행,건조,맑음,주차장 - 주차장,승용,여,48세,상해없음,보행자,남,54세,중상
2017092000100385,2017년 9월 20일 14시,수요일,전라남도 보성군 벌교읍,경상사고,0,0,1,0,차대차 - 측면충돌,중앙선침범,건조,맑음,교차로 - 교차로부근,원동기,남,81세,경상,승용,여,36세,상해없음
2017092000100386,2017년 9월 20일 14시,수요일,전라남도 무안군 현경면,경상사고,0,0,2,0,차대차 - 추돌,안전운전불이행,건조,맑음,기타 - 기타,화물,남,80세,상해없음,승용,여,54세,상해없음
2017092000100387,2017년 9월 20일 14시,수요일,전라남도 광양시 다압면,경상사고,0,0,1,0,차대차 - 측면충돌,안전운전불이행,건조,맑음,단일로 - 기타,화물,남,57세,상해없음,승용,남,38세,경상
2017092000100422,2017년 9월 20일 15시,수요일,전라남도 목포시 산정동,경상사고,0,0,1,0,차대차 - 기타,안전운전불이행,건조,맑음,단일로 - 기타,승용,남,69세,상해없음,승용,남,54세,경상
2017092000100458,2017년 9월 20일 16시,수요일,전라남도 해남군 북평면,경상사고,0,0,1,0,차대차 - 기타,안전운전불이행,건조,맑음,기타 - 기타,화물,남,65세,상해없음,승용,여,60세,경상
2017092000100459,2017년 9월 20일 16시,수요일,전라남도 함평군 함평읍,경상사고,0,0,1,0,차대차 - 측면충돌,안전운전불이행,건조,맑음,기타 - 기타,화물,남,48세,상해없음,자전거,남,13세,경상
2017092000100509,2017년 9월 20일 17시,수요일,전라남도 장흥군 장흥읍,경상사고,0,0,1,0,차대차 - 기타,교차로운행방법위반,건조,맑음,교차로 - 교차로안,승용,여,57세,상해없음,이륜,남,40세,경상
2017092000100566,2017년 9월 20일 18시,수요일,전라남도 순천시 해룡면,경상사고,0,0,1,0,차대차 - 측면충돌,교차로운행방법위반,건조,맑음,교차로 - 교차로안,승용,여,36세,상해없음,자전거,남,67세,경상
2017092000100567,2017년 9월 20일 18시,수요일,전라남도 해남군 송지면,부상신고사고,0,0,0,1,차대차 - 기타,안전운전불이행,건조,맑음,단일로 - 기타,이륜,남,83세,부상신고,화물,남,70세,상해없음
2017092000100568,2017년 9월 20일 18시,수요일,전라남도 화순군 화순읍,경상사고,0,0,1,0,차대차 - 측면충돌,중앙선침범,건조,맑음,단일로 - 기타,승용,남,62세,상해없음,승용,여,33세,경상
2017092000100626,2017년 9월 20일 19시,수요일,전라남도 순천시 조곡동,경상사고,0,0,1,0,차대차 - 측면충돌,안전운전불이행,건조,맑음,단일로 - 기타,승용,남,45세,상해없음,화물,여,52세,경상
2017092000100627,2017년 9월 20일 19시,수요일,전라남도 보성군 보성읍,사망사고,1,0,0,0,차대사람 - 횡단중,안전운전불이행,건조,맑음,단일로 - 기타,승용,여,35세,상해없음,보행자,여,62세,사망
2017092000100628,2017년 9월 20일 19시,수요일,전라남도 완도군 완도읍,중상사고,0,1,1,0,차대차 - 추돌,안전운전불이행,건조,맑음,단일로 - 기타,승용,여,30세,경상,화물,남,59세,중상
2017092000100665,2017년 9월 20일 20시,수요일,전라남도 목포시 산정동,경상사고,0,0,1,0,차대차 - 기타,교차로운행방법위반,건조,맑음,교차로 - 교차로안,승용,여,35세,상해없음,이륜,남,17세,경상
2017092000100728,2017년 9월 20일 22시,수요일,전라남도 목포시 금화동,중상사고,0,1,1,0,차대차 - 기타,중앙선침범,건조,맑음,단일로 - 기타,승용,여,26세,중상,승용,남,60세,경상
2017092000100729,2017년 9월 20일 22시,수요일,전라남도 화순군 화순읍,경상사고,0,0,2,0,차대사람 - 기타,안전운전불이행,건조,맑음,교차로 - 교차로안,승용,남,26세,상해없음,보행자,남,16세,경상
2017092100100031,2017년 9월 21일 00시,목요일,전라남도 여수시 소라면,경상사고,0,0,1,0,차량단독 - 공작물충돌,안전운전불이행,건조,맑음,단일로 - 기타,승용,남,26세,경상,,,,
2017092100100059,2017년 9월 21일 03시,목요일,전라남도 광양시 광양읍,경상사고,0,0,1,0,차대차 - 추돌,안전운전불이행,건조,맑음,교차로 - 교차로부근,승용,여,43세,상해없음,화물,남,55세,경상
2017092100100072,2017년 9월 21일 05시,목요일,전라남도 순천시 연향동,경상사고,0,0,1,0,차대차 - 측면충돌,신호위반,건조,맑음,교차로 - 교차로안,승용,남,60세,상해없음,승용,여,52세,경상
2017092100100088,2017년 9월 21일 06시,목요일,전라남도 영암군 삼호읍,경상사고,0,0,1,0,차대차 - 측면충돌,안전운전불이행,건조,맑음,교차로 - 교차로안,건설기계,남,35세,상해없음,승용,남,52세,경상
2017092100100108,2017년 9월 21일 07시,목요일,전라남도 순천시 왕지동,중상사고,0,1,4,0,차대차 - 측면충돌,직진우회전진행방해,건조,맑음,교차로 - 교차로안,승용,남,59세,경상,화물,남,32세,경상
2017092100100146,2017년 9월 21일 08시,목요일,전라남도 목포시 상동,경상사고,0,0,1,0,차대사람 - 기타,안전운전불이행,건조,맑음,단일로 - 기타,승용,남,57세,상해없음,보행자,여,37세,경상
2017092100100147,2017년 9월 21일 08시,목요일,전라남도 여수시 충무동,중상사고,0,1,0,0,차대사람 - 길가장자리구역통행중,안전운전불이행,건조,맑음,교차로 - 교차로안,승용,남,66세,상해없음,보행자,여,82세,중상
2017092100100195,2017년 9월 21일 09시,목요일,전라남도 무안군 일로읍,중상사고,0,1,0,0,차대사람 - 기타,안전운전불이행,건조,맑음,교차로 - 교차로안,이륜,남,83세,상해없음,보행자,남,66세,중상
2017092100100230,2017년 9월 21일 10시,목요일,전라남도 영암군 삼호읍,경상사고,0,0,1,0,차대차 - 추돌,안전운전불이행,건조,맑음,교차로 - 교차로부근,승용,여,47세,상해없음,승용,여,56세,경상
2017092100100231,2017년 9월 21일 10시,목요일,전라남도 무안군 현경면,경상사고,0,0,5,0,차대차 - 측면충돌,안전운전불이행,건조,맑음,교차로 - 교차로안,승용,남,68세,경상,화물,남,57세,경상
2017092100100267,2017년 9월 21일 11시,목요일,전라남도 고흥군 도양읍,중상사고,0,1,1,0,차대차 - 측면충돌,안전운전불이행,건조,맑음,교차로 - 교차로안,화물,남,56세,상해없음,이륜,남,68세,중상
2017092100100295,2017년 9월 21일 12시,목요일,전라남도 무안군 청계면,중상사고,0,1,0,0,차대사람 - 횡단중,안전운전불이행,건조,맑음,교차로 - 교차로부근,화물,남,57세,상해없음,보행자,남,87세,중상
2017092100100373,2017년 9월 21일 14시,목요일,전라남도 해남군 현산면,사망사고,1,2,1,0,차대차 - 측면충돌,안전거리미확보,건조,맑음,단일로 - 기타,화물,남,55세,사망,화물,남,64세,경상
2017092100100374,2017년 9월 21일 14시,목요일,전라남도 담양군 담양읍,경상사고,0,0,3,0,차대차 - 측면충돌,안전운전불이행,건조,맑음,교차로 - 교차로안,승용,여,40세,경상,승용,남,44세,경상
2017092100100416,2017년 9월 21일 15시,목요일,전라남도 순천시 조례동,중상사고,0,1,1,1,차대차 - 측면충돌,신호위반,건조,맑음,교차로 - 교차로안,화물,남,44세,부상신고,승용,남,72세,경상
2017092100100417,2017년 9월 21일 15시,목요일,전라남도 해남군 해남읍,경상사고,0,0,1,0,차대차 - 측면충돌,교차로운행방법위반,건조,맑음,교차로 - 교차로안,승용,남,62세,상해없음,자전거,남,8세,경상
2017092100100465,2017년 9월 21일 16시,목요일,전라남도 여수시 공화동,경상사고,0,0,2,0,차대차 - 측면충돌,교차로운행방법위반,건조,맑음,교차로 - 교차로부근,승용,남,22세,기타불명,승합,남,60세,상해없음
2017092100100466,2017년 9월 21일 16시,목요일,전라남도 영암군 학산면,경상사고,0,0,1,0,차대차 - 측면충돌,안전운전불이행,건조,맑음,교차로 - 교차로부근,이륜,남,78세,경상,농기계,남,75세,상해없음
2017092100100495,2017년 9월 21일 17시,목요일,전라남도 목포시 산정동,중상사고,0,1,0,0,차대사람 - 횡단중,안전운전불이행,건조,맑음,교차로 - 교차로부근,승용,남,48세,상해없음,보행자,여,66세,중상
2017092100100496,2017년 9월 21일 17시,목요일,전라남도 순천시 조례동,경상사고,0,0,1,0,차대차 - 기타,직진우회전진행방해,건조,맑음,교차로 - 교차로안,승합,여,53세,상해없음,승용,여,46세,경상
2017092100100497,2017년 9월 21일 17시,목요일,전라남도 보성군 회천면,중상사고,0,1,1,0,차대사람 - 횡단중,안전운전불이행,건조,맑음,단일로 - 기타,이륜,남,72세,경상,보행자,남,59세,중상
2017092100100498,2017년 9월 21일 17시,목요일,전라남도 진도군 고군면,경상사고,0,0,1,0,차대차 - 측면충돌,안전운전불이행,건조,맑음,단일로 - 기타,승용,여,59세,상해없음,승용,여,46세,경상
2017092100100554,2017년 9월 21일 18시,목요일,전라남도 무안군 해제면,중상사고,0,1,0,0,차량단독 - 전도전복 - 전복,안전운전불이행,건조,맑음,단일로 - 기타,농기계,남,74세,중상,,,,
2017092100100555,2017년 9월 21일 18시,목요일,전라남도 광양시 중동,경상사고,0,0,1,0,차대차 - 측면충돌,신호위반,건조,맑음,교차로 - 교차로안,승용,남,32세,상해없음,이륜,남,18세,경상
2017092100100598,2017년 9월 21일 19시,목요일,전라남도 여수시 돌산읍,중상사고,0,1,7,0,차대차 - 추돌,안전운전불이행,건조,맑음,단일로 - 기타,화물,남,21세,상해없음,승용,남,45세,중상
2017092100100599,2017년 9월 21일 19시,목요일,전라남도 무안군 청계면,중상사고,0,1,0,0,차대차 - 측면충돌,안전운전불이행,건조,맑음,교차로 - 교차로안,화물,남,58세,상해없음,승용,남,37세,중상
2017092100100664,2017년 9월 21일 21시,목요일,전라남도 여수시 오림동,중상사고,0,1,0,0,차대사람 - 차도통행중,안전운전불이행,건조,맑음,단일로 - 기타,승용,여,41세,상해없음,보행자,남,50세,중상
2017092100100665,2017년 9월 21일 21시,목요일,전라남도 여수시 덕충동,경상사고,0,0,2,0,차대차 - 정면충돌,신호위반,건조,맑음,교차로 - 교차로안,승용,남,43세,상해없음,승용,남,26세,경상
2017092100100688,2017년 9월 21일 22시,목요일,전라남도 순천시 조곡동,중상사고,0,1,0,0,차대사람 - 횡단중,안전운전불이행,건조,맑음,단일로 - 기타,승용,여,50세,상해없음,보행자,남,48세,중상
2017092100100689,2017년 9월 21일 22시,목요일,전라남도 순천시 조례동,경상사고,0,0,1,0,차대차 - 후진중충돌,안전운전불이행,건조,맑음,교차로 - 교차로안,승용,남,65세,상해없음,승용,남,32세,경상
2017092100100709,2017년 9월 21일 23시,목요일,전라남도 무안군 무안읍,경상사고,0,0,1,0,차대차 - 기타,안전운전불이행,건조,맑음,단일로 - 기타,이륜,남,34세,경상,승용,남,46세,상해없음
2017092200100057,2017년 9월 22일 01시,금요일,전라남도 목포시 옥암동,경상사고,0,0,1,0,차대사람 - 횡단중,중앙선침범,건조,흐림,기타 - 기타,승용,남,39세,상해없음,보행자,남,16세,경상
2017092200100058,2017년 9월 22일 01시,금요일,전라남도 광양시 광양읍,경상사고,0,0,1,0,차대차 - 측면충돌,차로위반,건조,맑음,단일로 - 기타,승용,남,55세,경상,기타불명,기타불명,미분류,기타불명
2017092200100073,2017년 9월 22일 02시,금요일,전라남도 목포시 상동,경상사고,0,0,2,0,차대차 - 기타,교차로운행방법위반,건조,흐림,교차로 - 교차로안,승용,남,26세,상해없음,승용,여,46세,경상
2017092200100091,2017년 9월 22일 04시,금요일,전라남도 무안군 삼향읍,중상사고,0,2,0,0,차대차 - 측면충돌,안전운전불이행,건조,맑음,단일로 - 기타,화물,남,53세,상해없음,승용,남,48세,중상