사고번호,사고일시,요일,시군구,사고내용,사망자수,중상자수,경상자수,부상신고자수,사고유형,법규위반,노면상태,기상상태,도로형태,가해운전자 차종,가해운전자 성별,가해운전자 연령,가해운전자 상해정도,피해운전자 차종,피해운전자 성별,피해운전자 연령,피해운전자 상해정도
2017100300100172,2017년 10월 3일 12시,화요일,전라남도 영광군 영광읍,경상사고,0,0,1,0,차대사람 - 기타,안전운전불이행,건조,맑음,교차로 - 교차로부근,승용,남,37세,기타불명,보행자,여,38세,경상
2017100300100221,2017년 10월 3일 14시,화요일,전라남도 장성군 북이면,경상사고,0,0,1,0,차대차 - 측면충돌,안전운전불이행,건조,맑음,교차로 - 교차로안,승용,남,23세,상해없음,승용,여,63세,경상
2017100300100222,2017년 10월 3일 14시,화요일,전라남도 무안군 무안읍,중상사고,0,1,2,0,차대차 - 추돌,안전운전불이행,건조,맑음,교차로 - 교차로부근,승용,남,56세,상해없음,승용,남,31세,경상
2017100300100252,2017년 10월 3일 15시,화요일,전라남도 영광군 영광읍,경상사고,0,0,1,0,차대차 - 측면충돌,안전운전불이행,건조,맑음,교차로 - 교차로안,승용,남,29세,상해없음,승용,남,40세,경상
2017100300100253,2017년 10월 3일 15시,화요일,전라남도 강진군 강진읍,경상사고,0,0,1,0,차대차 - 측면충돌,직진우회전진행방해,건조,맑음,교차로 - 교차로안,원동기,남,69세,경상,승용,남,51세,상해없음
2017100300100277,2017년 10월 3일 16시,화요일,전라남도 강진군 대구면,경상사고,0,0,4,0,차대차 - 측면충돌,직진우회전진행방해,건조,맑음,교차로 - 교차로안,농기계,남,79세,상해없음,승용,남,35세,경상
2017100300100318,2017년 10월 3일 18시,화요일,전라남도 순천시 주암면,부상신고사고,0,0,0,1,차대사람 - 길가장자리구역통행중,안전운전불이행,건조,맑음,단일로 - 기타,이륜,남,53세,부상신고,보행자,여,42세,상해없음
2017100300100319,2017년 10월 3일 18시,화요일,전라남도 강진군 성전면,중상사고,0,1,0,0,차대차 - 측면충돌,신호위반,건조,맑음,교차로 - 교차로안,이륜,남,54세,중상,승용,남,51세,상해없음
2017100300100335,2017년 10월 3일 19시,화요일,전라남도 목포시 금동2가,경상사고,0,0,4,0,차대차 - 측면충돌,직진우회전진행방해,건조,맑음,교차로 - 교차로안,승용,남,37세,상해없음,승용,여,46세,경상
2017100300100336,2017년 10월 3일 19시,화요일,전라남도 목포시 옥암동,경상사고,0,0,1,0,차대차 - 기타,안전거리미확보,기타,기타,단일로 - 기타,승용,남,22세,상해없음,승용,남,52세,상해없음
2017100300100337,2017년 10월 3일 19시,화요일,전라남도 진도군 고군면,중상사고,0,1,0,0,차대사람 - 횡단중,안전운전불이행,젖음/습기,흐림,단일로 - 기타,승용,여,66세,상해없음,보행자,남,59세,중상
2017100300100338,2017년 10월 3일 19시,화요일,전라남도 진도군 군내면,경상사고,0,0,1,0,차량단독 - 공작물충돌,안전운전불이행,건조,맑음,단일로 - 기타,승용,여,22세,경상,,,,
2017100300100402,2017년 10월 3일 22시,화요일,전라남도 순천시 연향동,경상사고,0,0,1,0,차대사람 - 기타,안전운전불이행,건조,맑음,교차로 - 교차로안,승용,남,25세,상해없음,보행자,여,23세,경상
2017100300100403,2017년 10월 3일 22시,화요일,전라남도 장흥군 장흥읍,중상사고,0,1,3,0,차대차 - 측면충돌,신호위반,건조,맑음,교차로 - 교차로안,승용,남,60세,상해없음,승용,여,54세,경상
2017100300100404,2017년 10월 3일 22시,화요일,전라남도 해남군 황산면,중상사고,0,1,0,0,차대차 - 추돌,안전운전불이행,건조,흐림,단일로 - 기타,승용,남,21세,상해없음,이륜,남,23세,중상
2017100300100405,2017년 10월 3일 22시,화요일,전라남도 보성군 벌교읍,중상사고,0,1,0,0,차량단독 - 전도전복 - 전도,안전운전불이행,건조,맑음,단일로 - 기타,이륜,남,39세,중상,,,,
2017100400100019,2017년 10월 4일 00시,수요일,전라남도 담양군 담양읍,중상사고,0,1,0,0,차량단독 - 공작물충돌,안전운전불이행,건조,맑음,단일로 - 기타,승용,남,21세,중상,,,,
2017100400100040,2017년 10월 4일 02시,수요일,전라남도 목포시 상동,경상사고,0,0,1,0,차대차 - 추돌,안전운전불이행,건조,맑음,교차로 - 교차로부근,승용,남,35세,상해없음,승용,남,28세,경상
2017100400100052,2017년 10월 4일 03시,수요일,전라남도 영광군 영광읍,중상사고,0,1,0,0,차대사람 - 차도통행중,안전운전불이행,건조,맑음,교차로 - 교차로부근,승용,남,26세,상해없음,보행자,남,31세,중상
2017100400100064,2017년 10월 4일 05시,수요일,전라남도 함평군 엄다면,중상사고,0,3,2,0,차대차 - 추돌,안전운전불이행,건조,맑음,단일로 - 기타,승용,남,52세,상해없음,승용,남,33세,경상
2017100400100086,2017년 10월 4일 08시,수요일,전라남도 목포시 옥암동,중상사고,0,2,1,0,차대차 - 기타,교차로운행방법위반,건조,맑음,교차로 - 교차로안,승용,여,40세,중상,승용,남,27세,경상
2017100400100136,2017년 10월 4일 11시,수요일,전라남도 여수시 월내동,중상사고,0,1,1,0,차량단독 - 공작물충돌,안전운전불이행,건조,맑음,단일로 - 기타,승합,남,63세,상해없음,,,,
2017100400100137,2017년 10월 4일 11시,수요일,전라남도 영암군 삼호읍,중상사고,0,1,4,0,차대차 - 기타,안전운전불이행,건조,맑음,교차로 - 교차로부근,승용,남,27세,상해없음,승용,남,51세,경상
2017100400100160,2017년 10월 4일 12시,수요일,전라남도 나주시 동강면,중상사고,0,2,1,0,차량단독 - 전도전복,안전운전불이행,기타,맑음,단일로 - 기타,승용,남,90세 이상,경상,미분류,미분류,미분류,미분류
2017100400100161,2017년 10월 4일 12시,수요일,전라남도 담양군 무정면,중상사고,0,1,0,0,차량단독 - 공작물충돌,안전운전불이행,건조,맑음,단일로 - 기타,승용,남,49세,중상,,,,
2017100400100162,2017년 10월 4일 12시,수요일,전라남도 구례군 구례읍,경상사고,0,0,4,0,차대차 - 기타,안전거리미확보,건조,맑음,단일로 - 기타,승용,남,65세,경상,승용,남,24세,경상
2017100400100185,2017년 10월 4일 13시,수요일,전라남도 장흥군 안양면,경상사고,0,0,1,0,차대사람 - 횡단중,안전운전불이행,건조,맑음,단일로 - 기타,승용,남,46세,상해없음,보행자,여,미분류,경상
2017100400100238,2017년 10월 4일 15시,수요일,전라남도 순천시 금곡동,경상사고,0,0,1,0,차대사람 - 길가장자리구역통행중,안전운전불이행,건조,맑음,교차로 - 교차로부근,승합,남,46세,상해없음,보행자,남,77세,경상
2017100400100239,2017년 10월 4일 15시,수요일,전라남도 고흥군 도화면,부상신고사고,0,0,0,1,차대차 - 기타,안전운전불이행,건조,맑음,교차로 - 교차로안,이륜,남,51세,부상신고,승용,남,32세,상해없음
2017100400100240,2017년 10월 4일 15시,수요일,전라남도 영광군 염산면,중상사고,0,1,0,0,차대사람 - 길가장자리구역통행중,안전운전불이행,건조,맑음,단일로 - 기타,승용,남,57세,상해없음,보행자,남,6세,중상
2017100400100241,2017년 10월 4일 15시,수요일,전라남도 화순군 도곡면,경상사고,0,0,7,0,차대차 - 측면충돌,직진우회전진행방해,건조,맑음,교차로 - 교차로안,승용,남,33세,경상,승용,남,22세,경상
2017100400100262,2017년 10월 4일 16시,수요일,전라남도 보성군 득량면,경상사고,0,0,14,0,차대차 - 추돌,안전운전불이행,건조,맑음,단일로 - 기타,승용,남,28세,경상,승합,남,45세,경상
2017100400100263,2017년 10월 4일 16시,수요일,전라남도 진도군 지산면,경상사고,0,0,1,0,차대차 - 측면충돌,안전운전불이행,젖음/습기,흐림,교차로 - 교차로안,승용,남,38세,상해없음,사륜오토바이(ATV),남,52세,경상
2017100400100283,2017년 10월 4일 17시,수요일,전라남도 고흥군 도양읍,경상사고,0,0,1,0,차대사람 - 차도통행중,안전운전불이행,건조,맑음,단일로 - 기타,이륜,남,43세,상해없음,보행자,남,19세,경상
2017100400100305,2017년 10월 4일 18시,수요일,전라남도 순천시 별량면,경상사고,0,0,1,0,차대차 - 측면충돌,안전거리미확보,건조,맑음,교차로 - 교차로부근,승용,남,47세,상해없음,승용,여,42세,경상
2017100400100306,2017년 10월 4일 18시,수요일,전라남도 함평군 함평읍,경상사고,0,0,2,0,차대차 - 측면충돌,안전운전불이행,건조,맑음,교차로 - 교차로부근,승용,남,28세,상해없음,이륜,남,63세,경상
2017100400100307,2017년 10월 4일 18시,수요일,전라남도 장성군 북일면,중상사고,0,2,2,1,차대차 - 측면충돌,직진우회전진행방해,건조,맑음,교차로 - 교차로안,승용,여,59세,부상신고,승용,남,65세,경상
2017100400100323,2017년 10월 4일 19시,수요일,전라남도 신안군 압해읍,경상사고,0,0,1,0,차대사람 - 기타,안전운전불이행,건조,맑음,단일로 - 기타,승용,남,54세,상해없음,보행자,남,25세,경상
2017100400100324,2017년 10월 4일 19시,수요일,전라남도 고흥군 고흥읍,중상사고,0,2,0,0,차대차 - 추돌,기타,건조,맑음,단일로 - 기타,화물,남,47세,상해없음,화물,남,59세,중상
2017100400100325,2017년 10월 4일 19시,수요일,전라남도 구례군 용방면,중상사고,0,1,0,0,차대사람 - 기타,안전운전불이행,건조,맑음,단일로 - 기타,승용,남,26세,상해없음,보행자,남,48세,중상
2017100400100340,2017년 10월 4일 20시,수요일,전라남도 신안군 도초면,중상사고,0,2,0,0,차대사람 - 기타,안전운전불이행,건조,맑음,단일로 - 기타,이륜,남,35세,상해없음,보행자,남,18세,중상
2017100400100341,2017년 10월 4일 20시,수요일,전라남도 순천시 낙안면,경상사고,0,0,2,0,차대차 - 측면충돌,안전운전불이행,건조,흐림,단일로 - 기타,화물,남,56세,상해없음,화물,여,55세,경상
2017100400100342,2017년 10월 4일 20시,수요일,전라남도 고흥군 금산면,경상사고,0,0,1,0,차대차 - 측면충돌,교차로운행방법위반,건조,맑음,교차로 - 교차로안,승용,남,47세,상해없음,승용,여,44세,경상
2017100400100372,2017년 10월 4일 22시,수요일,전라남도 보성군 득량면,경상사고,0,0,1,0,차량단독 - 도로외이탈 - 기타,안전운전불이행,건조,맑음,단일로 - 기타,승용,남,42세,경상,,,,
2017100400100384,2017년 10월 4일 23시,수요일,전라남도 화순군 화순읍,경상사고,0,0,1,0,차대차 - 측면충돌,안전운전불이행,건조,맑음,교차로 - 교차로안,승용,여,46세,상해없음,승용,여,47세,기타불명
2017100500100013,2017년 10월 5일 00시,목요일,전라남도 여수시 학동,중상사고,0,1,1,0,차대차 - 측면충돌,안전운전불이행,건조,맑음,단일로 - 기타,승용,남,36세,중상,승용,남,26세,경상
2017100500100024,2017년 10월 5일 01시,목요일,전라남도 목포시 산정동,경상사고,0,0,1,0,차대차 - 추돌,안전운전불이행,건조,맑음,단일로 - 기타,승용,남,25세,상해없음,승용,남,44세,경상
2017100500100025,2017년 10월 5일 01시,목요일,전라남도 나주시 빛가람동,경상사고,0,0,4,0,차대차 - 기타,안전운전불이행,건조,맑음,교차로 - 교차로부근,승용,남,26세,상해없음,승용,남,43세,상해없음
2017100500100046,2017년 10월 5일 03시,목요일,전라남도 순천시 조례동,경상사고,0,0,2,0,차대차 - 측면충돌,안전거리미확보,건조,맑음,교차로 - 교차로부근,승용,여,45세,상해없음,원동기,남,17세,경상
2017100500100107,2017년 10월 5일 10시,목요일,전라남도 고흥군 동강면,경상사고,0,0,3,0,차대차 - 추돌,안전운전불이행,건조,맑음,단일로 - 기타,승용,남,41세,상해없음,승용,여,42세,경상
2017100500100134,2017년 10월 5일 12시,목요일,전라남도 영광군 영광읍,중상사고,0,1,1,0,차대차 - 측면충돌,안전운전불이행,건조,맑음,단일로 - 기타,승용,여,46세,중상,화물,남,64세,경상
2017100500100135,2017년 10월 5일 12시,목요일,전라남도 강진군 강진읍,경상사고,0,0,1,0,차대차 - 기타,안전운전불이행,건조,맑음,단일로 - 기타,이륜,남,48세,경상,승용,남,55세,상해없음
2017100500100136,2017년 10월 5일 12시,목요일,전라남도 강진군 마량면,경상사고,0,0,1,0,차대차 - 기타,안전운전불이행,건조,맑음,단일로 - 기타,승용,남,52세,상해없음,원동기,남,41세,경상
2017100500100181,2017년 10월 5일 14시,목요일,전라남도 목포시 옥암동,경상사고,0,0,3,0,차대차 - 기타,교차로운행방법위반,젖음/습기,흐림,교차로 - 교차로부근,승용,남,73세,경상,화물,남,62세,경상
2017100500100182,2017년 10월 5일 14시,목요일,전라남도 순천시 낙안면,중상사고,0,2,0,0,차대차 - 측면충돌,중앙선침범,건조,맑음,단일로 - 기타,승용,여,52세,상해없음,화물,남,67세,중상
2017100500100224,2017년 10월 5일 16시,목요일,전라남도 영암군 삼호읍,경상사고,0,0,1,0,차대차 - 기타,안전운전불이행,젖음/습기,비,교차로 - 교차로부근,승용,남,48세,상해없음,승용,남,64세,경상
2017100500100225,2017년 10월 5일 16시,목요일,전라남도 영암군 삼호읍,경상사고,0,0,1,0,차대차 - 측면충돌,안전운전불이행,젖음/습기,비,단일로 - 기타,승용,남,36세,상해없음,승용,남,47세,경상
2017100500100247,2017년 10월 5일 17시,목요일,전라남도 나주시 용산동,부상신고사고,0,0,0,1,차대사람 - 길가장자리구역통행중,안전운전불이행,젖음/습기,비,단일로 - 기타,기타불명,기타불명,미분류,기타불명,보행자,남,54세,부상신고
2017100500100248,2017년 10월 5일 17시,목요일,전라남도 강진군 대구면,사망사고,1,0,0,0,차대사람 - 횡단중,과속,젖음/습기,비,단일로 - 기타,승용,남,64세,상해없음,보행자,남,80세,사망
2017100500100270,2017년 10월 5일 18시,목요일,전라남도 여수시 돌산읍,경상사고,0,0,5,0,차대차 - 추돌,안전운전불이행,젖음/습기,비,단일로 - 교량,승용,남,55세,상해없음,승용,남,52세,경상
2017100500100271,2017년 10월 5일 18시,목요일,전라남도 강진군 대구면,경상사고,0,0,1,0,차대사람 - 기타,안전운전불이행,젖음/습기,비,단일로 - 기타,승용,남,43세,상해없음,보행자,여,73세,경상
2017100500100272,2017년 10월 5일 18시,목요일,전라남도 강진군 대구면,중상사고,0,2,1,0,차대사람 - 횡단중,안전운전불이행,젖음/습기,비,단일로 - 기타,승용,남,56세,상해없음,보행자,여,25세,중상
2017100500100273,2017년 10월 5일 18시,목요일,전라남도 강진군 성전면,경상사고,0,0,1,0,차대차 - 기타,중앙선침범,젖음/습기,비,단일로 - 기타,승용,남,55세,상해없음,승용,남,53세,경상
2017100500100295,2017년 10월 5일 19시,목요일,전라남도 영암군 삼호읍,경상사고,0,0,4,0,차대차 - 측면충돌,안전운전불이행,젖음/습기,비,교차로 - 교차로부근,승용,남,58세,상해없음,승용,남,28세,경상
2017100500100315,2017년 10월 5일 20시,목요일,전라남도 순천시 조례동,경상사고,0,0,4,0,차대차 - 추돌,안전운전불이행,젖음/습기,비,단일로 - 기타,승용,남,59세,상해없음,승용,여,47세,경상
2017100500100339,2017년 10월 5일 21시,목요일,전라남도 목포시 상동,경상사고,0,0,2,0,차대사람 - 기타,보행자보호의무위반,젖음/습기,비,단일로 - 기타,승용,남,48세,상해없음,보행자,여,21세,경상
2017100500100340,2017년 10월 5일 21시,목요일,전라남도 여수시 소호동,중상사고,0,1,0,0,차대차 - 측면충돌,안전운전불이행,젖음/습기,비,교차로 - 교차로안,승용,여,47세,상해없음,이륜,남,53세,중상
2017100500100366,2017년 10월 5일 22시,목요일,전라남도 목포시 산정동,경상사고,0,0,1,0,차대사람 - 기타,안전운전불이행,건조,맑음,기타 - 기타,승용,남,50세,상해없음,보행자,여,23세,경상
2017100500100367,2017년 10월 5일 22시,목요일,전라남도 화순군 화순읍,부상신고사고,0,0,0,1,차량단독 - 기타,안전운전불이행,젖음/습기,비,교차로 - 교차로부근,이륜,남,23세,부상신고,,,,
2017100500100368,2017년 10월 5일 22시,목요일,전라남도 담양군 담양읍,중상사고,0,1,0,0,차대사람 - 횡단중,안전운전불이행,젖음/습기,비,교차로 - 교차로횡단보도내,승용,여,36세,상해없음,보행자,남,65세,중상
2017100500100369,2017년 10월 5일 22시,목요일,전라남도 완도군 완도읍,중상사고,0,1,0,0,차대사람 - 횡단중,안전운전불이행,젖음/습기,비,교차로 - 교차로부근,승용,남,41세,상해없음,보행자,여,34세,중상
2017100500100388,2017년 10월 5일 23시,목요일,전라남도 목포시 용해동,경상사고,0,0,1,0,차대차 - 기타,중앙선침범,젖음/습기,비,단일로 - 기타,승용,남,25세,상해없음,승용,남,32세,경상
2017100500100389,2017년 10월 5일 23시,목요일,전라남도 구례군 구례읍,중상사고,0,2,0,0,차대사람 - 횡단중,안전운전불이행,젖음/습기,비,단일로 - 기타,승용,남,35세,상해없음,보행자,남,45세,중상
2017100600100020,2017년 10월 6일 00시,금요일,전라남도 목포시 옥암동,경상사고,0,0,1,0,차대차 - 기타,안전운전불이행,젖음/습기,비,단일로 - 기타,승용,여,50세,상해없음,이륜,남,37세,경상
2017100600100035,2017년 10월 6일 01시,금요일,전라남도 여수시 국동,중상사고,0,2,2,0,차대차 - 추돌,안전운전불이행,젖음/습기,비,교차로 - 교차로부근,승용,여,59세,상해없음,승합,남,67세,경상
2017100600100036,2017년 10월 6일 01시,금요일,전라남도 여수시 종화동,경상사고,0,0,1,0,차대사람 - 횡단중,기타,젖음/습기,비,단일로 - 기타,승용,남,33세,상해없음,보행자,남,28세,경상
2017100600100037,2017년 10월 6일 01시,금요일,전라남도 화순군 화순읍,중상사고,0,1,0,0,차대차 - 기타,안전운전불이행,젖음/습기,비,교차로 - 교차로안,승용,남,25세,상해없음,승용,남,40세,상해없음
2017100600100038,2017년 10월 6일 01시,금요일,전라남도 화순군 화순읍,부상신고사고,0,0,0,1,차대차 - 추돌,안전운전불이행,젖음/습기,흐림,교차로 - 교차로안,화물,남,45세,부상신고,승용,남,50세,상해없음
2017100600100039,2017년 10월 6일 01시,금요일,전라남도 광양시 광양읍,경상사고,0,0,1,0,차대차 - 추돌,안전거리미확보,젖음/습기,비,단일로 - 기타,승용,남,33세,상해없음,이륜,남,18세,경상
2017100600100057,2017년 10월 6일 02시,금요일,전라남도 목포시 상동,경상사고,0,0,2,0,차대차 - 기타,안전운전불이행,건조,맑음,교차로 - 교차로안,기타불명,기타불명,미분류,기타불명,승용,남,38세,경상
2017100600100089,2017년 10월 6일 05시,금요일,전라남도 순천시 남정동,경상사고,0,0,1,0,차대차 - 측면충돌,안전운전불이행,젖음/습기,비,교차로 - 교차로안,승용,남,27세,상해없음,승용,남,57세,경상
2017100600100112,2017년 10월 6일 07시,금요일,전라남도 해남군 옥천면,중상사고,0,1,1,0,차대차 - 측면충돌,안전운전불이행,젖음/습기,비,단일로 - 기타,승용,남,32세,상해없음,화물,남,68세,중상
2017100600100119,2017년 10월 6일 08시,금요일,전라남도 장성군 삼계면,경상사고,0,0,3,0,차대차 - 측면충돌,교차로운행방법위반,건조,맑음,교차로 - 교차로안,승용,남,50세,상해없음,승용,남,33세,경상
2017100600100170,2017년 10월 6일 11시,금요일,전라남도 목포시 죽교동,경상사고,0,0,3,0,차대차 - 측면충돌,안전운전불이행,젖음/습기,비,단일로 - 기타,승용,남,63세,경상,화물,남,54세,경상
2017100600100171,2017년 10월 6일 11시,금요일,전라남도 해남군 송지면,중상사고,0,3,1,0,차량단독 - 공작물충돌,안전운전불이행,젖음/습기,비,단일로 - 기타,승용,여,44세,경상,,,,
2017100600100172,2017년 10월 6일 11시,금요일,전라남도 장성군 장성읍,중상사고,0,1,0,0,차대차 - 측면충돌,교차로운행방법위반,건조,맑음,교차로 - 교차로안,승용,여,65세,상해없음,승용,남,32세,상해없음
2017100600100204,2017년 10월 6일 13시,금요일,전라남도 목포시 용해동,중상사고,0,1,2,0,차대차 - 기타,직진우회전진행방해,젖음/습기,비,교차로 - 교차로안,승용,남,66세,경상,승용,남,60세,경상
2017100600100205,2017년 10월 6일 13시,금요일,전라남도 목포시 용해동,경상사고,0,0,2,0,차대차 - 측면충돌,교차로운행방법위반,젖음/습기,비,교차로 - 교차로안,승용,여,56세,경상,승용,남,31세,경상
2017100600100206,2017년 10월 6일 13시,금요일,전라남도 장성군 북이면,중상사고,0,2,0,0,차대차 - 측면충돌,교차로운행방법위반,건조,맑음,교차로 - 교차로안,승용,남,47세,상해없음,승용,남,34세,중상
2017100600100227,2017년 10월 6일 14시,금요일,전라남도 나주시 석현동,경상사고,0,0,1,0,차량단독 - 기타,안전운전불이행,건조,맑음,단일로 - 기타,승합,남,48세,상해없음,,,,
2017100600100228,2017년 10월 6일 14시,금요일,전라남도 광양시 마동,사망사고,1,0,0,0,차대차 - 측면충돌,중앙선침범,젖음/습기,맑음,단일로 - 기타,화물,여,62세,상해없음,원동기,여,47세,사망
2017100600100248,2017년 10월 6일 15시,금요일,전라남도 진도군 지산면,사망사고,1,0,0,0,차대차 - 기타,직진우회전진행방해,젖음/습기,비,교차로 - 교차로안,승합,남,58세,상해없음,화물,남,55세,사망
2017100600100268,2017년 10월 6일 16시,금요일,전라남도 화순군 화순읍,경상사고,0,0,1,0,차대차 - 측면충돌,교차로운행방법위반,젖음/습기,비,교차로 - 교차로안,승용,남,43세,상해없음,원동기,남,23세,경상
2017100600100281,2017년 10월 6일 17시,금요일,전라남도 목포시 산정동,중상사고,0,1,0,0,차대차 - 기타,안전운전불이행,젖음/습기,비,교차로 - 교차로안,이륜,남,33세,중상,승용,남,67세,상해없음
2017100600100282,2017년 10월 6일 17시,금요일,전라남도 진도군 고군면,사망사고,1,2,0,0,차량단독 - 공작물충돌,안전운전불이행,젖음/습기,비,단일로 - 기타,화물,남,28세,중상,,,,
2017100600100311,2017년 10월 6일 18시,금요일,전라남도 완도군 노화읍,중상사고,0,1,0,0,차대사람 - 기타,안전운전불이행,건조,맑음,단일로 - 기타,승용,남,62세,상해없음,보행자,남,59세,중상
2017100600100360,2017년 10월 6일 20시,금요일,전라남도 순천시 조례동,중상사고,0,1,0,0,차대사람 - 기타,안전운전불이행,건조,맑음,교차로 - 교차로안,승용,여,56세,상해없음,보행자,남,50세,중상
2017100600100386,2017년 10월 6일 21시,금요일,전라남도 고흥군 도양읍,경상사고,0,0,1,0,차대사람 - 길가장자리구역통행중,안전운전불이행,건조,맑음,단일로 - 기타,승용,남,52세,상해없음,보행자,남,62세,경상
2017100600100435,2017년 10월 6일 23시,금요일,전라남도 목포시 산정동,경상사고,0,0,4,0,차대차 - 기타,안전운전불이행,젖음/습기,비,단일로 - 기타,승용,남,32세,경상,승용,남,37세,경상
2017100600100436,2017년 10월 6일 23시,금요일,전라남도 목포시 산정동,중상사고,0,1,2,0,차대사람 - 기타,안전운전불이행,젖음/습기,비,단일로 - 기타,승용,남,33세,상해없음,보행자,남,25세,경상
2017100700100045,2017년 10월 7일 01시,토요일,전라남도 고흥군 동강면,사망사고,1,0,0,0,차대사람 - 길가장자리구역통행중,안전운전불이행,젖음/습기,맑음,교차로 - 교차로안,화물,남,49세,상해없음,보행자,남,62세,사망
2017100700100057,2017년 10월 7일 02시,토요일,전라남도 목포시 옥암동,사망사고,2,0,0,0,차량단독 - 공작물충돌,안전운전불이행,젖음/습기,흐림,단일로 - 기타,승용,남,33세,사망,,,,
2017100700100095,2017년 10월 7일 07시,토요일,전라남도 여수시 미평동,중상사고,0,1,0,0,차대사람 - 기타,안전운전불이행,건조,맑음,단일로 - 기타,승용,남,28세,상해없음,보행자,남,51세,중상
2017100700100096,2017년 10월 7일 07시,토요일,전라남도 영암군 신북면,경상사고,0,0,1,0,차대차 - 측면충돌,안전운전불이행,건조,맑음,교차로 - 교차로부근,화물,남,65세,상해없음,승용,여,38세,경상
2017100700100097,2017년 10월 7일 07시,토요일,전라남도 광양시 광양읍,중상사고,0,1,0,0,차대사람 - 횡단중,보행자보호의무위반,건조,맑음,교차로 - 교차로횡단보도내,승용,여,25세,상해없음,보행자,남,46세,중상
2017100700100139,2017년 10월 7일 10시,토요일,전라남도 화순군 화순읍,경상사고,0,0,1,0,차대차 - 기타,직진우회전진행방해,건조,맑음,교차로 - 교차로안,농기계,남,85세,상해없음,승용,남,52세,경상
2017100700100165,2017년 10월 7일 11시,토요일,전라남도 여수시 서교동,중상사고,0,3,3,0,차대차 - 측면충돌,안전운전불이행,건조,맑음,단일로 - 기타,승용,남,75세,상해없음,승용,남,37세,경상
2017100700100166,2017년 10월 7일 11시,토요일,전라남도 영광군 영광읍,경상사고,0,0,1,0,차대차 - 측면충돌,안전운전불이행,건조,맑음,단일로 - 기타,승합,남,35세,상해없음,이륜,남,80세,경상
2017100700100192,2017년 10월 7일 12시,토요일,전라남도 나주시 금성동,경상사고,0,0,1,0,차대사람 - 차도통행중,안전운전불이행,건조,맑음,단일로 - 기타,승용,여,31세,상해없음,보행자,여,22세,경상
2017100700100193,2017년 10월 7일 12시,토요일,전라남도 광양시 광양읍,중상사고,0,1,0,0,차대차 - 측면충돌,중앙선침범,건조,맑음,단일로 - 기타,자전거,남,67세,중상,승용,남,60세,상해없음
2017100700100222,2017년 10월 7일 13시,토요일,전라남도 순천시 조곡동,경상사고,0,0,1,1,차대차 - 측면충돌,교차로운행방법위반,건조,맑음,교차로 - 교차로안,승용,남,35세,부상신고,승용,남,46세,경상
2017100700100223,2017년 10월 7일 13시,토요일,전라남도 영광군 염산면,경상사고,0,0,2,0,차대차 - 측면충돌,직진우회전진행방해,건조,맑음,교차로 - 교차로안,승용,남,59세,경상,승용,남,36세,경상
2017100700100282,2017년 10월 7일 15시,토요일,전라남도 여수시 웅천동,경상사고,0,0,1,0,차대사람 - 차도통행중,안전운전불이행,건조,맑음,단일로 - 기타,승용,남,25세,상해없음,보행자,여,7세,경상
2017100700100283,2017년 10월 7일 15시,토요일,전라남도 화순군 능주면,경상사고,0,0,3,0,차대차 - 측면충돌,안전운전불이행,건조,맑음,단일로 - 기타,화물,남,77세,상해없음,승용,남,25세,경상
2017100700100284,2017년 10월 7일 15시,토요일,전라남도 영암군 덕진면,중상사고,0,1,0,0,차량단독 - 전도전복 - 전도,안전운전불이행,건조,맑음,단일로 - 기타,원동기,남,80세,중상,,,,
2017100700100324,2017년 10월 7일 16시,토요일,전라남도 나주시 송월동,경상사고,0,0,2,3,차대차 - 측면충돌,직진우회전진행방해,건조,맑음,교차로 - 교차로안,승용,남,52세,경상,승용,남,58세,경상
2017100700100345,2017년 10월 7일 17시,토요일,전라남도 나주시 문평면,경상사고,0,0,3,0,차대차 - 측면충돌,안전운전불이행,건조,맑음,교차로 - 교차로안,승합,남,71세,경상,승용,여,34세,경상
2017100700100378,2017년 10월 7일 18시,토요일,전라남도 목포시 상동,경상사고,0,0,2,0,차대차 - 기타,신호위반,건조,맑음,교차로 - 교차로횡단보도내,자전거,남,15세,경상,이륜,남,30세,경상
2017100700100379,2017년 10월 7일 18시,토요일,전라남도 장흥군 부산면,중상사고,0,1,1,0,차대차 - 추돌,안전운전불이행,건조,맑음,단일로 - 기타,이륜,남,57세,상해없음,이륜,남,53세,상해없음
2017100700100415,2017년 10월 7일 19시,토요일,전라남도 여수시 화장동,중상사고,0,1,0,0,차대사람 - 횡단중,안전운전불이행,건조,맑음,단일로 - 기타,승용,남,72세,상해없음,보행자,남,52세,중상
2017100700100439,2017년 10월 7일 20시,토요일,전라남도 목포시 석현동,중상사고,0,2,2,0,차대차 - 기타,교차로운행방법위반,건조,맑음,교차로 - 교차로안,승용,여,74세,경상,승용,여,29세,경상
2017100700100440,2017년 10월 7일 20시,토요일,전라남도 순천시 조곡동,경상사고,0,0,4,0,차대차 - 측면충돌,안전운전불이행,건조,맑음,교차로 - 교차로안,승용,남,23세,상해없음,승용,남,58세,경상
2017100700100486,2017년 10월 7일 22시,토요일,전라남도 여수시 소호동,중상사고,0,1,0,0,차대차 - 추돌,안전운전불이행,건조,맑음,교차로 - 교차로부근,승용,남,41세,상해없음,승용,여,30세,중상