사고번호,사고일시,요일,시군구,사고내용,사망자수,중상자수,경상자수,부상신고자수,사고유형,법규위반,노면상태,기상상태,도로형태,가해운전자 차종,가해운전자 성별,가해운전자 연령,가해운전자 상해정도,피해운전자 차종,피해운전자 성별,피해운전자 연령,피해운전자 상해정도
2017101200100549,2017년 10월 12일 20시,목요일,전라남도 화순군 화순읍,부상신고사고,0,0,0,1,차대차 - 측면충돌,안전운전불이행,건조,맑음,단일로 - 기타,이륜,남,22세,부상신고,승용,남,36세,상해없음
2017101200100569,2017년 10월 12일 21시,목요일,전라남도 순천시 덕월동,중상사고,0,1,0,0,차대사람 - 차도통행중,안전운전불이행,건조,맑음,단일로 - 기타,승용,여,61세,상해없음,보행자,남,53세,중상
2017101200100628,2017년 10월 12일 23시,목요일,전라남도 나주시 산포면,사망사고,1,0,0,0,차대사람 - 차도통행중,과속,건조,맑음,단일로 - 기타,승용,남,47세,상해없음,보행자,남,62세,사망
2017101200100629,2017년 10월 12일 23시,목요일,전라남도 광양시 도이동,경상사고,0,0,1,0,차대차 - 기타,안전운전불이행,젖음/습기,흐림,교차로 - 교차로부근,승용,남,29세,상해없음,승용,여,47세,경상
2017101300100027,2017년 10월 13일 00시,금요일,전라남도 여수시 돌산읍,중상사고,0,1,0,0,차대사람 - 차도통행중,중앙선침범,젖음/습기,흐림,단일로 - 기타,승용,남,32세,상해없음,보행자,남,21세,중상
2017101300100028,2017년 10월 13일 00시,금요일,전라남도 영암군 삼호읍,경상사고,0,0,1,0,차대사람 - 기타,안전운전불이행,건조,맑음,단일로 - 기타,승용,남,50세,상해없음,보행자,남,33세,경상
2017101300100038,2017년 10월 13일 01시,금요일,전라남도 순천시 조례동,경상사고,0,0,2,0,차대차 - 측면충돌,안전운전불이행,건조,맑음,단일로 - 기타,승용,남,33세,경상,승용,여,52세,경상
2017101300100116,2017년 10월 13일 07시,금요일,전라남도 순천시 해룡면,경상사고,0,0,1,0,차대차 - 추돌,안전거리미확보,건조,맑음,단일로 - 기타,승용,남,46세,상해없음,승용,남,53세,경상
2017101300100117,2017년 10월 13일 07시,금요일,전라남도 영광군 염산면,중상사고,0,1,0,0,차대차 - 추돌,안전운전불이행,건조,맑음,단일로 - 기타,승용,남,69세,상해없음,농기계,남,70세,중상
2017101300100118,2017년 10월 13일 07시,금요일,전라남도 광양시 금호동,경상사고,0,0,1,0,차대차 - 측면충돌,안전운전불이행,건조,흐림,교차로 - 교차로부근,승용,남,36세,상해없음,승용,남,63세,경상
2017101300100157,2017년 10월 13일 08시,금요일,전라남도 순천시 장천동,경상사고,0,0,2,0,차대차 - 측면충돌,안전운전불이행,건조,맑음,단일로 - 기타,승용,남,70세,상해없음,승용,남,64세,경상
2017101300100158,2017년 10월 13일 08시,금요일,전라남도 장흥군 관산읍,경상사고,0,0,1,0,차대차 - 측면충돌,안전운전불이행,건조,맑음,교차로 - 교차로부근,이륜,남,71세,경상,승용,여,46세,상해없음
2017101300100199,2017년 10월 13일 09시,금요일,전라남도 담양군 담양읍,경상사고,0,0,1,0,차대차 - 기타,중앙선침범,건조,맑음,단일로 - 기타,승용,여,63세,상해없음,승용,남,56세,경상
2017101300100229,2017년 10월 13일 10시,금요일,전라남도 보성군 보성읍,중상사고,0,2,0,0,차대차 - 측면충돌,안전운전불이행,건조,맑음,교차로 - 교차로부근,화물,남,58세,상해없음,승용,여,35세,중상
2017101300100230,2017년 10월 13일 10시,금요일,전라남도 광양시 옥곡면,경상사고,0,0,1,0,차량단독 - 도로외이탈 - 추락,안전운전불이행,건조,맑음,단일로 - 기타,승용,남,45세,경상,,,,
2017101300100289,2017년 10월 13일 12시,금요일,전라남도 무안군 청계면,중상사고,0,1,2,1,차대차 - 추돌,안전거리미확보,건조,맑음,단일로 - 기타,화물,남,60세,부상신고,승용,남,70세,경상
2017101300100320,2017년 10월 13일 13시,금요일,전라남도 순천시 서면,경상사고,0,0,1,0,차대사람 - 횡단중,안전운전불이행,건조,맑음,교차로 - 교차로안,승합,여,50세,상해없음,보행자,남,7세,경상
2017101300100321,2017년 10월 13일 13시,금요일,전라남도 고흥군 봉래면,중상사고,0,1,0,0,차량단독 - 공작물충돌,안전운전불이행,건조,맑음,교차로 - 교차로안,화물,남,37세,중상,,,,
2017101300100322,2017년 10월 13일 13시,금요일,전라남도 구례군 구례읍,경상사고,0,0,1,0,차대차 - 기타,직진우회전진행방해,건조,맑음,교차로 - 교차로안,승용,남,59세,상해없음,이륜,남,18세,경상
2017101300100352,2017년 10월 13일 14시,금요일,전라남도 장흥군 용산면,경상사고,0,0,1,0,차대차 - 추돌,안전운전불이행,건조,맑음,단일로 - 기타,승합,남,44세,상해없음,승용,여,37세,경상
2017101300100353,2017년 10월 13일 14시,금요일,전라남도 장성군 삼계면,경상사고,0,0,1,0,차대차 - 측면충돌,안전운전불이행,건조,맑음,단일로 - 기타,이륜,남,75세,경상,승용,남,65세,상해없음
2017101300100392,2017년 10월 13일 15시,금요일,전라남도 나주시 대호동,중상사고,0,1,0,0,차대사람 - 횡단중,안전운전불이행,건조,맑음,단일로 - 기타,승용,남,62세,상해없음,보행자,여,9세,중상
2017101300100485,2017년 10월 13일 17시,금요일,전라남도 목포시 상동,경상사고,0,0,1,0,차대차 - 추돌,안전거리미확보,건조,맑음,단일로 - 터널,승용,남,26세,상해없음,승용,여,23세,경상
2017101300100486,2017년 10월 13일 17시,금요일,전라남도 나주시 금천면,경상사고,0,0,1,0,차대차 - 측면충돌,중앙선침범,건조,맑음,교차로 - 교차로부근,화물,남,53세,상해없음,승합,남,60세,경상
2017101300100533,2017년 10월 13일 18시,금요일,전라남도 순천시 조례동,경상사고,0,0,1,0,차대차 - 기타,안전거리미확보,건조,맑음,교차로 - 교차로횡단보도내,승용,여,47세,상해없음,자전거,남,35세,경상
2017101300100534,2017년 10월 13일 18시,금요일,전라남도 나주시 대호동,중상사고,0,1,0,0,차대사람 - 차도통행중,안전운전불이행,건조,흐림,단일로 - 기타,승용,여,45세,상해없음,보행자,여,79세,중상
2017101300100535,2017년 10월 13일 18시,금요일,전라남도 영암군 영암읍,경상사고,0,0,1,0,차대차 - 기타,안전운전불이행,건조,맑음,단일로 - 기타,원동기,남,74세,경상,화물,남,29세,상해없음
2017101300100536,2017년 10월 13일 18시,금요일,전라남도 광양시 중동,경상사고,0,0,1,0,차대차 - 측면충돌,신호위반,건조,맑음,교차로 - 교차로안,승용,남,48세,상해없음,승용,남,34세,경상
2017101300100593,2017년 10월 13일 19시,금요일,전라남도 목포시 옥암동,경상사고,0,0,1,0,차대차 - 측면충돌,신호위반,건조,맑음,교차로 - 교차로안,승용,여,32세,상해없음,승용,여,45세,경상
2017101300100627,2017년 10월 13일 20시,금요일,전라남도 무안군 청계면,경상사고,0,0,1,0,차대차 - 추돌,안전거리미확보,건조,맑음,교차로 - 교차로안,승용,남,30세,상해없음,승용,여,40세,경상
2017101300100628,2017년 10월 13일 20시,금요일,전라남도 구례군 구례읍,경상사고,0,0,1,0,차대차 - 정면충돌,중앙선침범,건조,맑음,단일로 - 기타,승용,남,60세,상해없음,이륜,남,19세,경상
2017101300100651,2017년 10월 13일 21시,금요일,전라남도 고흥군 고흥읍,경상사고,0,0,1,0,차대차 - 측면충돌,직진우회전진행방해,건조,맑음,교차로 - 교차로안,승용,남,54세,상해없음,자전거,남,52세,경상
2017101300100680,2017년 10월 13일 22시,금요일,전라남도 순천시 조곡동,경상사고,0,0,1,0,차대차 - 추돌,안전운전불이행,건조,맑음,단일로 - 기타,승용,남,67세,상해없음,승용,여,37세,경상
2017101400100099,2017년 10월 14일 05시,토요일,전라남도 화순군 화순읍,중상사고,0,1,0,0,차량단독 - 공작물충돌,안전운전불이행,건조,맑음,단일로 - 기타,승용,남,37세,중상,,,,
2017101400100131,2017년 10월 14일 07시,토요일,전라남도 고흥군 고흥읍,경상사고,0,0,1,0,차대차 - 기타,안전운전불이행,건조,맑음,교차로 - 교차로부근,승용,남,63세,상해없음,승용,남,26세,상해없음
2017101400100165,2017년 10월 14일 09시,토요일,전라남도 순천시 조례동,중상사고,0,1,0,0,차대차 - 측면충돌,교차로운행방법위반,건조,맑음,교차로 - 교차로안,화물,남,66세,상해없음,승용,여,52세,중상
2017101400100166,2017년 10월 14일 09시,토요일,전라남도 나주시 영산동,경상사고,0,0,4,0,차대차 - 측면충돌,신호위반,건조,맑음,교차로 - 교차로안,화물,남,54세,경상,승용,여,53세,경상
2017101400100167,2017년 10월 14일 09시,토요일,전라남도 나주시 산포면,중상사고,0,3,2,0,차대차 - 측면충돌,직진우회전진행방해,건조,맑음,교차로 - 교차로안,승용,남,50세,중상,화물,남,61세,중상
2017101400100200,2017년 10월 14일 10시,토요일,전라남도 해남군 문내면,경상사고,0,0,1,0,차량단독 - 기타,안전운전불이행,건조,맑음,단일로 - 기타,화물,남,65세,상해없음,,,,
2017101400100201,2017년 10월 14일 10시,토요일,전라남도 영암군 영암읍,경상사고,0,0,2,0,차대차 - 측면충돌,안전운전불이행,건조,맑음,교차로 - 교차로안,승용,남,67세,상해없음,화물,남,54세,경상
2017101400100202,2017년 10월 14일 10시,토요일,전라남도 담양군 수북면,중상사고,0,1,0,0,차량단독 - 전도전복,안전운전불이행,건조,맑음,단일로 - 기타,사륜오토바이(ATV),남,78세,중상,미분류,미분류,미분류,미분류
2017101400100203,2017년 10월 14일 10시,토요일,전라남도 광양시 중동,경상사고,0,0,1,0,차대차 - 측면충돌,교차로운행방법위반,건조,맑음,교차로 - 교차로안,승용,여,46세,경상,승용,남,50세,상해없음
2017101400100232,2017년 10월 14일 11시,토요일,전라남도 목포시 용당동,경상사고,0,0,1,0,차대차 - 측면충돌,안전운전불이행,건조,맑음,단일로 - 기타,승용,여,61세,상해없음,승용,남,69세,경상
2017101400100233,2017년 10월 14일 11시,토요일,전라남도 장흥군 장흥읍,중상사고,0,1,0,0,차대사람 - 길가장자리구역통행중,안전운전불이행,건조,맑음,교차로 - 교차로부근,승용,남,45세,상해없음,보행자,여,87세,중상
2017101400100234,2017년 10월 14일 11시,토요일,전라남도 영암군 군서면,사망사고,1,0,0,0,차대차 - 측면충돌,안전운전불이행,건조,맑음,교차로 - 교차로안,이륜,남,69세,사망,화물,남,70세,상해없음
2017101400100272,2017년 10월 14일 12시,토요일,전라남도 순천시 동외동,중상사고,0,1,0,0,차대사람 - 횡단중,안전운전불이행,건조,맑음,교차로 - 교차로안,승용,남,59세,상해없음,보행자,여,42세,중상
2017101400100273,2017년 10월 14일 12시,토요일,전라남도 장흥군 부산면,중상사고,0,1,1,0,차대차 - 측면충돌,안전운전불이행,건조,맑음,교차로 - 교차로안,이륜,남,77세,상해없음,승용,여,48세,경상
2017101400100312,2017년 10월 14일 13시,토요일,전라남도 해남군 해남읍,중상사고,0,1,1,0,차대차 - 측면충돌,신호위반,건조,맑음,교차로 - 교차로안,승용,남,75세,중상,승용,남,30세,경상
2017101400100313,2017년 10월 14일 13시,토요일,전라남도 담양군 용면,중상사고,0,1,2,0,차대차 - 측면충돌,안전운전불이행,건조,맑음,교차로 - 교차로안,승용,남,74세,경상,승용,남,38세,경상
2017101400100347,2017년 10월 14일 14시,토요일,전라남도 여수시 문수동,경상사고,0,0,1,0,차대차 - 측면충돌,안전운전불이행,건조,맑음,교차로 - 교차로안,승용,남,20세,상해없음,자전거,남,54세,경상
2017101400100348,2017년 10월 14일 14시,토요일,전라남도 나주시 왕곡면,중상사고,0,4,1,0,차량단독 - 공작물충돌,안전운전불이행,건조,맑음,단일로 - 기타,승합,여,24세,경상,,,,
2017101400100349,2017년 10월 14일 14시,토요일,전라남도 완도군 완도읍,중상사고,0,1,3,0,차대차 - 측면충돌,교차로운행방법위반,건조,맑음,교차로 - 교차로안,승합,남,58세,상해없음,승용,남,65세,경상
2017101400100393,2017년 10월 14일 15시,토요일,전라남도 나주시 남평읍,경상사고,0,0,1,0,차대차 - 측면충돌,안전운전불이행,건조,맑음,교차로 - 교차로부근,화물,남,58세,상해없음,자전거,여,72세,경상
2017101400100428,2017년 10월 14일 16시,토요일,전라남도 광양시 마동,경상사고,0,0,2,0,차대차 - 측면충돌,교차로운행방법위반,건조,맑음,교차로 - 교차로안,화물,남,46세,경상,승용,남,24세,경상
2017101400100462,2017년 10월 14일 17시,토요일,전라남도 여수시 둔덕동,중상사고,0,1,0,0,차대사람 - 횡단중,신호위반,건조,맑음,교차로 - 교차로횡단보도내,승용,여,43세,상해없음,보행자,남,9세,중상
2017101400100463,2017년 10월 14일 17시,토요일,전라남도 장성군 장성읍,경상사고,0,0,2,0,차대차 - 측면충돌,안전운전불이행,건조,맑음,단일로 - 기타,승용,남,68세,상해없음,화물,남,52세,상해없음
2017101400100504,2017년 10월 14일 18시,토요일,전라남도 영광군 영광읍,중상사고,0,1,1,0,차대차 - 측면충돌,직진우회전진행방해,건조,맑음,교차로 - 교차로안,승용,여,33세,경상,승용,여,33세,중상
2017101400100505,2017년 10월 14일 18시,토요일,전라남도 곡성군 석곡면,사망사고,1,0,0,0,차대사람 - 차도통행중,안전운전불이행,건조,맑음,단일로 - 기타,승용,남,58세,상해없음,보행자,여,77세,사망
2017101400100506,2017년 10월 14일 18시,토요일,전라남도 광양시 광양읍,경상사고,0,0,3,0,차대차 - 추돌,안전운전불이행,건조,맑음,교차로 - 교차로부근,승용,남,22세,상해없음,승용,여,46세,경상
2017101400100545,2017년 10월 14일 19시,토요일,전라남도 순천시 해룡면,경상사고,0,0,1,0,차대차 - 측면충돌,신호위반,건조,맑음,교차로 - 교차로안,화물,여,57세,상해없음,이륜,남,47세,경상
2017101400100635,2017년 10월 14일 22시,토요일,전라남도 나주시 세지면,경상사고,0,0,2,0,차량단독 - 도로외이탈 - 기타,안전운전불이행,건조,맑음,단일로 - 기타,화물,남,52세,경상,,,,
2017101500100069,2017년 10월 15일 03시,일요일,전라남도 순천시 덕암동,경상사고,0,0,1,0,차대차 - 측면충돌,직진우회전진행방해,젖음/습기,비,교차로 - 교차로안,승용,남,32세,상해없음,승용,남,51세,경상
2017101500100087,2017년 10월 15일 05시,일요일,전라남도 화순군 화순읍,경상사고,0,0,3,0,차대차 - 측면충돌,신호위반,젖음/습기,비,교차로 - 교차로안,승합,남,27세,상해없음,승용,남,33세,경상
2017101500100101,2017년 10월 15일 06시,일요일,전라남도 목포시 상동,경상사고,0,0,2,0,차대차 - 측면충돌,직진우회전진행방해,건조,맑음,교차로 - 교차로안,승용,여,57세,경상,승용,남,29세,경상
2017101500100102,2017년 10월 15일 06시,일요일,전라남도 완도군 약산면,경상사고,0,0,4,0,차대차 - 추돌,안전운전불이행,건조,맑음,단일로 - 기타,화물,남,62세,상해없음,화물,남,50세,경상
2017101500100126,2017년 10월 15일 08시,일요일,전라남도 장흥군 대덕읍,경상사고,0,0,1,0,차대사람 - 기타,안전운전불이행,건조,맑음,단일로 - 기타,승합,남,51세,상해없음,보행자,여,74세,경상
2017101500100136,2017년 10월 15일 09시,일요일,전라남도 무안군 일로읍,중상사고,0,1,0,0,차대차 - 측면충돌,교차로운행방법위반,건조,맑음,교차로 - 교차로안,화물,남,72세,상해없음,이륜,남,75세,중상
2017101500100154,2017년 10월 15일 10시,일요일,전라남도 목포시 용해동,경상사고,0,0,2,0,차대차 - 측면충돌,안전운전불이행,건조,맑음,단일로 - 기타,승용,남,25세,상해없음,승용,여,37세,경상
2017101500100280,2017년 10월 15일 15시,일요일,전라남도 목포시 용해동,경상사고,0,0,2,0,차대차 - 측면충돌,중앙선침범,건조,맑음,단일로 - 기타,화물,남,49세,상해없음,승용,남,30세,경상
2017101500100281,2017년 10월 15일 15시,일요일,전라남도 순천시 조곡동,중상사고,0,1,0,0,차대사람 - 횡단중,안전운전불이행,건조,맑음,단일로 - 기타,승합,남,65세,상해없음,보행자,남,63세,중상
2017101500100282,2017년 10월 15일 15시,일요일,전라남도 화순군 능주면,경상사고,0,0,1,0,차대차 - 측면충돌,안전운전불이행,건조,맑음,주차장 - 주차장,승용,남,63세,상해없음,승용,남,85세,경상
2017101500100309,2017년 10월 15일 16시,일요일,전라남도 순천시 송광면,중상사고,0,2,0,0,차량단독 - 기타,안전운전불이행,젖음/습기,비,단일로 - 기타,승용,남,71세,중상,,,,
2017101500100336,2017년 10월 15일 17시,일요일,전라남도 목포시 대양동,중상사고,0,2,0,0,차대차 - 후진중충돌,안전운전불이행,건조,맑음,단일로 - 기타,화물,남,65세,상해없음,화물,남,57세,중상
2017101500100378,2017년 10월 15일 18시,일요일,전라남도 무안군 삼향읍,중상사고,0,1,0,0,차대사람 - 보도통행중,보행자보호의무위반,건조,맑음,교차로 - 교차로횡단보도내,승용,여,46세,상해없음,보행자,여,12세,중상
2017101500100407,2017년 10월 15일 19시,일요일,전라남도 해남군 해남읍,중상사고,0,1,0,0,차대사람 - 횡단중,안전운전불이행,건조,맑음,단일로 - 기타,승용,남,66세,상해없음,보행자,여,38세,중상
2017101500100408,2017년 10월 15일 19시,일요일,전라남도 광양시 광양읍,경상사고,0,0,1,0,차대차 - 측면충돌,교차로운행방법위반,젖음/습기,비,교차로 - 교차로안,승용,여,39세,상해없음,승용,여,33세,경상
2017101500100437,2017년 10월 15일 20시,일요일,전라남도 목포시 대성동,중상사고,0,1,0,0,차대사람 - 기타,안전운전불이행,건조,맑음,교차로 - 교차로안,이륜,남,23세,상해없음,보행자,남,52세,중상
2017101500100438,2017년 10월 15일 20시,일요일,전라남도 영암군 삼호읍,사망사고,1,0,0,0,차대사람 - 횡단중,과속,젖음/습기,흐림,교차로 - 교차로안,승용,남,19세,상해없음,보행자,남,54세,사망
2017101500100485,2017년 10월 15일 22시,일요일,전라남도 목포시 용당동,경상사고,0,0,1,0,차대차 - 추돌,안전운전불이행,건조,맑음,단일로 - 기타,승용,남,32세,상해없음,승용,남,52세,경상
2017101600100039,2017년 10월 16일 01시,월요일,전라남도 진도군 임회면,경상사고,0,0,1,0,차량단독 - 공작물충돌,안전운전불이행,젖음/습기,비,단일로 - 기타,승용,남,45세,경상,,,,
2017101600100075,2017년 10월 16일 06시,월요일,전라남도 순천시 조곡동,중상사고,0,1,1,0,차대차 - 측면충돌,교차로운행방법위반,건조,맑음,교차로 - 교차로안,승용,남,74세,경상,승용,남,35세,중상
2017101600100087,2017년 10월 16일 07시,월요일,전라남도 순천시 풍덕동,경상사고,0,0,1,0,차대사람 - 기타,안전운전불이행,건조,맑음,단일로 - 기타,승합,남,55세,상해없음,보행자,여,63세,경상
2017101600100118,2017년 10월 16일 08시,월요일,전라남도 여수시 안산동,경상사고,0,0,1,0,차대사람 - 차도통행중,안전운전불이행,건조,맑음,단일로 - 기타,승용,여,52세,상해없음,보행자,남,12세,경상
2017101600100119,2017년 10월 16일 08시,월요일,전라남도 영암군 영암읍,경상사고,0,0,1,0,차대차 - 기타,안전운전불이행,건조,맑음,교차로 - 교차로안,승용,남,57세,상해없음,승용,여,47세,경상
2017101600100120,2017년 10월 16일 08시,월요일,전라남도 영암군 삼호읍,경상사고,0,0,1,0,차대차 - 기타,안전운전불이행,건조,맑음,교차로 - 교차로안,승합,남,36세,상해없음,승용,남,35세,경상
2017101600100148,2017년 10월 16일 09시,월요일,전라남도 구례군 토지면,경상사고,0,0,1,0,차대차 - 정면충돌,안전운전불이행,건조,맑음,단일로 - 기타,승용,여,57세,경상,화물,남,62세,상해없음
2017101600100170,2017년 10월 16일 10시,월요일,전라남도 영광군 법성면,중상사고,0,1,0,0,차대차 - 기타,안전거리미확보,건조,맑음,단일로 - 기타,화물,여,49세,상해없음,승용,남,72세,중상
2017101600100171,2017년 10월 16일 10시,월요일,전라남도 담양군 담양읍,경상사고,0,0,3,0,차대차 - 측면충돌,직진우회전진행방해,건조,맑음,교차로 - 교차로안,승용,여,31세,경상,승용,여,33세,경상
2017101600100200,2017년 10월 16일 11시,월요일,전라남도 목포시 용해동,중상사고,0,1,1,0,차대차 - 기타,안전운전불이행,건조,맑음,단일로 - 기타,승용,남,56세,경상,이륜,남,81세,중상
2017101600100201,2017년 10월 16일 11시,월요일,전라남도 목포시 중앙동2가,중상사고,0,1,0,0,차대차 - 기타,교차로운행방법위반,건조,맑음,교차로 - 교차로안,이륜,남,73세,중상,승용,남,29세,상해없음
2017101600100202,2017년 10월 16일 11시,월요일,전라남도 나주시 봉황면,경상사고,0,0,2,0,차대차 - 기타,안전운전불이행,건조,맑음,단일로 - 기타,승용,여,61세,상해없음,승용,남,61세,경상
2017101600100232,2017년 10월 16일 12시,월요일,전라남도 여수시 소라면,경상사고,0,0,1,0,차대차 - 추돌,안전운전불이행,건조,맑음,교차로 - 교차로안,승용,남,72세,상해없음,화물,남,72세,경상
2017101600100233,2017년 10월 16일 12시,월요일,전라남도 고흥군 남양면,중상사고,0,1,1,0,차량단독 - 공작물충돌,안전운전불이행,건조,맑음,단일로 - 기타,승용,여,48세,경상,,,,
2017101600100266,2017년 10월 16일 13시,월요일,전라남도 여수시 둔덕동,경상사고,0,0,2,0,차대차 - 측면충돌,신호위반,건조,맑음,교차로 - 교차로안,승용,남,46세,경상,승용,남,52세,경상
2017101600100267,2017년 10월 16일 13시,월요일,전라남도 나주시 남평읍,경상사고,0,0,1,0,차대차 - 측면충돌,직진우회전진행방해,건조,맑음,교차로 - 교차로안,승용,여,39세,경상,화물,남,67세,상해없음
2017101600100268,2017년 10월 16일 13시,월요일,전라남도 장성군 장성읍,경상사고,0,0,1,0,차대차 - 추돌,안전운전불이행,건조,맑음,단일로 - 기타,건설기계,남,47세,상해없음,승용,여,45세,경상
2017101600100269,2017년 10월 16일 13시,월요일,전라남도 담양군 월산면,중상사고,0,1,0,0,차대차 - 기타,안전운전불이행,건조,맑음,단일로 - 기타,원동기,남,59세,중상,화물,남,76세,상해없음
2017101600100303,2017년 10월 16일 14시,월요일,전라남도 나주시 세지면,사망사고,1,0,0,0,차량단독 - 공작물충돌,안전운전불이행,건조,맑음,단일로 - 기타,화물,남,71세,사망,,,,
2017101600100304,2017년 10월 16일 14시,월요일,전라남도 나주시 반남면,경상사고,0,0,3,0,차대차 - 측면충돌,직진우회전진행방해,건조,맑음,교차로 - 교차로안,화물,여,50세,경상,승용,남,58세,경상
2017101600100336,2017년 10월 16일 15시,월요일,전라남도 고흥군 풍양면,중상사고,0,1,0,0,차량단독 - 도로외이탈 - 기타,안전운전불이행,건조,맑음,단일로 - 기타,승용,남,40세,중상,,,,
2017101600100369,2017년 10월 16일 16시,월요일,전라남도 목포시 상동,경상사고,0,0,3,0,차대차 - 기타,안전운전불이행,건조,맑음,단일로 - 기타,승용,남,40세,상해없음,승용,남,25세,경상
2017101600100370,2017년 10월 16일 16시,월요일,전라남도 순천시 매곡동,경상사고,0,0,1,0,차대차 - 측면충돌,신호위반,건조,맑음,교차로 - 교차로안,승용,여,60세,기타불명,승용,남,56세,경상
2017101600100394,2017년 10월 16일 17시,월요일,전라남도 함평군 학교면,경상사고,0,0,1,0,차대차 - 측면충돌,교차로운행방법위반,건조,맑음,교차로 - 교차로안,화물,남,53세,상해없음,화물,남,33세,상해없음
2017101600100395,2017년 10월 16일 17시,월요일,전라남도 곡성군 오곡면,경상사고,0,0,3,0,차대차 - 기타,안전운전불이행,건조,맑음,교차로 - 교차로부근,화물,남,53세,경상,승용,여,46세,경상
2017101600100444,2017년 10월 16일 18시,월요일,전라남도 여수시 소호동,경상사고,0,0,1,0,차대사람 - 기타,안전운전불이행,건조,맑음,단일로 - 기타,승용,여,41세,상해없음,보행자,남,35세,경상
2017101600100445,2017년 10월 16일 18시,월요일,전라남도 고흥군 도양읍,경상사고,0,0,1,0,차대차 - 추돌,안전거리미확보,건조,맑음,단일로 - 기타,승용,남,31세,상해없음,승용,여,34세,경상
2017101600100446,2017년 10월 16일 18시,월요일,전라남도 장성군 황룡면,중상사고,0,1,0,0,차대차 - 측면충돌,신호위반,건조,맑음,교차로 - 교차로부근,화물,남,68세,상해없음,자전거,남,55세,중상
2017101600100447,2017년 10월 16일 18시,월요일,전라남도 광양시 광영동,중상사고,0,1,1,0,차대차 - 추돌,안전운전불이행,건조,맑음,단일로 - 기타,이륜,남,76세,중상,건설기계,남,35세,기타불명
2017101600100531,2017년 10월 16일 20시,월요일,전라남도 여수시 문수동,경상사고,0,0,4,0,차대차 - 측면충돌,안전운전불이행,건조,맑음,교차로 - 교차로안,승용,남,27세,상해없음,승용,여,37세,경상
2017101600100605,2017년 10월 16일 23시,월요일,전라남도 순천시 풍덕동,경상사고,0,0,1,0,차대사람 - 기타,안전운전불이행,건조,맑음,교차로 - 교차로안,화물,남,51세,상해없음,보행자,남,46세,경상
2017101700100038,2017년 10월 17일 01시,화요일,전라남도 목포시 상동,경상사고,0,0,2,0,차대차 - 기타,교차로운행방법위반,건조,맑음,교차로 - 교차로안,승용,남,41세,상해없음,승용,남,32세,경상
2017101700100039,2017년 10월 17일 01시,화요일,전라남도 여수시 둔덕동,중상사고,0,1,2,0,차대차 - 추돌,안전운전불이행,건조,맑음,교차로 - 교차로안,승용,남,21세,상해없음,승용,남,41세,경상
2017101700100062,2017년 10월 17일 04시,화요일,전라남도 목포시 온금동,중상사고,0,6,0,0,차대차 - 측면충돌,중앙선침범,건조,기타,단일로 - 기타,승용,남,23세,중상,승용,여,52세,중상
2017101700100094,2017년 10월 17일 06시,화요일,전라남도 광양시 광양읍,경상사고,0,0,2,1,차대차 - 측면충돌,안전운전불이행,건조,맑음,교차로 - 교차로안,승용,남,66세,부상신고,화물,남,61세,경상
2017101700100144,2017년 10월 17일 08시,화요일,전라남도 순천시 가곡동,경상사고,0,0,1,0,차대차 - 측면충돌,안전운전불이행,건조,맑음,단일로 - 기타,승용,남,24세,상해없음,승용,남,57세,경상
2017101700100145,2017년 10월 17일 08시,화요일,전라남도 광양시 광양읍,경상사고,0,0,1,0,차대차 - 기타,안전거리미확보,건조,맑음,단일로 - 기타,승합,남,67세,상해없음,승용,여,59세,경상
2017101700100190,2017년 10월 17일 09시,화요일,전라남도 해남군 황산면,사망사고,1,0,0,0,차량단독 - 기타,안전운전불이행,건조,맑음,단일로 - 기타,화물,남,70세,상해없음,,,,
2017101700100235,2017년 10월 17일 10시,화요일,전라남도 광양시 광양읍,사망사고,1,0,0,0,차대사람 - 보도통행중,안전운전불이행,건조,맑음,단일로 - 기타,화물,남,54세,상해없음,보행자,여,87세,사망
2017101700100295,2017년 10월 17일 12시,화요일,전라남도 화순군 화순읍,경상사고,0,0,1,0,차대차 - 추돌,안전운전불이행,건조,맑음,교차로 - 교차로부근,승용,남,64세,상해없음,이륜,남,18세,경상
2017101700100296,2017년 10월 17일 12시,화요일,전라남도 화순군 화순읍,경상사고,0,0,1,0,차대차 - 측면충돌,신호위반,건조,맑음,교차로 - 교차로안,승용,여,50세,상해없음,화물,남,43세,경상
2017101700100424,2017년 10월 17일 16시,화요일,전라남도 해남군 문내면,경상사고,0,0,2,0,차대사람 - 기타,안전운전불이행,건조,맑음,주차장 - 주차장,화물,남,66세,상해없음,보행자,여,23세,경상
2017101700100462,2017년 10월 17일 17시,화요일,전라남도 순천시 조례동,경상사고,0,0,1,0,차대차 - 추돌,안전거리미확보,건조,맑음,단일로 - 기타,승용,여,65세,상해없음,승용,여,38세,경상
2017101700100517,2017년 10월 17일 18시,화요일,전라남도 순천시 별량면,사망사고,1,1,0,0,차대차 - 정면충돌,중앙선침범,건조,흐림,단일로 - 기타,승용,남,77세,사망,화물,남,59세,중상
2017101700100518,2017년 10월 17일 18시,화요일,전라남도 함평군 함평읍,부상신고사고,0,0,0,1,차대차 - 추돌,안전운전불이행,건조,맑음,단일로 - 기타,화물,남,69세,부상신고,화물,남,36세,기타불명