사고번호,사고일시,요일,시군구,사고내용,사망자수,중상자수,경상자수,부상신고자수,사고유형,법규위반,노면상태,기상상태,도로형태,가해운전자 차종,가해운전자 성별,가해운전자 연령,가해운전자 상해정도,피해운전자 차종,피해운전자 성별,피해운전자 연령,피해운전자 상해정도
2017101700100596,2017년 10월 17일 20시,화요일,전라남도 여수시 돌산읍,경상사고,0,0,2,0,차대차 - 측면충돌,차로위반,건조,맑음,교차로 - 교차로부근,승용,남,24세,상해없음,승용,남,57세,경상
2017101700100626,2017년 10월 17일 21시,화요일,전라남도 여수시 신기동,경상사고,0,0,2,0,차대차 - 추돌,안전운전불이행,건조,맑음,교차로 - 교차로부근,승합,남,53세,상해없음,승용,여,46세,경상
2017101700100627,2017년 10월 17일 21시,화요일,전라남도 보성군 조성면,중상사고,0,1,0,0,차대차 - 추돌,안전운전불이행,건조,맑음,단일로 - 기타,승용,여,29세,상해없음,사륜오토바이(ATV),남,46세,중상
2017101800100029,2017년 10월 18일 00시,수요일,전라남도 여수시 오림동,경상사고,0,0,1,0,차대차 - 추돌,안전운전불이행,건조,맑음,교차로 - 교차로부근,승용,남,26세,상해없음,승용,남,74세,경상
2017101800100042,2017년 10월 18일 01시,수요일,전라남도 화순군 도곡면,사망사고,1,0,0,0,차량단독 - 공작물충돌,안전운전불이행,건조,맑음,교차로 - 교차로안,승용,남,55세,사망,,,,
2017101800100061,2017년 10월 18일 04시,수요일,전라남도 목포시 상동,경상사고,0,0,2,0,차대차 - 측면충돌,직진우회전진행방해,건조,맑음,교차로 - 교차로안,승용,남,25세,경상,승용,여,47세,경상
2017101800100108,2017년 10월 18일 07시,수요일,전라남도 함평군 손불면,경상사고,0,0,2,0,차대차 - 측면충돌,안전운전불이행,건조,맑음,단일로 - 기타,화물,남,64세,경상,승용,남,24세,경상
2017101800100147,2017년 10월 18일 08시,수요일,전라남도 나주시 송월동,경상사고,0,0,1,0,차대사람 - 횡단중,안전운전불이행,건조,맑음,단일로 - 기타,승용,남,35세,상해없음,보행자,여,81세,경상
2017101800100148,2017년 10월 18일 08시,수요일,전라남도 영광군 영광읍,경상사고,0,0,2,0,차대차 - 측면충돌,직진우회전진행방해,건조,맑음,교차로 - 교차로안,승용,여,64세,경상,승용,여,37세,경상
2017101800100149,2017년 10월 18일 08시,수요일,전라남도 무안군 삼향읍,중상사고,0,1,1,0,차대차 - 정면충돌,신호위반,건조,흐림,교차로 - 교차로안,승용,남,23세,경상,승용,여,45세,중상
2017101800100180,2017년 10월 18일 09시,수요일,전라남도 나주시 성북동,중상사고,0,1,0,0,차대차 - 기타,안전거리미확보,건조,맑음,단일로 - 기타,승용,남,64세,상해없음,원동기,남,65세,중상
2017101800100255,2017년 10월 18일 12시,수요일,전라남도 여수시 여서동,중상사고,0,1,0,0,차대사람 - 횡단중,안전운전불이행,건조,맑음,교차로 - 교차로부근,승용,여,65세,상해없음,보행자,남,67세,중상
2017101800100283,2017년 10월 18일 13시,수요일,전라남도 순천시 해룡면,중상사고,0,1,2,0,차대차 - 측면충돌,안전운전불이행,건조,맑음,단일로 - 기타,승용,남,54세,상해없음,화물,남,61세,경상
2017101800100284,2017년 10월 18일 13시,수요일,전라남도 보성군 보성읍,중상사고,0,1,0,0,차대차 - 측면충돌,안전운전불이행,건조,맑음,교차로 - 교차로부근,자전거,남,55세,중상,화물,남,62세,상해없음
2017101800100285,2017년 10월 18일 13시,수요일,전라남도 강진군 강진읍,중상사고,0,1,0,0,차대차 - 측면충돌,신호위반,건조,맑음,교차로 - 교차로안,원동기,여,72세,상해없음,원동기,남,78세,중상
2017101800100311,2017년 10월 18일 14시,수요일,전라남도 나주시 공산면,경상사고,0,0,1,0,차대차 - 측면충돌,교차로운행방법위반,건조,맑음,교차로 - 교차로안,화물,남,56세,상해없음,승합,남,56세,경상
2017101800100312,2017년 10월 18일 14시,수요일,전라남도 영광군 영광읍,경상사고,0,0,2,0,차대차 - 기타,안전거리미확보,건조,맑음,단일로 - 기타,승용,여,70세,경상,화물,여,65세,경상
2017101800100340,2017년 10월 18일 15시,수요일,전라남도 여수시 문수동,경상사고,0,0,2,0,차대차 - 측면충돌,직진우회전진행방해,건조,맑음,교차로 - 교차로안,승용,여,59세,경상,승용,남,44세,상해없음
2017101800100359,2017년 10월 18일 16시,수요일,전라남도 목포시 용당동,경상사고,0,0,1,0,차대차 - 측면충돌,안전운전불이행,건조,맑음,교차로 - 교차로안,승용,여,58세,상해없음,화물,남,58세,경상
2017101800100360,2017년 10월 18일 16시,수요일,전라남도 고흥군 고흥읍,경상사고,0,0,1,0,차대차 - 측면충돌,안전운전불이행,건조,맑음,단일로 - 기타,이륜,남,66세,경상,특수,남,42세,상해없음
2017101800100398,2017년 10월 18일 17시,수요일,전라남도 진도군 진도읍,중상사고,0,1,0,1,차대차 - 측면충돌,안전운전불이행,건조,맑음,교차로 - 교차로안,승용,남,62세,부상신고,승용,여,60세,중상
2017101800100453,2017년 10월 18일 18시,수요일,전라남도 여수시 웅천동,부상신고사고,0,0,0,1,차대차 - 측면충돌,안전운전불이행,건조,맑음,단일로 - 기타,이륜,남,43세,부상신고,승용,남,50세,상해없음
2017101800100454,2017년 10월 18일 18시,수요일,전라남도 순천시 월등면,경상사고,0,0,6,0,차대차 - 추돌,안전운전불이행,건조,맑음,단일로 - 기타,화물,남,72세,경상,승용,여,57세,경상
2017101800100455,2017년 10월 18일 18시,수요일,전라남도 순천시 대대동,사망사고,1,0,0,0,차대사람 - 횡단중,보행자보호의무위반,건조,맑음,단일로 - 기타,승용,남,26세,상해없음,보행자,여,75세,사망
2017101800100456,2017년 10월 18일 18시,수요일,전라남도 영광군 영광읍,중상사고,0,1,0,0,차대차 - 추돌,안전운전불이행,건조,맑음,단일로 - 교량,승용,남,50세,기타불명,농기계,남,52세,중상
2017101800100457,2017년 10월 18일 18시,수요일,전라남도 무안군 무안읍,중상사고,0,1,0,0,차대사람 - 차도통행중,안전운전불이행,건조,맑음,단일로 - 기타,승용,남,64세,상해없음,보행자,여,66세,중상
2017101800100458,2017년 10월 18일 18시,수요일,전라남도 광양시 금호동,경상사고,0,0,1,0,차대차 - 측면충돌,안전거리미확보,건조,맑음,교차로 - 교차로부근,승용,남,59세,상해없음,승용,남,61세,경상
2017101800100504,2017년 10월 18일 19시,수요일,전라남도 순천시 동외동,경상사고,0,0,1,0,차대차 - 추돌,안전운전불이행,건조,맑음,단일로 - 기타,승용,남,60세,상해없음,승용,남,43세,경상
2017101800100505,2017년 10월 18일 19시,수요일,전라남도 고흥군 도양읍,중상사고,0,1,0,0,차대차 - 측면충돌,교차로운행방법위반,건조,맑음,교차로 - 교차로안,화물,남,58세,상해없음,자전거,남,70세,중상
2017101800100506,2017년 10월 18일 19시,수요일,전라남도 광양시 중동,중상사고,0,1,0,0,차대사람 - 기타,안전운전불이행,건조,맑음,교차로 - 교차로안,승용,여,48세,상해없음,보행자,여,67세,중상
2017101800100541,2017년 10월 18일 20시,수요일,전라남도 목포시 상동,중상사고,0,1,0,0,차대사람 - 횡단중,안전운전불이행,건조,맑음,교차로 - 교차로안,승용,남,47세,상해없음,보행자,남,53세,중상
2017101800100542,2017년 10월 18일 20시,수요일,전라남도 순천시 왕지동,중상사고,0,1,0,0,차대사람 - 횡단중,보행자보호의무위반,건조,맑음,교차로 - 교차로횡단보도내,승용,남,50세,상해없음,보행자,남,8세,중상
2017101800100578,2017년 10월 18일 21시,수요일,전라남도 순천시 풍덕동,경상사고,0,0,1,0,차대차 - 기타,신호위반,건조,맑음,교차로 - 교차로안,자전거,여,64세,경상,승용,여,54세,상해없음
2017101800100579,2017년 10월 18일 21시,수요일,전라남도 보성군 벌교읍,중상사고,0,1,0,0,차량단독 - 전도전복 - 전도,안전운전불이행,건조,맑음,단일로 - 기타,이륜,남,62세,중상,,,,
2017101900100059,2017년 10월 19일 04시,목요일,전라남도 강진군 강진읍,중상사고,0,1,0,0,차량단독 - 기타,안전운전불이행,건조,맑음,단일로 - 기타,원동기,남,20세,중상,,,,
2017101900100086,2017년 10월 19일 06시,목요일,전라남도 여수시 공화동,사망사고,1,0,0,0,차대사람 - 기타,안전운전불이행,건조,맑음,교차로 - 교차로횡단보도내,승용,여,56세,상해없음,보행자,남,78세,사망
2017101900100204,2017년 10월 19일 09시,목요일,전라남도 목포시 대양동,경상사고,0,0,3,0,차대차 - 측면충돌,차로위반,건조,맑음,단일로 - 기타,화물,남,52세,경상,승용,여,57세,경상
2017101900100205,2017년 10월 19일 09시,목요일,전라남도 목포시 석현동,경상사고,0,0,3,0,차대차 - 기타,교차로운행방법위반,건조,맑음,교차로 - 교차로안,승용,남,48세,경상,승용,남,65세,경상
2017101900100206,2017년 10월 19일 09시,목요일,전라남도 순천시 서면,경상사고,0,0,1,0,차대차 - 측면충돌,안전운전불이행,건조,맑음,단일로 - 기타,건설기계,남,57세,상해없음,승용,여,56세,경상
2017101900100207,2017년 10월 19일 09시,목요일,전라남도 순천시 주암면,중상사고,0,1,1,0,차대차 - 기타,중앙선침범,건조,맑음,단일로 - 기타,승용,여,45세,중상,화물,남,67세,경상
2017101900100239,2017년 10월 19일 10시,목요일,전라남도 장흥군 장흥읍,경상사고,0,0,1,0,차대차 - 측면충돌,안전운전불이행,건조,맑음,교차로 - 교차로안,화물,남,75세,상해없음,승용,남,47세,경상
2017101900100265,2017년 10월 19일 11시,목요일,전라남도 여수시 주삼동,경상사고,0,0,2,0,차대차 - 측면충돌,안전운전불이행,건조,맑음,단일로 - 기타,건설기계,남,64세,상해없음,화물,남,53세,경상
2017101900100266,2017년 10월 19일 11시,목요일,전라남도 담양군 담양읍,경상사고,0,0,2,0,차대차 - 측면충돌,안전거리미확보,건조,맑음,단일로 - 기타,화물,남,71세,경상,화물,남,58세,경상
2017101900100304,2017년 10월 19일 13시,목요일,전라남도 목포시 죽교동,중상사고,0,1,2,0,차대차 - 추돌,안전운전불이행,건조,맑음,단일로 - 기타,승용,남,57세,상해없음,승용,여,67세,기타불명
2017101900100327,2017년 10월 19일 14시,목요일,전라남도 나주시 세지면,경상사고,0,0,1,0,차대사람 - 기타,안전운전불이행,건조,맑음,교차로 - 교차로안,화물,남,54세,상해없음,보행자,남,77세,경상
2017101900100328,2017년 10월 19일 14시,목요일,전라남도 고흥군 두원면,중상사고,0,1,0,0,차대차 - 측면충돌,교차로운행방법위반,건조,맑음,교차로 - 교차로부근,이륜,남,76세,중상,화물,남,64세,상해없음
2017101900100368,2017년 10월 19일 15시,목요일,전라남도 순천시 조례동,경상사고,0,0,1,0,차대차 - 측면충돌,안전운전불이행,건조,맑음,주차장 - 주차장,승용,여,58세,상해없음,승용,남,62세,경상
2017101900100369,2017년 10월 19일 15시,목요일,전라남도 영암군 금정면,경상사고,0,0,1,0,차대차 - 기타,안전운전불이행,건조,맑음,단일로 - 기타,승합,남,54세,상해없음,승용,남,56세,상해없음
2017101900100370,2017년 10월 19일 15시,목요일,전라남도 장성군 삼계면,부상신고사고,0,0,0,1,차량단독 - 기타,안전운전불이행,건조,맑음,단일로 - 기타,이륜,남,69세,부상신고,,,,
2017101900100371,2017년 10월 19일 15시,목요일,전라남도 담양군 담양읍,중상사고,0,1,0,0,차대사람 - 횡단중,안전운전불이행,건조,맑음,교차로 - 교차로부근,이륜,남,88세,상해없음,보행자,여,77세,중상
2017101900100372,2017년 10월 19일 15시,목요일,전라남도 광양시 광양읍,경상사고,0,0,1,0,차대차 - 기타,안전운전불이행,건조,맑음,단일로 - 기타,자전거,남,69세,경상,승용,여,44세,상해없음
2017101900100451,2017년 10월 19일 17시,목요일,전라남도 강진군 작천면,경상사고,0,0,1,0,차대차 - 기타,안전운전불이행,건조,맑음,교차로 - 교차로안,농기계,남,84세,경상,승합,남,59세,상해없음
2017101900100452,2017년 10월 19일 17시,목요일,전라남도 담양군 무정면,경상사고,0,0,1,0,차대차 - 추돌,안전운전불이행,건조,맑음,단일로 - 기타,화물,남,58세,상해없음,승용,여,26세,경상
2017101900100496,2017년 10월 19일 18시,목요일,전라남도 영암군 영암읍,경상사고,0,0,1,0,차대차 - 추돌,안전운전불이행,건조,맑음,단일로 - 기타,승용,여,56세,경상,화물,남,68세,상해없음
2017101900100497,2017년 10월 19일 18시,목요일,전라남도 곡성군 곡성읍,중상사고,0,2,0,0,차대차 - 추돌,안전운전불이행,건조,맑음,단일로 - 기타,승용,여,40세,상해없음,농기계,남,80세,중상
2017101900100583,2017년 10월 19일 20시,목요일,전라남도 보성군 벌교읍,중상사고,0,1,0,0,차대차 - 측면충돌,안전운전불이행,건조,맑음,단일로 - 기타,이륜,남,44세,중상,승용,남,63세,상해없음
2017101900100607,2017년 10월 19일 21시,목요일,전라남도 여수시 선원동,경상사고,0,0,1,0,차대차 - 추돌,안전운전불이행,건조,맑음,교차로 - 교차로안,승용,남,66세,상해없음,이륜,남,53세,경상
2017101900100608,2017년 10월 19일 21시,목요일,전라남도 보성군 미력면,경상사고,0,0,2,0,차대차 - 추돌,안전운전불이행,건조,맑음,단일로 - 기타,승용,여,54세,경상,화물,남,63세,상해없음
2017101900100640,2017년 10월 19일 22시,목요일,전라남도 순천시 해룡면,경상사고,0,0,2,0,차대차 - 기타,신호위반,건조,맑음,교차로 - 교차로안,승용,남,46세,경상,승용,남,70세,경상
2017101900100667,2017년 10월 19일 23시,목요일,전라남도 여수시 미평동,경상사고,0,0,2,0,차대차 - 측면충돌,중앙선침범,건조,맑음,교차로 - 교차로부근,승용,남,32세,상해없음,승용,남,48세,경상
2017101900100668,2017년 10월 19일 23시,목요일,전라남도 나주시 대호동,경상사고,0,0,1,0,차량단독 - 기타,안전운전불이행,건조,맑음,교차로 - 교차로부근,이륜,남,28세,경상,,,,
2017102000100059,2017년 10월 20일 03시,금요일,전라남도 여수시 문수동,중상사고,0,1,0,0,차대사람 - 차도통행중,안전운전불이행,건조,맑음,단일로 - 기타,승용,남,27세,상해없음,보행자,여,46세,중상
2017102000100114,2017년 10월 20일 07시,금요일,전라남도 영광군 영광읍,경상사고,0,0,1,0,차대차 - 측면충돌,직진우회전진행방해,건조,맑음,교차로 - 교차로안,승용,남,32세,경상,화물,남,52세,상해없음
2017102000100155,2017년 10월 20일 08시,금요일,전라남도 보성군 보성읍,중상사고,0,1,1,0,차량단독 - 기타,안전운전불이행,건조,맑음,단일로 - 기타,이륜,남,17세,중상,,,,
2017102000100156,2017년 10월 20일 08시,금요일,전라남도 장성군 장성읍,경상사고,0,0,1,0,차대차 - 기타,교차로운행방법위반,건조,맑음,교차로 - 교차로안,승용,남,79세,상해없음,자전거,남,76세,경상
2017102000100201,2017년 10월 20일 09시,금요일,전라남도 나주시 산포면,경상사고,0,0,3,0,차대차 - 측면충돌,직진우회전진행방해,건조,맑음,교차로 - 교차로안,승용,여,31세,경상,승용,여,50세,경상
2017102000100233,2017년 10월 20일 10시,금요일,전라남도 여수시 돌산읍,중상사고,0,1,1,0,차대차 - 측면충돌,교차로운행방법위반,건조,맑음,교차로 - 교차로안,화물,남,62세,상해없음,화물,남,34세,경상
2017102000100234,2017년 10월 20일 10시,금요일,전라남도 순천시 인월동,경상사고,0,0,1,0,차대차 - 기타,안전거리미확보,건조,맑음,교차로 - 교차로부근,승용,남,66세,상해없음,승용,여,61세,상해없음
2017102000100235,2017년 10월 20일 10시,금요일,전라남도 보성군 득량면,경상사고,0,0,2,0,차대차 - 추돌,안전거리미확보,건조,맑음,교차로 - 교차로부근,승용,남,78세,상해없음,승용,남,32세,상해없음
2017102000100236,2017년 10월 20일 10시,금요일,전라남도 구례군 구례읍,중상사고,0,1,0,0,차대사람 - 기타,직진우회전진행방해,건조,맑음,교차로 - 교차로안,승합,여,54세,상해없음,보행자,여,80세,중상
2017102000100274,2017년 10월 20일 11시,금요일,전라남도 목포시 산정동,경상사고,0,0,3,0,차대차 - 측면충돌,교차로운행방법위반,건조,맑음,교차로 - 교차로안,승용,남,57세,경상,화물,남,60세,경상
2017102000100275,2017년 10월 20일 11시,금요일,전라남도 순천시 조례동,경상사고,0,0,1,0,차대차 - 측면충돌,안전거리미확보,건조,맑음,단일로 - 기타,승용,여,70세,상해없음,화물,남,42세,경상
2017102000100276,2017년 10월 20일 11시,금요일,전라남도 나주시 동강면,경상사고,0,0,1,0,차대차 - 측면충돌,신호위반,건조,맑음,교차로 - 교차로안,건설기계,남,45세,상해없음,건설기계,남,29세,경상
2017102000100314,2017년 10월 20일 12시,금요일,전라남도 화순군 화순읍,경상사고,0,0,1,0,차대사람 - 횡단중,보행자보호의무위반,건조,맑음,교차로 - 교차로횡단보도내,승용,여,61세,상해없음,보행자,여,62세,경상
2017102000100352,2017년 10월 20일 13시,금요일,전라남도 나주시 이창동,경상사고,0,0,1,0,차대차 - 추돌,안전운전불이행,건조,맑음,단일로 - 기타,승용,남,41세,상해없음,승용,여,62세,경상
2017102000100353,2017년 10월 20일 13시,금요일,전라남도 해남군 송지면,경상사고,0,0,1,0,차대차 - 측면충돌,직진우회전진행방해,건조,맑음,교차로 - 교차로안,승용,여,40세,상해없음,이륜,남,81세,경상
2017102000100354,2017년 10월 20일 13시,금요일,전라남도 장성군 장성읍,경상사고,0,0,1,0,차대사람 - 차도통행중,안전운전불이행,건조,맑음,단일로 - 기타,승용,여,18세,상해없음,보행자,여,60세,경상
2017102000100395,2017년 10월 20일 14시,금요일,전라남도 목포시 산정동,경상사고,0,0,2,0,차대차 - 기타,안전운전불이행,건조,맑음,단일로 - 기타,승용,여,64세,경상,승용,여,62세,경상
2017102000100490,2017년 10월 20일 16시,금요일,전라남도 광양시 광영동,경상사고,0,0,2,0,차대차 - 측면충돌,교차로운행방법위반,건조,맑음,교차로 - 교차로부근,승용,남,76세,경상,화물,남,62세,경상
2017102000100530,2017년 10월 20일 17시,금요일,전라남도 해남군 해남읍,부상신고사고,0,0,0,1,차대사람 - 기타,안전운전불이행,건조,흐림,단일로 - 기타,승용,남,54세,상해없음,보행자,남,59세,부상신고
2017102000100595,2017년 10월 20일 18시,금요일,전라남도 순천시 승주읍,중상사고,0,1,1,0,차대사람 - 차도통행중,안전운전불이행,건조,맑음,단일로 - 기타,승용,남,52세,상해없음,보행자,여,73세,경상
2017102000100596,2017년 10월 20일 18시,금요일,전라남도 나주시 금천면,중상사고,0,1,0,0,차대차 - 측면충돌,안전운전불이행,건조,맑음,단일로 - 기타,승용,여,42세,상해없음,자전거,남,57세,중상
2017102000100597,2017년 10월 20일 18시,금요일,전라남도 영광군 묘량면,경상사고,0,0,1,0,차대차 - 추돌,안전거리미확보,건조,맑음,단일로 - 기타,승용,여,48세,경상,화물,남,44세,상해없음
2017102000100598,2017년 10월 20일 18시,금요일,전라남도 영광군 묘량면,경상사고,0,0,3,0,차대차 - 추돌,과속,건조,맑음,단일로 - 기타,승용,남,26세,경상,승용,남,47세,상해없음
2017102000100599,2017년 10월 20일 18시,금요일,전라남도 담양군 창평면,중상사고,0,1,1,0,차대차 - 추돌,안전운전불이행,건조,맑음,교차로 - 교차로안,화물,남,63세,상해없음,화물,남,49세,상해없음
2017102000100657,2017년 10월 20일 19시,금요일,전라남도 목포시 산정동,경상사고,0,0,1,0,차대차 - 기타,안전운전불이행,건조,맑음,교차로 - 교차로횡단보도내,자전거,남,70세,경상,승용,여,34세,상해없음
2017102000100658,2017년 10월 20일 19시,금요일,전라남도 목포시 산정동,경상사고,0,0,1,0,차대차 - 측면충돌,안전운전불이행,건조,맑음,단일로 - 기타,승용,남,56세,상해없음,자전거,남,50세,경상
2017102000100659,2017년 10월 20일 19시,금요일,전라남도 순천시 연향동,경상사고,0,0,1,0,차대사람 - 횡단중,보행자보호의무위반,건조,맑음,교차로 - 교차로횡단보도내,승용,남,26세,상해없음,보행자,남,57세,경상
2017102000100660,2017년 10월 20일 19시,금요일,전라남도 강진군 칠량면,경상사고,0,0,2,0,차대차 - 추돌,안전운전불이행,건조,맑음,교차로 - 교차로안,화물,남,65세,경상,농기계,남,68세,경상
2017102000100704,2017년 10월 20일 20시,금요일,전라남도 순천시 덕월동,중상사고,0,1,0,0,차대사람 - 기타,안전운전불이행,건조,맑음,주차장 - 주차장,승용,남,56세,상해없음,보행자,남,45세,중상
2017102000100705,2017년 10월 20일 20시,금요일,전라남도 고흥군 도양읍,경상사고,0,0,1,0,차대차 - 측면충돌,신호위반,건조,맑음,교차로 - 교차로안,화물,남,63세,상해없음,승용,남,35세,경상
2017102000100775,2017년 10월 20일 22시,금요일,전라남도 목포시 옥암동,경상사고,0,0,1,0,차대차 - 기타,직진우회전진행방해,건조,맑음,단일로 - 기타,승용,남,35세,상해없음,이륜,남,16세,경상
2017102100100053,2017년 10월 21일 01시,토요일,전라남도 순천시 연향동,경상사고,0,0,1,0,차대사람 - 차도통행중,안전운전불이행,건조,맑음,단일로 - 기타,승용,남,60세,상해없음,보행자,남,43세,경상
2017102100100074,2017년 10월 21일 02시,토요일,전라남도 담양군 담양읍,중상사고,0,1,0,0,차량단독 - 공작물충돌,안전운전불이행,건조,맑음,교차로 - 교차로안,화물,남,37세,중상,,,,
2017102100100120,2017년 10월 21일 05시,토요일,전라남도 구례군 구례읍,경상사고,0,0,1,0,차량단독 - 도로외이탈 - 기타,안전운전불이행,건조,맑음,단일로 - 기타,화물,남,55세,경상,,,,
2017102100100137,2017년 10월 21일 06시,토요일,전라남도 순천시 조례동,경상사고,0,0,1,0,차대차 - 측면충돌,안전운전불이행,건조,맑음,단일로 - 기타,승용,남,24세,상해없음,승용,여,57세,경상
2017102100100159,2017년 10월 21일 07시,토요일,전라남도 목포시 산정동,중상사고,0,1,0,0,차대사람 - 횡단중,안전운전불이행,건조,맑음,단일로 - 기타,승용,남,81세,상해없음,보행자,여,83세,중상
2017102100100160,2017년 10월 21일 07시,토요일,전라남도 영암군 학산면,중상사고,0,1,0,0,차대차 - 측면충돌,안전운전불이행,건조,맑음,교차로 - 교차로안,이륜,남,78세,중상,승용,남,70세,상해없음
2017102100100222,2017년 10월 21일 09시,토요일,전라남도 목포시 용당동,중상사고,0,1,0,0,차대사람 - 횡단중,보행자보호의무위반,건조,맑음,교차로 - 교차로횡단보도내,화물,남,67세,상해없음,보행자,여,73세,중상
2017102100100223,2017년 10월 21일 09시,토요일,전라남도 순천시 조곡동,경상사고,0,0,1,0,차량단독 - 기타,직진우회전진행방해,건조,맑음,교차로 - 교차로안,승용,남,62세,상해없음,,,,
2017102100100224,2017년 10월 21일 09시,토요일,전라남도 화순군 도곡면,중상사고,0,1,2,0,차대차 - 측면충돌,교차로운행방법위반,건조,맑음,교차로 - 교차로안,승용,남,64세,경상,화물,남,49세,경상
2017102100100261,2017년 10월 21일 10시,토요일,전라남도 나주시 성북동,경상사고,0,0,1,0,차량단독 - 전도전복,안전운전불이행,건조,맑음,단일로 - 기타,원동기,남,60세,경상,미분류,미분류,미분류,미분류
2017102100100262,2017년 10월 21일 10시,토요일,전라남도 곡성군 옥과면,사망사고,1,0,0,0,차대사람 - 기타,안전운전불이행,건조,맑음,단일로 - 기타,화물,남,57세,상해없음,보행자,남,79세,사망
2017102100100306,2017년 10월 21일 11시,토요일,전라남도 여수시 관문동,중상사고,0,1,0,0,차대사람 - 횡단중,보행자보호의무위반,건조,맑음,단일로 - 기타,승용,남,25세,상해없음,보행자,여,75세,중상
2017102100100307,2017년 10월 21일 11시,토요일,전라남도 순천시 조례동,경상사고,0,0,3,0,차대차 - 측면충돌,안전운전불이행,건조,맑음,교차로 - 교차로안,승용,여,53세,경상,승용,남,38세,경상
2017102100100308,2017년 10월 21일 11시,토요일,전라남도 장성군 북하면,경상사고,0,0,2,0,차대차 - 측면충돌,신호위반,건조,맑음,교차로 - 교차로안,승용,남,48세,상해없음,승용,남,46세,경상
2017102100100344,2017년 10월 21일 12시,토요일,전라남도 광양시 진월면,중상사고,0,1,0,0,차대차 - 측면충돌,안전운전불이행,건조,맑음,단일로 - 기타,승합,남,58세,상해없음,화물,여,61세,중상
2017102100100382,2017년 10월 21일 13시,토요일,전라남도 목포시 연산동,중상사고,0,1,0,0,차대사람 - 횡단중,안전운전불이행,건조,맑음,교차로 - 교차로횡단보도내,승용,남,63세,상해없음,보행자,여,13세,중상
2017102100100383,2017년 10월 21일 13시,토요일,전라남도 순천시 조례동,중상사고,0,3,0,0,차대차 - 측면충돌,안전운전불이행,건조,맑음,교차로 - 교차로안,승용,남,60세,중상,승용,여,22세,중상
2017102100100384,2017년 10월 21일 13시,토요일,전라남도 장흥군 대덕읍,경상사고,0,0,1,0,차량단독 - 전도전복 - 전복,안전운전불이행,건조,맑음,단일로 - 기타,농기계,남,82세,경상,,,,
2017102100100422,2017년 10월 21일 14시,토요일,전라남도 함평군 해보면,중상사고,0,1,4,1,차대차 - 측면충돌,교차로운행방법위반,건조,맑음,교차로 - 교차로안,화물,남,52세,부상신고,승용,남,28세,경상
2017102100100423,2017년 10월 21일 14시,토요일,전라남도 장성군 장성읍,경상사고,0,0,3,0,차대차 - 측면충돌,안전운전불이행,건조,맑음,교차로 - 교차로부근,승용,여,45세,경상,승용,남,35세,경상
2017102100100461,2017년 10월 21일 15시,토요일,전라남도 해남군 삼산면,경상사고,0,0,2,0,차대차 - 추돌,안전거리미확보,건조,맑음,단일로 - 기타,화물,남,38세,상해없음,화물,남,79세,경상
2017102100100487,2017년 10월 21일 16시,토요일,전라남도 목포시 상동,중상사고,0,1,0,0,차대차 - 측면충돌,신호위반,건조,맑음,교차로 - 교차로안,승용,남,65세,상해없음,승용,여,71세,중상
2017102100100488,2017년 10월 21일 16시,토요일,전라남도 여수시 돌산읍,경상사고,0,0,2,0,차대차 - 추돌,안전운전불이행,건조,맑음,단일로 - 기타,승용,여,35세,상해없음,화물,남,36세,경상
2017102100100489,2017년 10월 21일 16시,토요일,전라남도 순천시 덕월동,부상신고사고,0,0,0,2,차대차 - 측면충돌,교차로운행방법위반,건조,맑음,교차로 - 교차로안,승용,남,55세,상해없음,승용,남,35세,부상신고
2017102100100553,2017년 10월 21일 17시,토요일,전라남도 여수시 둔덕동,중상사고,0,1,0,0,차대사람 - 기타,안전운전불이행,건조,맑음,단일로 - 기타,승합,남,53세,상해없음,보행자,여,77세,중상
2017102100100554,2017년 10월 21일 17시,토요일,전라남도 순천시 조례동,경상사고,0,0,1,0,차대사람 - 기타,안전운전불이행,건조,맑음,교차로 - 교차로부근,승용,남,33세,상해없음,보행자,여,70세,경상
2017102100100555,2017년 10월 21일 17시,토요일,전라남도 순천시 황전면,사망사고,1,2,0,0,차량단독 - 공작물충돌,안전운전불이행,건조,맑음,교차로 - 교차로부근,화물,남,65세,중상,,,,
2017102100100556,2017년 10월 21일 17시,토요일,전라남도 장성군 황룡면,경상사고,0,0,1,0,차대차 - 기타,안전운전불이행,건조,맑음,단일로 - 기타,승합,남,71세,상해없음,화물,남,57세,상해없음
2017102100100557,2017년 10월 21일 17시,토요일,전라남도 무안군 삼향읍,중상사고,0,1,0,0,차대차 - 측면충돌,교차로운행방법위반,건조,맑음,교차로 - 교차로안,승용,남,37세,상해없음,승용,남,56세,중상
2017102100100606,2017년 10월 21일 18시,토요일,전라남도 목포시 용당동,중상사고,0,1,2,0,차대차 - 측면충돌,신호위반,건조,맑음,교차로 - 교차로안,승용,남,65세,상해없음,승용,남,33세,경상