사고번호,사고일시,요일,시군구,사고내용,사망자수,중상자수,경상자수,부상신고자수,사고유형,법규위반,노면상태,기상상태,도로형태,가해운전자 차종,가해운전자 성별,가해운전자 연령,가해운전자 상해정도,피해운전자 차종,피해운전자 성별,피해운전자 연령,피해운전자 상해정도
2017102100100607,2017년 10월 21일 18시,토요일,전라남도 여수시 돌산읍,경상사고,0,0,4,0,차대차 - 추돌,안전운전불이행,건조,맑음,단일로 - 기타,화물,남,61세,상해없음,화물,남,51세,경상
2017102100100608,2017년 10월 21일 18시,토요일,전라남도 순천시 낙안면,경상사고,0,0,3,0,차대차 - 추돌,안전운전불이행,건조,맑음,단일로 - 기타,화물,여,46세,경상,농기계,남,32세,경상
2017102100100609,2017년 10월 21일 18시,토요일,전라남도 장흥군 관산읍,경상사고,0,0,1,0,차대차 - 후진중충돌,안전운전불이행,건조,맑음,단일로 - 기타,승용,여,63세,상해없음,승용,여,52세,경상
2017102100100610,2017년 10월 21일 18시,토요일,전라남도 함평군 월야면,중상사고,0,1,0,0,차대차 - 추돌,안전거리미확보,건조,맑음,단일로 - 기타,승용,남,78세,상해없음,화물,남,39세,중상
2017102100100655,2017년 10월 21일 19시,토요일,전라남도 여수시 선원동,경상사고,0,0,1,0,차대사람 - 횡단중,신호위반,건조,맑음,교차로 - 교차로안,승용,남,72세,상해없음,보행자,여,17세,경상
2017102100100656,2017년 10월 21일 19시,토요일,전라남도 장흥군 대덕읍,중상사고,0,1,1,0,차대차 - 측면충돌,중앙선침범,건조,맑음,단일로 - 기타,승용,남,48세,상해없음,승합,여,34세,중상
2017102100100687,2017년 10월 21일 20시,토요일,전라남도 강진군 강진읍,경상사고,0,0,1,0,차대사람 - 기타,안전운전불이행,건조,맑음,단일로 - 기타,승용,남,62세,상해없음,보행자,남,23세,경상
2017102100100706,2017년 10월 21일 21시,토요일,전라남도 여수시 소호동,경상사고,0,0,1,0,차대차 - 추돌,안전운전불이행,건조,맑음,교차로 - 교차로안,승용,남,44세,상해없음,승용,남,62세,경상
2017102100100707,2017년 10월 21일 21시,토요일,전라남도 곡성군 곡성읍,경상사고,0,0,1,0,차대차 - 추돌,안전운전불이행,건조,맑음,교차로 - 교차로안,화물,남,42세,상해없음,승용,남,26세,경상
2017102100100738,2017년 10월 21일 22시,토요일,전라남도 목포시 용해동,경상사고,0,0,3,0,차대차 - 기타,신호위반,건조,맑음,교차로 - 교차로안,승용,남,70세,상해없음,승용,남,43세,경상
2017102100100739,2017년 10월 21일 22시,토요일,전라남도 영암군 삼호읍,사망사고,1,0,1,0,차대차 - 추돌,안전운전불이행,건조,맑음,교차로 - 교차로부근,승용,남,36세,경상,자전거,남,49세,사망
2017102100100763,2017년 10월 21일 23시,토요일,전라남도 고흥군 고흥읍,중상사고,0,1,3,0,차대차 - 정면충돌,중앙선침범,건조,맑음,단일로 - 기타,화물,남,56세,중상,승용,남,32세,경상
2017102200100090,2017년 10월 22일 04시,일요일,전라남도 여수시 평여동,경상사고,0,0,1,0,차량단독 - 공작물충돌,안전운전불이행,건조,맑음,단일로 - 기타,승용,남,32세,경상,,,,
2017102200100091,2017년 10월 22일 04시,일요일,전라남도 순천시 오천동,경상사고,0,0,1,0,차대차 - 추돌,안전운전불이행,건조,맑음,교차로 - 교차로부근,승용,여,40세,상해없음,승용,남,62세,경상
2017102200100137,2017년 10월 22일 08시,일요일,전라남도 장흥군 장흥읍,경상사고,0,0,2,0,차대차 - 측면충돌,신호위반,건조,맑음,교차로 - 교차로안,승용,남,65세,경상,승용,남,49세,경상
2017102200100138,2017년 10월 22일 08시,일요일,전라남도 해남군 산이면,경상사고,0,0,6,0,차대차 - 기타,안전운전불이행,건조,맑음,단일로 - 기타,승용,여,39세,경상,승용,남,33세,경상
2017102200100139,2017년 10월 22일 08시,일요일,전라남도 곡성군 석곡면,사망사고,1,0,0,0,차량단독 - 기타,안전운전불이행,건조,맑음,교차로 - 교차로부근,농기계,남,75세,사망,,,,
2017102200100159,2017년 10월 22일 09시,일요일,전라남도 목포시 용해동,경상사고,0,0,1,0,차대차 - 추돌,직진우회전진행방해,건조,맑음,교차로 - 교차로안,승용,남,49세,상해없음,승용,남,26세,경상
2017102200100179,2017년 10월 22일 10시,일요일,전라남도 나주시 산포면,경상사고,0,0,4,0,차대차 - 추돌,안전운전불이행,건조,맑음,교차로 - 교차로부근,승용,여,37세,경상,승용,남,35세,경상
2017102200100180,2017년 10월 22일 10시,일요일,전라남도 장흥군 장흥읍,중상사고,0,1,1,0,차대차 - 추돌,안전운전불이행,건조,맑음,단일로 - 기타,화물,남,53세,상해없음,이륜,남,78세,중상
2017102200100204,2017년 10월 22일 11시,일요일,전라남도 광양시 태인동,경상사고,0,0,3,0,차대차 - 추돌,안전운전불이행,건조,맑음,교차로 - 교차로부근,이륜,남,47세,상해없음,승용,여,29세,경상
2017102200100230,2017년 10월 22일 12시,일요일,전라남도 나주시 삼영동,경상사고,0,0,3,0,차대차 - 측면충돌,직진우회전진행방해,건조,맑음,교차로 - 교차로안,승용,남,21세,상해없음,승용,여,47세,경상
2017102200100231,2017년 10월 22일 12시,일요일,전라남도 보성군 복내면,중상사고,0,1,0,0,차대차 - 측면충돌,안전운전불이행,건조,맑음,단일로 - 기타,화물,여,50세,상해없음,이륜,남,18세,중상
2017102200100295,2017년 10월 22일 14시,일요일,전라남도 순천시 조례동,경상사고,0,0,2,0,차대차 - 측면충돌,직진우회전진행방해,건조,맑음,교차로 - 교차로안,승용,여,44세,경상,이륜,남,19세,경상
2017102200100296,2017년 10월 22일 14시,일요일,전라남도 구례군 산동면,중상사고,0,1,0,0,차대차 - 정면충돌,중앙선침범,건조,맑음,단일로 - 기타,승용,남,36세,상해없음,이륜,남,59세,중상
2017102200100347,2017년 10월 22일 15시,일요일,전라남도 여수시 봉산동,경상사고,0,0,1,0,차대차 - 측면충돌,교차로운행방법위반,건조,맑음,교차로 - 교차로안,승용,남,61세,상해없음,승용,여,53세,경상
2017102200100410,2017년 10월 22일 17시,일요일,전라남도 여수시 종화동,중상사고,0,1,0,0,차량단독 - 기타,안전운전불이행,건조,맑음,교차로 - 교차로부근,자전거,남,39세,중상,,,,
2017102200100411,2017년 10월 22일 17시,일요일,전라남도 장흥군 관산읍,경상사고,0,0,1,0,차대차 - 측면충돌,안전운전불이행,건조,맑음,교차로 - 교차로안,사륜오토바이(ATV),여,70세,경상,화물,여,61세,상해없음
2017102200100412,2017년 10월 22일 17시,일요일,전라남도 영광군 영광읍,경상사고,0,0,2,0,차대차 - 추돌,안전운전불이행,건조,맑음,교차로 - 교차로안,승용,남,66세,상해없음,승용,남,42세,경상
2017102200100460,2017년 10월 22일 18시,일요일,전라남도 목포시 옥암동,경상사고,0,0,1,0,차대차 - 기타,안전운전불이행,건조,맑음,교차로 - 교차로부근,승용,남,70세,상해없음,승합,남,45세,상해없음
2017102200100461,2017년 10월 22일 18시,일요일,전라남도 여수시 소라면,경상사고,0,0,4,0,차대차 - 측면충돌,교차로운행방법위반,건조,맑음,교차로 - 교차로안,승용,남,57세,상해없음,승용,남,29세,경상
2017102200100462,2017년 10월 22일 18시,일요일,전라남도 나주시 문평면,경상사고,0,0,1,0,차대사람 - 길가장자리구역통행중,안전운전불이행,건조,맑음,단일로 - 기타,승합,남,64세,상해없음,보행자,남,20세,경상
2017102200100463,2017년 10월 22일 18시,일요일,전라남도 영암군 신북면,중상사고,0,1,4,0,차대차 - 기타,안전운전불이행,건조,맑음,단일로 - 기타,승합,남,46세,상해없음,승용,여,26세,경상
2017102200100464,2017년 10월 22일 18시,일요일,전라남도 무안군 해제면,사망사고,1,0,0,0,차량단독 - 도로외이탈 - 추락,안전운전불이행,건조,맑음,단일로 - 기타,이륜,남,56세,사망,,,,
2017102200100554,2017년 10월 22일 21시,일요일,전라남도 순천시 해룡면,중상사고,0,1,0,0,차대차 - 기타,교차로운행방법위반,건조,맑음,교차로 - 교차로안,이륜,남,42세,중상,기타불명,기타불명,미분류,기타불명
2017102200100590,2017년 10월 22일 23시,일요일,전라남도 목포시 산정동,중상사고,0,1,1,0,차대차 - 측면충돌,안전운전불이행,건조,맑음,단일로 - 기타,승용,여,58세,상해없음,승용,남,51세,경상
2017102300100048,2017년 10월 23일 04시,월요일,전라남도 순천시 조례동,중상사고,0,1,0,0,차량단독 - 공작물충돌,안전운전불이행,건조,맑음,단일로 - 기타,이륜,남,21세,중상,,,,
2017102300100107,2017년 10월 23일 07시,월요일,전라남도 고흥군 동강면,경상사고,0,0,1,0,차대차 - 측면충돌,교차로운행방법위반,건조,맑음,교차로 - 교차로안,화물,남,34세,경상,승용,남,55세,상해없음
2017102300100136,2017년 10월 23일 08시,월요일,전라남도 목포시 용당동,경상사고,0,0,1,0,차대사람 - 기타,안전운전불이행,건조,맑음,단일로 - 기타,승용,남,55세,상해없음,보행자,남,18세,경상
2017102300100137,2017년 10월 23일 08시,월요일,전라남도 여수시 미평동,중상사고,0,1,0,0,차대사람 - 횡단중,안전운전불이행,건조,맑음,교차로 - 교차로안,화물,남,36세,상해없음,보행자,남,90세 이상,중상
2017102300100138,2017년 10월 23일 08시,월요일,전라남도 나주시 송월동,경상사고,0,0,1,0,차대차 - 측면충돌,안전운전불이행,건조,맑음,단일로 - 기타,화물,남,61세,상해없음,승용,남,64세,상해없음
2017102300100139,2017년 10월 23일 08시,월요일,전라남도 장흥군 부산면,경상사고,0,0,2,0,차대차 - 후진중충돌,안전운전불이행,건조,맑음,교차로 - 교차로안,승용,여,46세,상해없음,승용,남,50세,경상
2017102300100140,2017년 10월 23일 08시,월요일,전라남도 고흥군 포두면,경상사고,0,0,3,0,차대차 - 측면충돌,안전운전불이행,건조,맑음,단일로 - 기타,승용,남,48세,상해없음,승용,여,45세,경상
2017102300100141,2017년 10월 23일 08시,월요일,전라남도 보성군 조성면,경상사고,0,0,1,0,차대차 - 측면충돌,교차로운행방법위반,건조,맑음,교차로 - 교차로안,승용,여,54세,경상,승용,여,36세,상해없음
2017102300100186,2017년 10월 23일 09시,월요일,전라남도 곡성군 오곡면,경상사고,0,0,1,0,차대차 - 기타,안전운전불이행,건조,맑음,단일로 - 기타,승용,남,67세,상해없음,이륜,남,70세,경상
2017102300100210,2017년 10월 23일 10시,월요일,전라남도 해남군 산이면,경상사고,0,0,1,0,차대차 - 추돌,안전운전불이행,젖음/습기,맑음,단일로 - 기타,건설기계,남,54세,상해없음,승합,남,42세,경상
2017102300100211,2017년 10월 23일 10시,월요일,전라남도 영암군 삼호읍,경상사고,0,0,1,0,차대차 - 추돌,안전운전불이행,건조,맑음,교차로 - 교차로부근,화물,남,35세,상해없음,승용,여,53세,경상
2017102300100273,2017년 10월 23일 12시,월요일,전라남도 목포시 옥암동,경상사고,0,0,2,0,차대차 - 추돌,안전운전불이행,건조,맑음,단일로 - 기타,화물,남,30세,상해없음,화물,남,69세,경상
2017102300100302,2017년 10월 23일 13시,월요일,전라남도 순천시 해룡면,경상사고,0,0,3,0,차대차 - 측면충돌,직진우회전진행방해,건조,맑음,교차로 - 교차로안,승용,남,39세,경상,승용,남,28세,경상
2017102300100303,2017년 10월 23일 13시,월요일,전라남도 함평군 함평읍,경상사고,0,0,2,0,차대차 - 추돌,안전운전불이행,건조,맑음,교차로 - 교차로부근,승용,남,36세,상해없음,승용,남,21세,경상
2017102300100304,2017년 10월 23일 13시,월요일,전라남도 광양시 광양읍,중상사고,0,1,0,0,차대차 - 측면충돌,교차로운행방법위반,건조,맑음,교차로 - 교차로안,승용,남,27세,상해없음,이륜,남,63세,중상
2017102300100343,2017년 10월 23일 14시,월요일,전라남도 나주시 공산면,사망사고,1,0,0,2,차대차 - 측면충돌,교차로운행방법위반,건조,맑음,교차로 - 교차로안,승합,남,67세,부상신고,건설기계,남,63세,부상신고
2017102300100344,2017년 10월 23일 14시,월요일,전라남도 해남군 해남읍,경상사고,0,0,1,0,차대차 - 추돌,교차로운행방법위반,건조,맑음,교차로 - 교차로안,승용,여,48세,상해없음,승용,남,74세,경상
2017102300100345,2017년 10월 23일 14시,월요일,전라남도 담양군 무정면,중상사고,0,2,1,0,차대차 - 측면충돌,중앙선침범,건조,맑음,단일로 - 기타,승용,여,47세,중상,화물,남,31세,상해없음
2017102300100346,2017년 10월 23일 14시,월요일,전라남도 곡성군 곡성읍,부상신고사고,0,0,0,1,차대사람 - 기타,안전운전불이행,건조,맑음,기타 - 기타,화물,남,52세,상해없음,보행자,여,90세 이상,부상신고
2017102300100387,2017년 10월 23일 15시,월요일,전라남도 목포시 용당동,경상사고,0,0,1,0,차대차 - 기타,교차로운행방법위반,건조,맑음,단일로 - 기타,건설기계,남,46세,상해없음,화물,남,43세,경상
2017102300100433,2017년 10월 23일 16시,월요일,전라남도 순천시 인제동,경상사고,0,0,2,1,차대차 - 기타,차로위반,건조,맑음,단일로 - 기타,승용,여,42세,부상신고,승용,남,25세,경상
2017102300100434,2017년 10월 23일 16시,월요일,전라남도 순천시 주암면,부상신고사고,0,0,0,1,차량단독 - 공작물충돌,안전운전불이행,건조,맑음,단일로 - 기타,이륜,남,54세,부상신고,,,,
2017102300100435,2017년 10월 23일 16시,월요일,전라남도 함평군 대동면,경상사고,0,0,1,0,차량단독 - 도로외이탈 - 추락,안전운전불이행,건조,맑음,단일로 - 기타,승용,남,49세,경상,,,,
2017102300100436,2017년 10월 23일 16시,월요일,전라남도 담양군 창평면,사망사고,1,0,0,0,차량단독 - 전도전복 - 전도,안전운전불이행,건조,맑음,단일로 - 기타,농기계,남,72세,사망,,,,
2017102300100474,2017년 10월 23일 17시,월요일,전라남도 순천시 연향동,경상사고,0,0,3,0,차대차 - 기타,신호위반,건조,맑음,교차로 - 교차로안,승용,남,57세,상해없음,승용,여,32세,경상
2017102300100475,2017년 10월 23일 17시,월요일,전라남도 순천시 조례동,중상사고,0,1,0,0,차대사람 - 기타,안전운전불이행,건조,맑음,주차장 - 주차장,승용,남,49세,상해없음,보행자,여,86세,중상
2017102300100537,2017년 10월 23일 18시,월요일,전라남도 여수시 소호동,경상사고,0,0,1,0,차대사람 - 횡단중,안전운전불이행,건조,맑음,단일로 - 기타,승용,여,43세,상해없음,보행자,남,8세,경상
2017102300100538,2017년 10월 23일 18시,월요일,전라남도 순천시 서면,경상사고,0,0,1,0,차대차 - 측면충돌,차로위반,건조,맑음,단일로 - 기타,승용,남,61세,상해없음,승용,남,44세,경상
2017102300100539,2017년 10월 23일 18시,월요일,전라남도 나주시 송월동,경상사고,0,0,1,1,차대차 - 측면충돌,안전운전불이행,건조,맑음,단일로 - 기타,화물,여,61세,부상신고,승용,남,55세,경상
2017102300100540,2017년 10월 23일 18시,월요일,전라남도 고흥군 도양읍,중상사고,0,1,0,0,차대사람 - 기타,안전운전불이행,건조,맑음,단일로 - 기타,승용,여,43세,상해없음,보행자,여,75세,중상
2017102300100541,2017년 10월 23일 18시,월요일,전라남도 영암군 삼호읍,경상사고,0,0,1,0,차대차 - 기타,안전운전불이행,건조,맑음,교차로 - 교차로안,승용,남,47세,상해없음,이륜,남,38세,경상
2017102300100542,2017년 10월 23일 18시,월요일,전라남도 광양시 광양읍,경상사고,0,0,4,0,차대차 - 측면충돌,신호위반,건조,맑음,단일로 - 기타,승용,여,71세,상해없음,승용,여,36세,경상
2017102300100597,2017년 10월 23일 19시,월요일,전라남도 목포시 남교동,중상사고,0,1,1,0,차대사람 - 횡단중,안전운전불이행,건조,맑음,단일로 - 기타,승용,남,57세,상해없음,보행자,여,84세,중상
2017102300100598,2017년 10월 23일 19시,월요일,전라남도 완도군 완도읍,경상사고,0,0,2,0,차대차 - 측면충돌,교차로운행방법위반,건조,맑음,교차로 - 교차로안,화물,남,53세,경상,화물,남,57세,상해없음
2017102300100628,2017년 10월 23일 20시,월요일,전라남도 영암군 신북면,중상사고,0,1,0,0,차대차 - 추돌,안전운전불이행,건조,맑음,단일로 - 기타,승용,남,29세,상해없음,농기계,남,73세,중상
2017102300100669,2017년 10월 23일 21시,월요일,전라남도 여수시 신기동,경상사고,0,0,2,0,차대차 - 측면충돌,안전거리미확보,건조,맑음,단일로 - 기타,승용,여,57세,상해없음,승용,남,36세,경상
2017102300100670,2017년 10월 23일 21시,월요일,전라남도 광양시 중동,경상사고,0,0,1,0,차대사람 - 기타,안전운전불이행,건조,맑음,주차장 - 주차장,승용,여,60세,상해없음,보행자,남,43세,경상
2017102300100693,2017년 10월 23일 22시,월요일,전라남도 광양시 중동,중상사고,0,1,4,0,차대차 - 측면충돌,중앙선침범,건조,맑음,교차로 - 교차로안,승용,남,38세,중상,승용,여,32세,경상
2017102400100030,2017년 10월 24일 00시,화요일,전라남도 목포시 상동,경상사고,0,0,1,0,차대사람 - 차도통행중,안전운전불이행,건조,맑음,단일로 - 기타,승용,여,32세,상해없음,보행자,남,50세,경상
2017102400100045,2017년 10월 24일 02시,화요일,전라남도 담양군 담양읍,중상사고,0,2,1,0,차대차 - 측면충돌,직진우회전진행방해,건조,맑음,교차로 - 교차로안,화물,남,37세,경상,화물,남,44세,중상
2017102400100092,2017년 10월 24일 06시,화요일,전라남도 무안군 현경면,경상사고,0,0,1,0,차대차 - 추돌,안전운전불이행,건조,맑음,단일로 - 기타,승용,남,47세,상해없음,화물,남,63세,경상
2017102400100115,2017년 10월 24일 07시,화요일,전라남도 여수시 안산동,중상사고,0,2,0,0,차대차 - 측면충돌,안전운전불이행,건조,맑음,교차로 - 교차로안,승용,여,35세,상해없음,승용,남,29세,중상
2017102400100116,2017년 10월 24일 07시,화요일,전라남도 순천시 해룡면,경상사고,0,0,1,0,차대차 - 기타,안전거리미확보,건조,맑음,단일로 - 기타,승용,남,37세,상해없음,승합,여,53세,경상
2017102400100117,2017년 10월 24일 07시,화요일,전라남도 나주시 이창동,경상사고,0,0,1,2,차대차 - 측면충돌,교차로운행방법위반,건조,맑음,교차로 - 교차로안,승용,여,49세,부상신고,승용,남,46세,부상신고
2017102400100118,2017년 10월 24일 07시,화요일,전라남도 광양시 광양읍,경상사고,0,0,1,0,차대차 - 추돌,안전거리미확보,건조,맑음,단일로 - 기타,승용,남,28세,상해없음,승용,남,24세,경상
2017102400100154,2017년 10월 24일 08시,화요일,전라남도 순천시 조례동,경상사고,0,0,1,0,차대차 - 측면충돌,안전운전불이행,건조,맑음,단일로 - 기타,승용,여,31세,상해없음,승용,남,61세,경상
2017102400100155,2017년 10월 24일 08시,화요일,전라남도 장성군 북이면,중상사고,0,1,1,0,차대차 - 측면충돌,직진우회전진행방해,건조,맑음,교차로 - 교차로안,화물,남,56세,상해없음,화물,남,40세,중상
2017102400100156,2017년 10월 24일 08시,화요일,전라남도 무안군 현경면,경상사고,0,0,1,0,차대차 - 추돌,안전운전불이행,건조,맑음,단일로 - 기타,화물,남,21세,상해없음,화물,여,29세,경상
2017102400100157,2017년 10월 24일 08시,화요일,전라남도 무안군 망운면,경상사고,0,0,1,0,차대차 - 기타,안전운전불이행,건조,맑음,단일로 - 기타,승용,남,61세,상해없음,화물,여,62세,경상
2017102400100194,2017년 10월 24일 09시,화요일,전라남도 담양군 대전면,경상사고,0,0,1,0,차대차 - 정면충돌,안전운전불이행,건조,맑음,단일로 - 기타,건설기계,남,39세,상해없음,이륜,남,54세,경상
2017102400100195,2017년 10월 24일 09시,화요일,전라남도 곡성군 옥과면,경상사고,0,0,1,0,차대사람 - 차도통행중,안전운전불이행,기타,맑음,단일로 - 기타,승용,남,37세,상해없음,보행자,여,48세,경상
2017102400100196,2017년 10월 24일 09시,화요일,전라남도 무안군 삼향읍,경상사고,0,0,2,1,차대차 - 후진중충돌,안전운전불이행,건조,맑음,단일로 - 기타,승용,남,65세,상해없음,승용,남,37세,경상
2017102400100197,2017년 10월 24일 09시,화요일,전라남도 진도군 진도읍,중상사고,0,2,0,0,차대차 - 정면충돌,신호위반,건조,맑음,교차로 - 교차로안,승용,남,62세,중상,화물,남,34세,중상
2017102400100235,2017년 10월 24일 10시,화요일,전라남도 목포시 산정동,경상사고,0,0,1,0,차대차 - 측면충돌,안전운전불이행,건조,맑음,단일로 - 기타,건설기계,남,48세,상해없음,승용,남,33세,경상
2017102400100236,2017년 10월 24일 10시,화요일,전라남도 장흥군 대덕읍,경상사고,0,0,2,0,차대사람 - 길가장자리구역통행중,안전운전불이행,건조,맑음,단일로 - 기타,화물,남,63세,상해없음,보행자,여,72세,경상
2017102400100237,2017년 10월 24일 10시,화요일,전라남도 장흥군 유치면,경상사고,0,0,1,0,차량단독 - 도로외이탈 - 기타,안전운전불이행,건조,맑음,단일로 - 기타,화물,남,75세,경상,,,,
2017102400100238,2017년 10월 24일 10시,화요일,전라남도 해남군 삼산면,중상사고,0,1,0,0,차대차 - 측면충돌,안전운전불이행,건조,맑음,교차로 - 교차로안,화물,남,47세,상해없음,사륜오토바이(ATV),남,78세,중상
2017102400100297,2017년 10월 24일 12시,화요일,전라남도 순천시 동외동,경상사고,0,0,2,0,차대차 - 추돌,안전거리미확보,건조,맑음,단일로 - 기타,승용,남,56세,상해없음,승용,남,64세,상해없음
2017102400100331,2017년 10월 24일 13시,화요일,전라남도 목포시 산정동,경상사고,0,0,1,0,차대사람 - 기타,안전운전불이행,건조,맑음,단일로 - 기타,화물,남,44세,상해없음,보행자,여,69세,경상
2017102400100332,2017년 10월 24일 13시,화요일,전라남도 보성군 조성면,부상신고사고,0,0,0,1,차대차 - 기타,안전운전불이행,건조,맑음,단일로 - 기타,사륜오토바이(ATV),여,80세,부상신고,화물,남,21세,상해없음
2017102400100360,2017년 10월 24일 14시,화요일,전라남도 해남군 해남읍,경상사고,0,0,1,0,차대차 - 측면충돌,신호위반,건조,맑음,교차로 - 교차로안,승용,여,25세,상해없음,화물,남,53세,경상
2017102400100361,2017년 10월 24일 14시,화요일,전라남도 강진군 강진읍,경상사고,0,0,2,0,차대차 - 후진중충돌,안전운전불이행,건조,맑음,기타 - 기타,승용,남,66세,상해없음,승용,여,64세,경상
2017102400100362,2017년 10월 24일 14시,화요일,전라남도 광양시 진월면,경상사고,0,0,1,0,차대차 - 추돌,교차로운행방법위반,건조,맑음,교차로 - 교차로안,승용,여,57세,경상,건설기계,남,42세,상해없음
2017102400100396,2017년 10월 24일 15시,화요일,전라남도 순천시 덕암동,경상사고,0,0,2,0,차대차 - 기타,안전운전불이행,건조,맑음,단일로 - 기타,승용,남,69세,상해없음,화물,남,42세,상해없음
2017102400100397,2017년 10월 24일 15시,화요일,전라남도 해남군 현산면,경상사고,0,0,1,0,차대차 - 추돌,안전운전불이행,건조,맑음,단일로 - 기타,화물,남,47세,상해없음,승용,여,47세,경상
2017102400100425,2017년 10월 24일 16시,화요일,전라남도 순천시 덕월동,경상사고,0,0,1,0,차대차 - 추돌,안전운전불이행,건조,맑음,교차로 - 교차로부근,승용,여,55세,상해없음,승용,남,30세,경상
2017102400100426,2017년 10월 24일 16시,화요일,전라남도 화순군 화순읍,경상사고,0,0,1,0,차대사람 - 기타,안전운전불이행,건조,맑음,교차로 - 교차로안,승용,여,58세,상해없음,보행자,남,65세,경상
2017102400100464,2017년 10월 24일 17시,화요일,전라남도 신안군 지도읍,중상사고,0,1,2,0,차대차 - 기타,안전운전불이행,건조,맑음,단일로 - 기타,승용,남,41세,경상,화물,남,58세,경상
2017102400100465,2017년 10월 24일 17시,화요일,전라남도 여수시 공화동,경상사고,0,0,2,0,차대차 - 측면충돌,안전운전불이행,건조,맑음,교차로 - 교차로안,승용,남,43세,상해없음,승용,남,42세,경상
2017102400100466,2017년 10월 24일 17시,화요일,전라남도 순천시 서면,경상사고,0,0,4,0,차대차 - 추돌,안전운전불이행,건조,맑음,교차로 - 교차로부근,승용,남,48세,경상,승용,여,50세,경상
2017102400100467,2017년 10월 24일 17시,화요일,전라남도 나주시 경현동,경상사고,0,0,1,0,차대사람 - 횡단중,신호위반,건조,맑음,교차로 - 교차로횡단보도내,화물,남,57세,상해없음,보행자,남,13세,경상
2017102400100468,2017년 10월 24일 17시,화요일,전라남도 고흥군 고흥읍,중상사고,0,2,1,0,차대차 - 측면충돌,중앙선침범,건조,맑음,단일로 - 기타,승용,남,29세,상해없음,화물,남,51세,중상
2017102400100469,2017년 10월 24일 17시,화요일,전라남도 담양군 창평면,경상사고,0,0,1,0,차대차 - 측면충돌,불법유턴,건조,맑음,단일로 - 기타,농기계,남,56세,경상,화물,남,67세,상해없음
2017102400100470,2017년 10월 24일 17시,화요일,전라남도 진도군 진도읍,중상사고,0,1,0,0,차대차 - 측면충돌,차로위반,건조,맑음,단일로 - 기타,승용,남,32세,상해없음,이륜,남,64세,중상
2017102400100525,2017년 10월 24일 18시,화요일,전라남도 고흥군 도양읍,중상사고,0,1,0,0,차대차 - 측면충돌,직진우회전진행방해,건조,맑음,교차로 - 교차로안,승용,남,52세,상해없음,승용,여,39세,중상
2017102400100526,2017년 10월 24일 18시,화요일,전라남도 화순군 화순읍,경상사고,0,0,6,0,차대차 - 측면충돌,신호위반,건조,맑음,교차로 - 교차로안,승합,남,58세,경상,승용,남,55세,경상
2017102400100527,2017년 10월 24일 18시,화요일,전라남도 장성군 장성읍,경상사고,0,0,1,0,차대차 - 측면충돌,중앙선침범,건조,맑음,교차로 - 교차로안,화물,남,71세,상해없음,승용,여,44세,경상
2017102400100528,2017년 10월 24일 18시,화요일,전라남도 곡성군 곡성읍,경상사고,0,0,1,0,차량단독 - 기타,안전운전불이행,건조,맑음,교차로 - 교차로부근,이륜,남,71세,경상,,,,
2017102400100529,2017년 10월 24일 18시,화요일,전라남도 광양시 중동,경상사고,0,0,1,0,차대차 - 측면충돌,교차로운행방법위반,건조,맑음,교차로 - 교차로안,승용,여,39세,상해없음,승용,남,56세,경상
2017102400100577,2017년 10월 24일 19시,화요일,전라남도 목포시 대양동,중상사고,0,1,0,0,차대사람 - 차도통행중,안전운전불이행,건조,맑음,단일로 - 기타,화물,남,37세,상해없음,보행자,남,63세,중상
2017102400100578,2017년 10월 24일 19시,화요일,전라남도 완도군 노화읍,중상사고,0,2,2,0,차대차 - 정면충돌,중앙선침범,건조,맑음,단일로 - 기타,승합,여,49세,경상,화물,남,44세,중상
2017102400100610,2017년 10월 24일 20시,화요일,전라남도 목포시 상동,경상사고,0,0,1,0,차대차 - 기타,교차로운행방법위반,건조,기타,교차로 - 교차로안,승합,남,38세,상해없음,승용,남,25세,경상
2017102400100643,2017년 10월 24일 21시,화요일,전라남도 목포시 상동,중상사고,0,1,0,0,차대사람 - 기타,안전운전불이행,건조,맑음,주차장 - 주차장,승용,여,51세,상해없음,보행자,여,46세,중상
2017102400100676,2017년 10월 24일 22시,화요일,전라남도 순천시 조례동,중상사고,0,1,1,0,차대차 - 측면충돌,신호위반,건조,맑음,교차로 - 교차로안,승용,남,29세,상해없음,승용,남,29세,경상
2017102500100050,2017년 10월 25일 02시,수요일,전라남도 목포시 동명동,경상사고,0,0,2,0,차대차 - 기타,안전운전불이행,건조,맑음,단일로 - 기타,승용,남,46세,기타불명,특수,남,42세,상해없음
2017102500100072,2017년 10월 25일 05시,수요일,전라남도 영암군 영암읍,경상사고,0,0,2,0,차대차 - 정면충돌,안전운전불이행,건조,맑음,교차로 - 교차로안,승용,남,24세,경상,화물,남,67세,경상
2017102500100090,2017년 10월 25일 06시,수요일,전라남도 구례군 구례읍,중상사고,0,1,0,0,차대차 - 측면충돌,교차로운행방법위반,건조,맑음,교차로 - 교차로부근,이륜,남,84세,중상,승용,여,62세,상해없음