사고번호,사고일시,요일,시군구,사고내용,사망자수,중상자수,경상자수,부상신고자수,사고유형,법규위반,노면상태,기상상태,도로형태,가해운전자 차종,가해운전자 성별,가해운전자 연령,가해운전자 상해정도,피해운전자 차종,피해운전자 성별,피해운전자 연령,피해운전자 상해정도
2017102500100106,2017년 10월 25일 07시,수요일,전라남도 목포시 죽교동,경상사고,0,0,1,0,차대사람 - 횡단중,안전운전불이행,건조,맑음,단일로 - 기타,승용,남,32세,상해없음,보행자,여,14세,경상
2017102500100151,2017년 10월 25일 08시,수요일,전라남도 목포시 옥암동,경상사고,0,0,1,0,차대차 - 측면충돌,차로위반,건조,맑음,단일로 - 기타,승용,여,43세,상해없음,승용,여,23세,경상
2017102500100200,2017년 10월 25일 09시,수요일,전라남도 해남군 해남읍,경상사고,0,0,2,0,차대차 - 추돌,안전거리미확보,건조,맑음,교차로 - 교차로부근,승용,여,46세,상해없음,승용,여,39세,경상
2017102500100201,2017년 10월 25일 09시,수요일,전라남도 장성군 장성읍,경상사고,0,0,1,0,차대사람 - 기타,안전운전불이행,건조,맑음,기타 - 기타,건설기계,남,46세,상해없음,보행자,여,90세 이상,경상
2017102500100202,2017년 10월 25일 09시,수요일,전라남도 담양군 담양읍,경상사고,0,0,1,0,차량단독 - 기타,안전운전불이행,건조,맑음,단일로 - 기타,자전거,남,57세,경상,,,,
2017102500100203,2017년 10월 25일 09시,수요일,전라남도 곡성군 석곡면,경상사고,0,0,1,0,차대사람 - 차도통행중,안전운전불이행,건조,맑음,기타 - 기타,화물,남,62세,상해없음,보행자,여,78세,경상
2017102500100310,2017년 10월 25일 12시,수요일,전라남도 해남군 송지면,경상사고,0,0,1,0,차대차 - 기타,안전운전불이행,건조,맑음,교차로 - 교차로부근,승용,남,61세,상해없음,승용,여,41세,경상
2017102500100335,2017년 10월 25일 13시,수요일,전라남도 목포시 죽동,중상사고,0,1,0,0,차대사람 - 횡단중,안전운전불이행,건조,맑음,교차로 - 교차로부근,승합,남,47세,상해없음,보행자,여,25세,중상
2017102500100336,2017년 10월 25일 13시,수요일,전라남도 해남군 북일면,경상사고,0,0,1,0,차대차 - 기타,안전운전불이행,건조,맑음,단일로 - 기타,원동기,남,70세,경상,승용,여,56세,상해없음
2017102500100337,2017년 10월 25일 13시,수요일,전라남도 광양시 광양읍,경상사고,0,0,2,0,차대차 - 추돌,안전운전불이행,건조,맑음,교차로 - 교차로부근,승용,여,60세,상해없음,승용,여,37세,경상
2017102500100374,2017년 10월 25일 14시,수요일,전라남도 목포시 대양동,경상사고,0,0,2,0,차대차 - 측면충돌,교차로운행방법위반,건조,맑음,교차로 - 교차로안,승용,남,57세,경상,승합,남,52세,경상
2017102500100412,2017년 10월 25일 15시,수요일,전라남도 담양군 고서면,사망사고,1,0,0,0,차대차 - 기타,안전운전불이행,건조,맑음,교차로 - 교차로안,화물,남,56세,상해없음,자전거,남,68세,사망
2017102500100447,2017년 10월 25일 16시,수요일,전라남도 여수시 둔덕동,경상사고,0,0,2,0,차대차 - 측면충돌,불법유턴,건조,맑음,단일로 - 기타,승용,여,65세,상해없음,승용,남,31세,경상
2017102500100448,2017년 10월 25일 16시,수요일,전라남도 담양군 대전면,중상사고,0,1,1,0,차대차 - 기타,안전거리미확보,건조,맑음,단일로 - 기타,건설기계,남,51세,상해없음,승용,남,63세,상해없음
2017102500100493,2017년 10월 25일 17시,수요일,전라남도 고흥군 도양읍,경상사고,0,0,1,0,차대차 - 측면충돌,교차로운행방법위반,건조,맑음,교차로 - 교차로안,화물,남,66세,상해없음,승용,남,57세,경상
2017102500100494,2017년 10월 25일 17시,수요일,전라남도 영암군 삼호읍,경상사고,0,0,2,0,차대차 - 추돌,안전운전불이행,건조,맑음,단일로 - 기타,승용,여,26세,상해없음,화물,남,75세,경상
2017102500100562,2017년 10월 25일 18시,수요일,전라남도 목포시 용해동,중상사고,0,1,1,0,차대차 - 측면충돌,과속,건조,맑음,교차로 - 교차로안,승용,남,36세,경상,승용,남,36세,중상
2017102500100563,2017년 10월 25일 18시,수요일,전라남도 장흥군 장흥읍,경상사고,0,0,3,0,차대차 - 추돌,안전운전불이행,건조,맑음,교차로 - 교차로부근,승용,여,26세,상해없음,승용,남,53세,경상
2017102500100564,2017년 10월 25일 18시,수요일,전라남도 영광군 염산면,경상사고,0,0,2,0,차대차 - 측면충돌,직진우회전진행방해,건조,맑음,교차로 - 교차로안,승용,남,62세,경상,농기계,남,70세,경상
2017102500100565,2017년 10월 25일 18시,수요일,전라남도 구례군 광의면,경상사고,0,0,1,0,차대차 - 기타,안전운전불이행,건조,맑음,단일로 - 기타,승용,여,43세,경상,농기계,남,73세,기타불명
2017102500100655,2017년 10월 25일 20시,수요일,전라남도 목포시 상동,중상사고,0,1,0,0,차대차 - 기타,중앙선침범,건조,맑음,단일로 - 기타,화물,남,36세,상해없음,이륜,남,31세,중상
2017102500100683,2017년 10월 25일 21시,수요일,전라남도 곡성군 겸면,중상사고,0,1,0,0,차대차 - 측면충돌,안전운전불이행,건조,맑음,단일로 - 기타,승용,남,51세,상해없음,승용,남,36세,중상
2017102500100712,2017년 10월 25일 22시,수요일,전라남도 여수시 학동,경상사고,0,0,1,0,차대차 - 후진중충돌,안전운전불이행,건조,맑음,단일로 - 기타,승용,남,46세,상해없음,승용,남,56세,경상
2017102500100713,2017년 10월 25일 22시,수요일,전라남도 여수시 여서동,중상사고,0,1,1,0,차대사람 - 횡단중,안전운전불이행,건조,맑음,교차로 - 교차로부근,이륜,남,16세,중상,보행자,여,51세,경상
2017102500100714,2017년 10월 25일 22시,수요일,전라남도 장흥군 장흥읍,부상신고사고,0,0,0,1,차대차 - 기타,안전운전불이행,건조,맑음,교차로 - 교차로안,승용,여,39세,상해없음,자전거,남,50세,부상신고
2017102500100715,2017년 10월 25일 22시,수요일,전라남도 화순군 이양면,중상사고,0,1,1,0,차대차 - 추돌,안전운전불이행,건조,맑음,단일로 - 기타,화물,남,56세,중상,건설기계,남,43세,경상
2017102600100067,2017년 10월 26일 05시,목요일,전라남도 나주시 과원동,경상사고,0,0,4,0,차량단독 - 공작물충돌,안전운전불이행,건조,맑음,교차로 - 교차로안,승합,남,73세,경상,,,,
2017102600100105,2017년 10월 26일 07시,목요일,전라남도 여수시 율촌면,경상사고,0,0,1,0,차대차 - 측면충돌,안전운전불이행,건조,맑음,단일로 - 기타,화물,남,37세,상해없음,승용,남,63세,경상
2017102600100136,2017년 10월 26일 08시,목요일,전라남도 목포시 옥암동,중상사고,0,1,0,0,차대차 - 기타,안전운전불이행,건조,맑음,단일로 - 기타,승용,남,26세,상해없음,승용,남,38세,중상
2017102600100137,2017년 10월 26일 08시,목요일,전라남도 화순군 화순읍,경상사고,0,0,2,0,차대차 - 측면충돌,기타,건조,맑음,교차로 - 교차로안,사륜오토바이(ATV),남,82세,경상,승용,남,25세,경상
2017102600100193,2017년 10월 26일 10시,목요일,전라남도 목포시 옥암동,경상사고,0,0,7,0,차대차 - 측면충돌,신호위반,건조,맑음,교차로 - 교차로안,승용,여,72세,경상,승용,남,33세,경상
2017102600100194,2017년 10월 26일 10시,목요일,전라남도 여수시 선원동,경상사고,0,0,3,0,차대차 - 측면충돌,안전운전불이행,건조,맑음,단일로 - 기타,승용,남,47세,상해없음,화물,남,65세,경상
2017102600100195,2017년 10월 26일 10시,목요일,전라남도 해남군 산이면,경상사고,0,0,2,0,차대차 - 기타,안전운전불이행,건조,맑음,단일로 - 기타,농기계,남,57세,상해없음,이륜,남,72세,경상
2017102600100196,2017년 10월 26일 10시,목요일,전라남도 담양군 담양읍,경상사고,0,0,2,0,차대차 - 추돌,안전운전불이행,건조,맑음,교차로 - 교차로부근,화물,남,57세,상해없음,승용,남,67세,경상
2017102600100197,2017년 10월 26일 10시,목요일,전라남도 무안군 일로읍,중상사고,0,1,0,0,차대사람 - 기타,안전운전불이행,건조,맑음,교차로 - 교차로안,화물,남,59세,상해없음,보행자,여,82세,중상
2017102600100249,2017년 10월 26일 12시,목요일,전라남도 영광군 염산면,중상사고,0,2,0,0,차대차 - 추돌,안전운전불이행,건조,맑음,단일로 - 기타,화물,남,61세,상해없음,자전거,남,64세,중상
2017102600100250,2017년 10월 26일 12시,목요일,전라남도 화순군 화순읍,중상사고,0,1,3,0,차대차 - 측면충돌,안전운전불이행,건조,맑음,단일로 - 기타,승용,여,41세,상해없음,승용,여,65세,경상
2017102600100251,2017년 10월 26일 12시,목요일,전라남도 강진군 병영면,경상사고,0,0,1,0,차대차 - 측면충돌,안전운전불이행,건조,맑음,단일로 - 기타,승용,여,58세,상해없음,이륜,남,78세,경상
2017102600100314,2017년 10월 26일 14시,목요일,전라남도 순천시 옥천동,중상사고,0,1,0,0,차량단독 - 전도전복,안전운전불이행,건조,맑음,단일로 - 기타,이륜,남,53세,중상,미분류,미분류,미분류,미분류
2017102600100315,2017년 10월 26일 14시,목요일,전라남도 나주시 반남면,경상사고,0,0,2,0,차대차 - 추돌,안전운전불이행,건조,맑음,단일로 - 기타,화물,남,50세,경상,농기계,남,54세,경상
2017102600100352,2017년 10월 26일 15시,목요일,전라남도 나주시 금천면,중상사고,0,1,0,0,차대차 - 측면충돌,불법유턴,건조,맑음,교차로 - 교차로안,자전거,남,76세,중상,화물,남,75세,상해없음
2017102600100353,2017년 10월 26일 15시,목요일,전라남도 나주시 문평면,경상사고,0,0,1,0,차대차 - 측면충돌,안전운전불이행,건조,맑음,단일로 - 기타,화물,남,39세,상해없음,사륜오토바이(ATV),여,66세,경상
2017102600100354,2017년 10월 26일 15시,목요일,전라남도 장성군 서삼면,경상사고,0,0,1,0,차대차 - 기타,안전운전불이행,건조,맑음,단일로 - 기타,승용,남,25세,상해없음,승용,여,41세,경상
2017102600100379,2017년 10월 26일 16시,목요일,전라남도 순천시 용당동,경상사고,0,0,1,0,차대차 - 측면충돌,안전운전불이행,건조,맑음,단일로 - 기타,승용,여,51세,상해없음,자전거,남,10세,경상
2017102600100380,2017년 10월 26일 16시,목요일,전라남도 담양군 봉산면,중상사고,0,1,1,0,차대차 - 측면충돌,신호위반,건조,맑음,교차로 - 교차로안,이륜,남,73세,중상,화물,남,39세,경상
2017102600100426,2017년 10월 26일 17시,목요일,전라남도 여수시 중흥동,경상사고,0,0,1,0,차대차 - 측면충돌,교차로운행방법위반,건조,맑음,교차로 - 교차로안,승용,남,31세,상해없음,승용,여,46세,경상
2017102600100427,2017년 10월 26일 17시,목요일,전라남도 장흥군 용산면,경상사고,0,0,1,0,차량단독 - 전도전복 - 전도,안전운전불이행,건조,맑음,단일로 - 기타,자전거,남,13세,경상,,,,
2017102600100428,2017년 10월 26일 17시,목요일,전라남도 영암군 삼호읍,경상사고,0,0,1,0,차대차 - 추돌,안전운전불이행,건조,맑음,단일로 - 교량,이륜,남,58세,상해없음,승용,여,27세,경상
2017102600100479,2017년 10월 26일 18시,목요일,전라남도 목포시 옥암동,경상사고,0,0,5,0,차대차 - 측면충돌,교차로운행방법위반,건조,맑음,교차로 - 교차로안,승용,여,57세,경상,승용,여,50세,경상
2017102600100480,2017년 10월 26일 18시,목요일,전라남도 여수시 문수동,경상사고,0,0,1,0,차대사람 - 횡단중,보행자보호의무위반,건조,맑음,단일로 - 기타,승합,남,73세,상해없음,보행자,여,63세,경상
2017102600100481,2017년 10월 26일 18시,목요일,전라남도 나주시 금천면,중상사고,0,1,0,0,차대차 - 측면충돌,안전운전불이행,건조,맑음,교차로 - 교차로안,이륜,남,79세,중상,승합,남,44세,상해없음
2017102600100482,2017년 10월 26일 18시,목요일,전라남도 담양군 담양읍,사망사고,1,0,0,0,차대차 - 기타,안전운전불이행,건조,맑음,단일로 - 기타,화물,남,56세,사망,농기계,남,69세,상해없음
2017102600100535,2017년 10월 26일 19시,목요일,전라남도 함평군 엄다면,경상사고,0,0,1,0,차대차 - 추돌,안전운전불이행,건조,맑음,단일로 - 기타,화물,남,44세,경상,농기계,남,68세,상해없음
2017102600100596,2017년 10월 26일 21시,목요일,전라남도 여수시 여서동,경상사고,0,0,3,0,차대차 - 측면충돌,교차로운행방법위반,건조,맑음,교차로 - 교차로안,승용,남,44세,경상,승용,남,20세,경상
2017102600100597,2017년 10월 26일 21시,목요일,전라남도 무안군 삼향읍,경상사고,0,0,1,0,차대사람 - 횡단중,신호위반,건조,맑음,교차로 - 교차로안,승용,남,44세,상해없음,보행자,여,10세,경상
2017102600100618,2017년 10월 26일 22시,목요일,전라남도 순천시 조례동,경상사고,0,0,1,0,차대사람 - 기타,안전운전불이행,건조,맑음,교차로 - 교차로부근,승합,남,47세,상해없음,보행자,여,47세,경상
2017102700100035,2017년 10월 27일 00시,금요일,전라남도 순천시 대룡동,중상사고,0,1,0,0,차량단독 - 전도전복,안전운전불이행,건조,맑음,단일로 - 기타,승용,남,38세,중상,미분류,미분류,미분류,미분류
2017102700100106,2017년 10월 27일 07시,금요일,전라남도 여수시 돌산읍,경상사고,0,0,1,0,차대차 - 측면충돌,차로위반,건조,맑음,단일로 - 기타,원동기,남,76세,경상,승용,남,29세,상해없음
2017102700100107,2017년 10월 27일 07시,금요일,전라남도 순천시 해룡면,경상사고,0,0,1,0,차대차 - 측면충돌,신호위반,건조,맑음,교차로 - 교차로안,승용,여,59세,상해없음,승용,여,33세,경상
2017102700100108,2017년 10월 27일 07시,금요일,전라남도 장성군 장성읍,경상사고,0,0,2,0,차대차 - 측면충돌,중앙선침범,건조,맑음,단일로 - 기타,승용,여,53세,경상,승용,남,53세,경상
2017102700100153,2017년 10월 27일 08시,금요일,전라남도 해남군 해남읍,경상사고,0,0,1,0,차대사람 - 기타,안전운전불이행,건조,맑음,단일로 - 기타,승용,여,63세,상해없음,보행자,여,15세,경상
2017102700100154,2017년 10월 27일 08시,금요일,전라남도 보성군 보성읍,경상사고,0,0,1,0,차량단독 - 기타,안전운전불이행,건조,맑음,단일로 - 기타,승합,남,56세,상해없음,,,,
2017102700100227,2017년 10월 27일 10시,금요일,전라남도 목포시 상동,경상사고,0,0,1,0,차대사람 - 기타,교차로운행방법위반,건조,맑음,교차로 - 교차로안,이륜,남,66세,상해없음,보행자,남,64세,경상
2017102700100228,2017년 10월 27일 10시,금요일,전라남도 여수시 여서동,경상사고,0,0,1,0,차대차 - 측면충돌,교차로운행방법위반,건조,맑음,교차로 - 교차로안,화물,남,33세,상해없음,승용,여,41세,경상
2017102700100229,2017년 10월 27일 10시,금요일,전라남도 장흥군 대덕읍,사망사고,1,0,0,0,차대차 - 기타,안전운전불이행,건조,맑음,교차로 - 교차로안,자전거,여,59세,사망,승합,남,49세,상해없음
2017102700100230,2017년 10월 27일 10시,금요일,전라남도 담양군 담양읍,중상사고,0,1,0,0,차대사람 - 기타,안전운전불이행,건조,맑음,단일로 - 기타,건설기계,남,64세,상해없음,보행자,여,81세,중상
2017102700100272,2017년 10월 27일 11시,금요일,전라남도 화순군 화순읍,경상사고,0,0,2,0,차대차 - 추돌,안전거리미확보,건조,맑음,단일로 - 기타,승용,남,59세,상해없음,승용,여,49세,경상
2017102700100273,2017년 10월 27일 11시,금요일,전라남도 장성군 북하면,경상사고,0,0,2,0,차대차 - 측면충돌,직진우회전진행방해,건조,맑음,교차로 - 교차로안,승용,남,59세,상해없음,화물,남,62세,상해없음
2017102700100302,2017년 10월 27일 12시,금요일,전라남도 곡성군 입면,경상사고,0,0,1,0,차대차 - 기타,안전운전불이행,건조,맑음,교차로 - 교차로안,화물,남,61세,상해없음,화물,남,66세,경상
2017102700100377,2017년 10월 27일 14시,금요일,전라남도 해남군 북평면,중상사고,0,1,0,0,차대차 - 측면충돌,중앙선침범,건조,맑음,단일로 - 기타,승용,남,53세,상해없음,승용,남,68세,중상
2017102700100378,2017년 10월 27일 14시,금요일,전라남도 구례군 토지면,중상사고,0,2,0,0,차대차 - 측면충돌,교차로운행방법위반,건조,맑음,교차로 - 교차로부근,승용,여,67세,중상,화물,남,57세,상해없음
2017102700100415,2017년 10월 27일 15시,금요일,전라남도 해남군 해남읍,중상사고,0,1,0,0,차대차 - 정면충돌,중앙선침범,건조,맑음,교차로 - 교차로안,화물,남,33세,상해없음,이륜,남,68세,중상
2017102700100416,2017년 10월 27일 15시,금요일,전라남도 보성군 보성읍,경상사고,0,0,1,0,차대차 - 측면충돌,안전운전불이행,건조,맑음,교차로 - 교차로안,자전거,여,68세,경상,승용,남,70세,상해없음
2017102700100456,2017년 10월 27일 16시,금요일,전라남도 목포시 용해동,경상사고,0,0,3,0,차대차 - 추돌,안전운전불이행,건조,맑음,단일로 - 기타,자전거,남,15세,경상,승합,남,40세,경상
2017102700100500,2017년 10월 27일 17시,금요일,전라남도 여수시 공화동,경상사고,0,0,1,0,차대차 - 측면충돌,안전운전불이행,건조,맑음,교차로 - 교차로안,승용,남,47세,상해없음,자전거,여,25세,경상
2017102700100501,2017년 10월 27일 17시,금요일,전라남도 무안군 해제면,사망사고,2,1,0,0,차대차 - 정면충돌,중앙선침범,건조,맑음,단일로 - 기타,승용,여,64세,사망,화물,남,36세,중상
2017102700100564,2017년 10월 27일 18시,금요일,전라남도 보성군 벌교읍,사망사고,1,0,0,0,차대사람 - 횡단중,안전운전불이행,건조,맑음,단일로 - 기타,화물,남,59세,상해없음,보행자,여,76세,사망
2017102700100565,2017년 10월 27일 18시,금요일,전라남도 영암군 군서면,중상사고,0,1,1,0,차대차 - 추돌,안전운전불이행,건조,맑음,단일로 - 기타,승용,여,52세,경상,농기계,남,71세,중상
2017102700100566,2017년 10월 27일 18시,금요일,전라남도 무안군 삼향읍,경상사고,0,0,1,0,차대차 - 측면충돌,교차로운행방법위반,건조,맑음,교차로 - 교차로안,자전거,남,9세,경상,이륜,남,24세,상해없음
2017102700100632,2017년 10월 27일 19시,금요일,전라남도 여수시 문수동,중상사고,0,1,0,0,차대사람 - 길가장자리구역통행중,안전운전불이행,건조,맑음,교차로 - 교차로부근,승합,남,64세,상해없음,보행자,여,18세,중상
2017102700100633,2017년 10월 27일 19시,금요일,전라남도 여수시 신기동,경상사고,0,0,1,0,차량단독 - 기타,안전운전불이행,건조,맑음,단일로 - 기타,승합,남,56세,상해없음,,,,
2017102700100634,2017년 10월 27일 19시,금요일,전라남도 여수시 여서동,부상신고사고,0,0,0,1,차대차 - 측면충돌,안전운전불이행,건조,맑음,교차로 - 교차로안,이륜,남,23세,부상신고,승용,남,50세,상해없음
2017102700100635,2017년 10월 27일 19시,금요일,전라남도 순천시 풍덕동,경상사고,0,0,1,0,차대차 - 정면충돌,안전운전불이행,건조,맑음,교차로 - 교차로안,승용,남,61세,상해없음,이륜,남,53세,경상
2017102700100687,2017년 10월 27일 20시,금요일,전라남도 나주시 남외동,경상사고,0,0,1,0,차대차 - 측면충돌,안전운전불이행,건조,맑음,교차로 - 교차로안,승용,남,54세,상해없음,이륜,남,54세,경상
2017102700100762,2017년 10월 27일 22시,금요일,전라남도 순천시 매곡동,부상신고사고,0,0,0,1,차대차 - 추돌,안전운전불이행,건조,맑음,교차로 - 교차로부근,승용,남,35세,부상신고,승용,남,37세,상해없음
2017102700100794,2017년 10월 27일 23시,금요일,전라남도 보성군 벌교읍,부상신고사고,0,0,0,1,차대사람 - 기타,안전운전불이행,건조,맑음,단일로 - 기타,승용,여,54세,상해없음,보행자,남,19세,부상신고
2017102800100065,2017년 10월 28일 02시,토요일,전라남도 광양시 광양읍,경상사고,0,0,1,0,차대차 - 추돌,안전운전불이행,건조,맑음,교차로 - 교차로부근,승용,남,24세,상해없음,승용,남,44세,경상
2017102800100124,2017년 10월 28일 06시,토요일,전라남도 목포시 상동,경상사고,0,0,1,0,차대차 - 기타,신호위반,건조,맑음,교차로 - 교차로안,승용,여,25세,기타불명,승용,남,50세,경상
2017102800100165,2017년 10월 28일 08시,토요일,전라남도 해남군 해남읍,경상사고,0,0,1,0,차대차 - 기타,안전운전불이행,건조,맑음,단일로 - 기타,승용,남,69세,상해없음,화물,남,20세,경상
2017102800100166,2017년 10월 28일 08시,토요일,전라남도 영광군 영광읍,경상사고,0,0,1,0,차대차 - 측면충돌,직진우회전진행방해,건조,맑음,교차로 - 교차로안,승용,여,42세,상해없음,원동기,남,73세,경상
2017102800100167,2017년 10월 28일 08시,토요일,전라남도 화순군 동면,경상사고,0,0,2,0,차대차 - 추돌,안전거리미확보,건조,맑음,단일로 - 기타,승용,남,42세,상해없음,승용,남,33세,경상
2017102800100168,2017년 10월 28일 08시,토요일,전라남도 장성군 황룡면,경상사고,0,0,1,0,차량단독 - 기타,안전운전불이행,건조,맑음,단일로 - 기타,원동기,남,83세,경상,,,,
2017102800100199,2017년 10월 28일 09시,토요일,전라남도 순천시 가곡동,경상사고,0,0,1,0,차대차 - 추돌,안전거리미확보,건조,맑음,단일로 - 기타,승용,남,40세,상해없음,승용,남,31세,경상
2017102800100200,2017년 10월 28일 09시,토요일,전라남도 화순군 춘양면,중상사고,0,1,1,0,차대차 - 측면충돌,교차로운행방법위반,건조,맑음,교차로 - 교차로부근,화물,남,72세,상해없음,화물,남,70세,경상
2017102800100201,2017년 10월 28일 09시,토요일,전라남도 곡성군 오곡면,중상사고,0,3,1,0,차대차 - 정면충돌,중앙선침범,젖음/습기,안개,단일로 - 기타,화물,남,81세,중상,승용,남,53세,상해없음
2017102800100202,2017년 10월 28일 09시,토요일,전라남도 무안군 현경면,경상사고,0,0,5,0,차대차 - 추돌,안전거리미확보,건조,맑음,단일로 - 기타,화물,남,57세,상해없음,승용,남,43세,경상
2017102800100239,2017년 10월 28일 10시,토요일,전라남도 강진군 군동면,경상사고,0,0,1,0,차대차 - 측면충돌,직진우회전진행방해,건조,맑음,교차로 - 교차로안,승용,여,49세,상해없음,이륜,남,79세,경상
2017102800100280,2017년 10월 28일 11시,토요일,전라남도 순천시 서면,경상사고,0,0,3,0,차대차 - 기타,안전운전불이행,건조,맑음,단일로 - 기타,화물,여,28세,상해없음,승합,남,49세,상해없음
2017102800100281,2017년 10월 28일 11시,토요일,전라남도 나주시 빛가람동,경상사고,0,0,1,0,차대차 - 측면충돌,안전운전불이행,건조,맑음,교차로 - 교차로횡단보도내,승용,남,31세,상해없음,자전거,남,13세,경상
2017102800100282,2017년 10월 28일 11시,토요일,전라남도 구례군 산동면,경상사고,0,0,1,0,차대사람 - 기타,안전운전불이행,건조,맑음,단일로 - 기타,승용,남,54세,상해없음,보행자,남,25세,경상
2017102800100324,2017년 10월 28일 12시,토요일,전라남도 나주시 노안면,경상사고,0,0,1,0,차대차 - 추돌,안전운전불이행,건조,맑음,단일로 - 기타,화물,남,49세,상해없음,화물,남,77세,경상
2017102800100360,2017년 10월 28일 13시,토요일,전라남도 순천시 덕월동,경상사고,0,0,2,0,차대차 - 측면충돌,신호위반,건조,맑음,교차로 - 교차로안,승용,여,43세,상해없음,승용,남,69세,경상
2017102800100361,2017년 10월 28일 13시,토요일,전라남도 순천시 연향동,경상사고,0,0,4,0,차대차 - 측면충돌,안전운전불이행,건조,맑음,교차로 - 교차로부근,승용,남,49세,경상,승용,남,61세,경상
2017102800100362,2017년 10월 28일 13시,토요일,전라남도 담양군 담양읍,경상사고,0,0,1,0,차대차 - 측면충돌,신호위반,건조,맑음,교차로 - 교차로안,승용,남,52세,상해없음,이륜,남,57세,경상
2017102800100398,2017년 10월 28일 14시,토요일,전라남도 영광군 법성면,중상사고,0,2,0,0,차대차 - 기타,안전거리미확보,건조,맑음,교차로 - 교차로안,이륜,남,67세,중상,승용,여,52세,상해없음
2017102800100399,2017년 10월 28일 14시,토요일,전라남도 화순군 화순읍,중상사고,0,1,2,0,차대차 - 측면충돌,안전운전불이행,건조,맑음,단일로 - 기타,승용,남,57세,중상,승용,남,53세,경상
2017102800100460,2017년 10월 28일 15시,토요일,전라남도 나주시 남평읍,중상사고,0,1,1,0,차대차 - 추돌,안전거리미확보,건조,맑음,단일로 - 기타,승용,남,43세,상해없음,승용,남,71세,경상
2017102800100506,2017년 10월 28일 16시,토요일,전라남도 순천시 안풍동,중상사고,0,1,0,0,차량단독 - 전도전복 - 전복,안전운전불이행,건조,맑음,단일로 - 기타,농기계,남,81세,중상,,,,
2017102800100550,2017년 10월 28일 17시,토요일,전라남도 완도군 군외면,중상사고,0,1,0,0,차대차 - 기타,안전운전불이행,건조,맑음,교차로 - 교차로안,승용,남,68세,상해없음,자전거,남,86세,중상
2017102800100604,2017년 10월 28일 18시,토요일,전라남도 영광군 불갑면,사망사고,1,3,2,0,차대차 - 측면충돌,안전운전불이행,건조,맑음,단일로 - 기타,화물,남,43세,사망,승합,남,63세,중상
2017102800100605,2017년 10월 28일 18시,토요일,전라남도 나주시 왕곡면,중상사고,0,1,0,0,차대사람 - 차도통행중,안전운전불이행,건조,맑음,단일로 - 기타,화물,남,73세,상해없음,보행자,여,52세,중상
2017102800100606,2017년 10월 28일 18시,토요일,전라남도 고흥군 도양읍,경상사고,0,0,1,0,차대사람 - 횡단중,안전운전불이행,건조,맑음,단일로 - 기타,이륜,남,70세,상해없음,보행자,여,56세,경상
2017102800100607,2017년 10월 28일 18시,토요일,전라남도 고흥군 두원면,중상사고,0,1,0,0,차대차 - 기타,중앙선침범,건조,맑음,단일로 - 기타,농기계,남,46세,상해없음,승용,남,65세,중상
2017102800100608,2017년 10월 28일 18시,토요일,전라남도 화순군 북면,사망사고,1,0,0,0,차량단독 - 전도전복,안전운전불이행,건조,맑음,교차로 - 교차로안,농기계,남,56세,사망,미분류,미분류,미분류,미분류
2017102800100609,2017년 10월 28일 18시,토요일,전라남도 함평군 월야면,경상사고,0,0,1,1,차대차 - 추돌,안전운전불이행,건조,맑음,단일로 - 기타,화물,남,33세,부상신고,승용,남,55세,경상
2017102800100610,2017년 10월 28일 18시,토요일,전라남도 담양군 담양읍,경상사고,0,0,2,0,차대차 - 측면충돌,안전운전불이행,건조,맑음,단일로 - 기타,승용,남,38세,상해없음,원동기,남,20세,경상
2017102800100611,2017년 10월 28일 18시,토요일,전라남도 담양군 금성면,경상사고,0,0,2,0,차대사람 - 길가장자리구역통행중,안전운전불이행,건조,맑음,단일로 - 기타,승용,여,38세,상해없음,보행자,남,67세,경상
2017102800100612,2017년 10월 28일 18시,토요일,전라남도 완도군 완도읍,경상사고,0,0,2,0,차대차 - 추돌,안전거리미확보,건조,맑음,단일로 - 기타,승용,남,34세,상해없음,화물,남,59세,경상
2017102800100667,2017년 10월 28일 19시,토요일,전라남도 목포시 용해동,중상사고,0,1,0,0,차대차 - 기타,안전운전불이행,건조,맑음,단일로 - 기타,화물,남,48세,상해없음,이륜,남,17세,중상
2017102800100668,2017년 10월 28일 19시,토요일,전라남도 나주시 남평읍,경상사고,0,0,4,0,차대차 - 추돌,안전거리미확보,건조,맑음,단일로 - 기타,화물,남,68세,경상,승용,남,58세,경상
2017102800100713,2017년 10월 28일 20시,토요일,전라남도 순천시 해룡면,경상사고,0,0,1,0,차대사람 - 기타,안전운전불이행,건조,맑음,기타 - 기타,자전거,남,53세,상해없음,보행자,여,55세,경상
2017102800100744,2017년 10월 28일 21시,토요일,전라남도 목포시 상동,경상사고,0,0,1,0,차대차 - 후진중충돌,안전운전불이행,건조,맑음,기타 - 기타,승용,남,59세,상해없음,승용,여,22세,경상
2017102800100745,2017년 10월 28일 21시,토요일,전라남도 해남군 해남읍,경상사고,0,0,1,0,차대차 - 기타,안전운전불이행,건조,맑음,단일로 - 기타,승용,남,60세,상해없음,승용,남,63세,경상
2017102800100746,2017년 10월 28일 21시,토요일,전라남도 강진군 강진읍,경상사고,0,0,2,0,차대차 - 측면충돌,교차로운행방법위반,건조,맑음,교차로 - 교차로안,화물,여,56세,경상,승용,여,60세,경상