사고번호,사고일시,요일,시군구,사고내용,사망자수,중상자수,경상자수,부상신고자수,사고유형,법규위반,노면상태,기상상태,도로형태,가해운전자 차종,가해운전자 성별,가해운전자 연령,가해운전자 상해정도,피해운전자 차종,피해운전자 성별,피해운전자 연령,피해운전자 상해정도
2017110100100322,2017년 11월 1일 13시,수요일,전라남도 강진군 군동면,중상사고,0,1,0,0,차대사람 - 기타,안전운전불이행,건조,맑음,교차로 - 교차로부근,화물,남,53세,상해없음,보행자,여,74세,중상
2017110100100394,2017년 11월 1일 15시,수요일,전라남도 장흥군 관산읍,경상사고,0,0,1,0,차량단독 - 기타,안전운전불이행,건조,맑음,기타 - 기타,농기계,남,77세,경상,,,,
2017110100100474,2017년 11월 1일 17시,수요일,전라남도 신안군 도초면,경상사고,0,0,1,0,차대차 - 측면충돌,직진우회전진행방해,건조,맑음,교차로 - 교차로안,화물,남,41세,경상,건설기계,남,28세,상해없음
2017110100100475,2017년 11월 1일 17시,수요일,전라남도 영광군 염산면,중상사고,0,1,0,0,차대차 - 추돌,안전운전불이행,건조,맑음,단일로 - 기타,승용,남,75세,상해없음,이륜,남,69세,중상
2017110100100476,2017년 11월 1일 17시,수요일,전라남도 화순군 화순읍,경상사고,0,0,2,0,차대차 - 측면충돌,안전운전불이행,건조,맑음,단일로 - 기타,화물,남,37세,상해없음,이륜,남,70세,경상
2017110100100477,2017년 11월 1일 17시,수요일,전라남도 완도군 완도읍,경상사고,0,0,1,0,차대차 - 측면충돌,교차로운행방법위반,건조,맑음,교차로 - 교차로안,승용,여,57세,상해없음,자전거,남,85세,경상
2017110100100546,2017년 11월 1일 18시,수요일,전라남도 여수시 선원동,중상사고,0,1,0,0,차대사람 - 횡단중,안전운전불이행,건조,맑음,단일로 - 기타,원동기,남,24세,상해없음,보행자,남,69세,중상
2017110100100547,2017년 11월 1일 18시,수요일,전라남도 나주시 금천면,경상사고,0,0,2,0,차대차 - 추돌,안전거리미확보,건조,맑음,단일로 - 기타,승용,남,52세,상해없음,승용,남,46세,경상
2017110100100548,2017년 11월 1일 18시,수요일,전라남도 고흥군 고흥읍,중상사고,0,1,0,0,차대사람 - 차도통행중,안전운전불이행,건조,맑음,단일로 - 기타,승용,남,29세,상해없음,보행자,여,84세,중상
2017110100100549,2017년 11월 1일 18시,수요일,전라남도 진도군 고군면,사망사고,1,0,0,0,차대사람 - 횡단중,안전운전불이행,건조,맑음,단일로 - 기타,승용,남,30세,상해없음,보행자,남,75세,사망
2017110100100612,2017년 11월 1일 19시,수요일,전라남도 여수시 소라면,경상사고,0,0,4,0,차대차 - 추돌,안전운전불이행,건조,맑음,교차로 - 교차로부근,승합,남,50세,상해없음,화물,남,40세,경상
2017110100100613,2017년 11월 1일 19시,수요일,전라남도 순천시 서면,경상사고,0,0,2,0,차대차 - 추돌,안전거리미확보,건조,맑음,단일로 - 기타,화물,남,49세,상해없음,승용,여,39세,경상
2017110100100614,2017년 11월 1일 19시,수요일,전라남도 장성군 진원면,경상사고,0,0,1,0,차대차 - 추돌,안전운전불이행,건조,맑음,단일로 - 기타,화물,남,63세,상해없음,특수,남,58세,경상
2017110100100656,2017년 11월 1일 20시,수요일,전라남도 장흥군 장흥읍,경상사고,0,0,1,0,차대차 - 측면충돌,안전운전불이행,건조,맑음,교차로 - 교차로안,승용,여,54세,상해없음,승용,여,27세,경상
2017110100100681,2017년 11월 1일 21시,수요일,전라남도 영암군 삼호읍,경상사고,0,0,1,0,차대사람 - 횡단중,안전운전불이행,건조,맑음,교차로 - 교차로안,화물,남,74세,상해없음,보행자,여,14세,경상
2017110200100125,2017년 11월 2일 08시,목요일,전라남도 목포시 죽교동,중상사고,0,1,0,0,차대사람 - 횡단중,보행자보호의무위반,건조,맑음,단일로 - 기타,승용,여,25세,상해없음,보행자,여,57세,중상
2017110200100126,2017년 11월 2일 08시,목요일,전라남도 보성군 벌교읍,경상사고,0,0,1,0,차대차 - 측면충돌,중앙선침범,건조,맑음,교차로 - 교차로부근,이륜,남,83세,경상,승용,남,56세,상해없음
2017110200100127,2017년 11월 2일 08시,목요일,전라남도 화순군 도암면,부상신고사고,0,0,0,1,차량단독 - 전도전복 - 전도,안전운전불이행,건조,맑음,교차로 - 교차로부근,이륜,남,76세,부상신고,,,,
2017110200100128,2017년 11월 2일 08시,목요일,전라남도 무안군 현경면,사망사고,1,0,0,0,차대차 - 측면충돌,안전운전불이행,건조,흐림,교차로 - 교차로부근,승용,남,69세,상해없음,이륜,남,72세,사망
2017110200100165,2017년 11월 2일 09시,목요일,전라남도 목포시 호남동,중상사고,0,1,0,0,차량단독 - 전도전복 - 전복,안전운전불이행,건조,맑음,단일로 - 기타,이륜,남,75세,중상,,,,
2017110200100166,2017년 11월 2일 09시,목요일,전라남도 순천시 동외동,경상사고,0,0,1,0,차대사람 - 기타,안전운전불이행,건조,맑음,교차로 - 교차로부근,기타불명,기타불명,미분류,기타불명,보행자,남,53세,경상
2017110200100192,2017년 11월 2일 10시,목요일,전라남도 순천시 연향동,경상사고,0,0,1,0,차대차 - 측면충돌,교차로운행방법위반,건조,맑음,교차로 - 교차로안,승용,남,34세,상해없음,승용,여,59세,경상
2017110200100193,2017년 11월 2일 10시,목요일,전라남도 영광군 법성면,경상사고,0,0,1,0,차대차 - 측면충돌,안전거리미확보,건조,맑음,단일로 - 기타,화물,남,59세,상해없음,승용,여,52세,경상
2017110200100217,2017년 11월 2일 11시,목요일,전라남도 순천시 장천동,중상사고,0,1,0,0,차대사람 - 횡단중,안전운전불이행,건조,맑음,교차로 - 교차로안,승용,남,59세,상해없음,보행자,여,86세,중상
2017110200100218,2017년 11월 2일 11시,목요일,전라남도 함평군 대동면,경상사고,0,0,1,0,차대차 - 추돌,안전운전불이행,건조,맑음,단일로 - 기타,승용,남,65세,상해없음,농기계,남,80세,경상
2017110200100219,2017년 11월 2일 11시,목요일,전라남도 무안군 일로읍,경상사고,0,0,1,0,차대차 - 측면충돌,교차로운행방법위반,건조,맑음,교차로 - 교차로안,화물,남,30세,상해없음,이륜,여,72세,경상
2017110200100236,2017년 11월 2일 12시,목요일,전라남도 보성군 문덕면,사망사고,1,0,0,0,차대사람 - 기타,안전운전불이행,건조,맑음,단일로 - 기타,승합,남,64세,상해없음,보행자,여,86세,사망
2017110200100237,2017년 11월 2일 12시,목요일,전라남도 영광군 영광읍,중상사고,0,2,0,0,차대차 - 측면충돌,안전거리미확보,건조,맑음,단일로 - 기타,농기계,남,63세,중상,화물,남,57세,중상
2017110200100262,2017년 11월 2일 13시,목요일,전라남도 고흥군 과역면,중상사고,0,1,0,0,차대차 - 측면충돌,과속,건조,맑음,교차로 - 교차로안,승용,남,63세,상해없음,이륜,남,75세,중상
2017110200100263,2017년 11월 2일 13시,목요일,전라남도 담양군 수북면,경상사고,0,0,2,0,차대차 - 측면충돌,직진우회전진행방해,건조,맑음,교차로 - 교차로안,화물,남,63세,경상,승용,남,33세,경상
2017110200100264,2017년 11월 2일 13시,목요일,전라남도 무안군 일로읍,중상사고,0,1,0,0,차대차 - 측면충돌,안전운전불이행,건조,맑음,교차로 - 교차로안,자전거,남,65세,중상,승용,여,49세,상해없음
2017110200100320,2017년 11월 2일 15시,목요일,전라남도 보성군 득량면,경상사고,0,0,1,0,차대차 - 추돌,기타,건조,맑음,단일로 - 기타,승용,남,18세,상해없음,화물,남,49세,경상
2017110200100353,2017년 11월 2일 16시,목요일,전라남도 목포시 용당동,중상사고,0,1,1,0,차대차 - 측면충돌,직진우회전진행방해,건조,맑음,교차로 - 교차로안,화물,남,70세,상해없음,승용,남,29세,경상
2017110200100354,2017년 11월 2일 16시,목요일,전라남도 목포시 산정동,경상사고,0,0,2,0,차대차 - 추돌,안전운전불이행,건조,맑음,단일로 - 기타,승합,남,60세,상해없음,승용,남,44세,경상
2017110200100355,2017년 11월 2일 16시,목요일,전라남도 담양군 무정면,경상사고,0,0,1,0,차대차 - 측면충돌,불법유턴,건조,맑음,단일로 - 기타,화물,남,66세,상해없음,승용,남,55세,경상
2017110200100398,2017년 11월 2일 17시,목요일,전라남도 무안군 무안읍,경상사고,0,0,1,0,차대차 - 측면충돌,교차로운행방법위반,건조,맑음,교차로 - 교차로안,이륜,남,86세,경상,승용,남,67세,상해없음
2017110200100438,2017년 11월 2일 18시,목요일,전라남도 담양군 용면,중상사고,0,1,0,0,차대차 - 추돌,안전운전불이행,건조,맑음,단일로 - 기타,승용,남,29세,상해없음,농기계,남,58세,중상
2017110200100489,2017년 11월 2일 19시,목요일,전라남도 여수시 신월동,경상사고,0,0,1,0,차대차 - 측면충돌,안전운전불이행,건조,맑음,교차로 - 교차로안,승용,남,61세,상해없음,승용,남,59세,경상
2017110200100519,2017년 11월 2일 20시,목요일,전라남도 순천시 조례동,경상사고,0,0,1,0,차대차 - 측면충돌,신호위반,건조,맑음,교차로 - 교차로안,승용,여,54세,상해없음,이륜,남,17세,경상
2017110200100520,2017년 11월 2일 20시,목요일,전라남도 나주시 산포면,중상사고,0,2,1,0,차대차 - 정면충돌,중앙선침범,건조,맑음,단일로 - 기타,승용,여,21세,경상,승용,여,49세,중상
2017110200100521,2017년 11월 2일 20시,목요일,전라남도 해남군 해남읍,경상사고,0,0,4,0,차대차 - 기타,안전거리미확보,건조,맑음,단일로 - 기타,승용,남,35세,상해없음,승용,여,43세,경상
2017110200100574,2017년 11월 2일 22시,목요일,전라남도 순천시 매곡동,중상사고,0,1,0,0,차대차 - 측면충돌,안전운전불이행,건조,맑음,교차로 - 교차로안,승용,남,27세,상해없음,이륜,남,15세,상해없음
2017110200100575,2017년 11월 2일 22시,목요일,전라남도 나주시 빛가람동,경상사고,0,0,1,0,차대사람 - 횡단중,보행자보호의무위반,건조,맑음,교차로 - 교차로횡단보도내,화물,남,50세,상해없음,보행자,남,47세,경상
2017110300100036,2017년 11월 3일 00시,금요일,전라남도 목포시 용해동,경상사고,0,0,3,0,차대차 - 추돌,안전운전불이행,건조,맑음,단일로 - 기타,승용,남,65세,경상,승합,남,62세,상해없음
2017110300100083,2017년 11월 3일 05시,금요일,전라남도 장흥군 관산읍,사망사고,1,0,0,0,차대사람 - 기타,안전운전불이행,기타,안개,단일로 - 기타,승용,남,68세,상해없음,보행자,여,78세,사망
2017110300100102,2017년 11월 3일 06시,금요일,전라남도 함평군 손불면,중상사고,0,1,0,0,차대사람 - 기타,안전운전불이행,젖음/습기,안개,단일로 - 기타,승용,남,33세,상해없음,보행자,남,65세,중상
2017110300100128,2017년 11월 3일 07시,금요일,전라남도 보성군 조성면,경상사고,0,0,2,0,차대차 - 추돌,안전운전불이행,젖음/습기,안개,단일로 - 기타,승용,남,56세,상해없음,화물,남,60세,상해없음
2017110300100208,2017년 11월 3일 09시,금요일,전라남도 여수시 평여동,중상사고,0,1,2,0,차대차 - 측면충돌,안전거리미확보,건조,맑음,단일로 - 기타,승용,남,69세,상해없음,승용,남,31세,중상
2017110300100248,2017년 11월 3일 10시,금요일,전라남도 목포시 석현동,경상사고,0,0,1,0,차대차 - 기타,안전운전불이행,건조,맑음,기타 - 기타,승용,여,57세,상해없음,승용,여,58세,경상
2017110300100249,2017년 11월 3일 10시,금요일,전라남도 순천시 영동,중상사고,0,1,0,0,차대차 - 측면충돌,직진우회전진행방해,건조,맑음,교차로 - 교차로안,승용,여,48세,상해없음,이륜,여,62세,중상
2017110300100250,2017년 11월 3일 10시,금요일,전라남도 장흥군 안양면,중상사고,0,1,0,0,차대차 - 측면충돌,신호위반,건조,맑음,교차로 - 교차로안,화물,여,44세,상해없음,화물,남,70세,중상
2017110300100251,2017년 11월 3일 10시,금요일,전라남도 장흥군 장흥읍,경상사고,0,0,1,0,차대차 - 추돌,안전운전불이행,건조,맑음,교차로 - 교차로안,승용,남,74세,상해없음,승용,여,27세,경상
2017110300100252,2017년 11월 3일 10시,금요일,전라남도 완도군 금일읍,중상사고,0,1,0,0,차대사람 - 기타,안전운전불이행,건조,맑음,단일로 - 기타,화물,남,66세,상해없음,보행자,여,90세 이상,중상
2017110300100253,2017년 11월 3일 10시,금요일,전라남도 광양시 금호동,중상사고,0,1,1,0,차대차 - 정면충돌,신호위반,건조,맑음,교차로 - 교차로안,승용,남,47세,상해없음,승용,남,58세,중상
2017110300100254,2017년 11월 3일 10시,금요일,전라남도 광양시 도이동,중상사고,0,1,0,0,차대차 - 측면충돌,교차로운행방법위반,건조,맑음,교차로 - 교차로안,승용,남,31세,상해없음,원동기,남,28세,중상
2017110300100287,2017년 11월 3일 11시,금요일,전라남도 강진군 칠량면,경상사고,0,0,1,0,차대차 - 기타,기타,건조,맑음,단일로 - 기타,이륜,남,72세,경상,승용,남,58세,상해없음
2017110300100288,2017년 11월 3일 11시,금요일,전라남도 구례군 구례읍,경상사고,0,0,1,0,차대사람 - 기타,안전운전불이행,건조,맑음,단일로 - 기타,승용,남,73세,상해없음,보행자,남,76세,경상
2017110300100314,2017년 11월 3일 12시,금요일,전라남도 보성군 득량면,중상사고,0,1,0,0,차대차 - 측면충돌,안전운전불이행,건조,맑음,단일로 - 기타,농기계,남,46세,상해없음,이륜,남,54세,중상
2017110300100315,2017년 11월 3일 12시,금요일,전라남도 함평군 함평읍,경상사고,0,0,3,0,차대차 - 측면충돌,신호위반,건조,맑음,교차로 - 교차로안,승용,남,67세,경상,승용,남,43세,경상
2017110300100316,2017년 11월 3일 12시,금요일,전라남도 광양시 광영동,경상사고,0,0,4,0,차대차 - 정면충돌,중앙선침범,건조,맑음,단일로 - 기타,화물,여,23세,상해없음,화물,남,54세,상해없음
2017110300100353,2017년 11월 3일 13시,금요일,전라남도 목포시 상동,경상사고,0,0,2,0,차대차 - 측면충돌,신호위반,건조,맑음,교차로 - 교차로안,승용,여,41세,경상,승용,여,44세,경상
2017110300100354,2017년 11월 3일 13시,금요일,전라남도 목포시 죽교동,경상사고,0,0,1,0,차대차 - 기타,안전거리미확보,건조,흐림,교차로 - 교차로부근,화물,여,54세,경상,승용,여,31세,상해없음
2017110300100379,2017년 11월 3일 14시,금요일,전라남도 나주시 대호동,경상사고,0,0,4,0,차대차 - 정면충돌,안전운전불이행,건조,기타,교차로 - 교차로부근,승용,남,57세,경상,승용,남,47세,경상
2017110300100410,2017년 11월 3일 15시,금요일,전라남도 목포시 용당동,중상사고,0,1,0,0,차대사람 - 횡단중,안전운전불이행,건조,맑음,단일로 - 기타,승용,여,50세,상해없음,보행자,남,14세,중상
2017110300100411,2017년 11월 3일 15시,금요일,전라남도 목포시 산정동,중상사고,0,1,0,0,차대사람 - 횡단중,신호위반,건조,맑음,교차로 - 교차로부근,화물,남,57세,상해없음,보행자,여,69세,중상
2017110300100412,2017년 11월 3일 15시,금요일,전라남도 여수시 학동,경상사고,0,0,1,0,차대사람 - 횡단중,보행자보호의무위반,건조,맑음,단일로 - 기타,승합,남,42세,상해없음,보행자,여,82세,경상
2017110300100413,2017년 11월 3일 15시,금요일,전라남도 나주시 공산면,경상사고,0,0,1,0,차대차 - 기타,안전운전불이행,건조,맑음,교차로 - 교차로부근,승용,여,61세,상해없음,이륜,남,80세,경상
2017110300100414,2017년 11월 3일 15시,금요일,전라남도 무안군 무안읍,경상사고,0,0,1,0,차대차 - 측면충돌,안전운전불이행,건조,맑음,단일로 - 기타,승용,남,22세,상해없음,이륜,남,51세,경상
2017110300100456,2017년 11월 3일 16시,금요일,전라남도 여수시 문수동,중상사고,0,1,0,0,차대사람 - 차도통행중,안전운전불이행,젖음/습기,맑음,단일로 - 기타,승합,남,51세,상해없음,보행자,남,83세,중상
2017110300100457,2017년 11월 3일 16시,금요일,전라남도 광양시 중동,경상사고,0,0,1,0,차대사람 - 차도통행중,안전운전불이행,건조,맑음,교차로 - 교차로부근,승용,여,38세,상해없음,보행자,남,28세,경상
2017110300100496,2017년 11월 3일 17시,금요일,전라남도 광양시 광양읍,경상사고,0,0,1,0,차대차 - 측면충돌,안전운전불이행,건조,맑음,단일로 - 기타,화물,남,73세,상해없음,승용,여,48세,경상
2017110300100567,2017년 11월 3일 18시,금요일,전라남도 목포시 옥암동,경상사고,0,0,1,0,차대차 - 기타,안전운전불이행,건조,맑음,단일로 - 기타,승용,여,50세,상해없음,승용,여,46세,경상
2017110300100568,2017년 11월 3일 18시,금요일,전라남도 순천시 풍덕동,경상사고,0,0,1,0,차대차 - 측면충돌,안전운전불이행,건조,맑음,단일로 - 기타,화물,남,71세,상해없음,승용,남,33세,경상
2017110300100569,2017년 11월 3일 18시,금요일,전라남도 순천시 석현동,중상사고,0,1,0,0,차대차 - 측면충돌,중앙선침범,건조,맑음,단일로 - 기타,승용,남,61세,상해없음,승용,남,49세,중상
2017110300100626,2017년 11월 3일 19시,금요일,전라남도 곡성군 겸면,경상사고,0,0,1,0,차대차 - 측면충돌,중앙선침범,건조,맑음,단일로 - 기타,화물,남,43세,상해없음,승용,여,49세,경상
2017110300100667,2017년 11월 3일 20시,금요일,전라남도 나주시 부덕동,경상사고,0,0,1,0,차량단독 - 공작물충돌,안전운전불이행,건조,맑음,단일로 - 기타,승용,여,37세,경상,,,,
2017110300100668,2017년 11월 3일 20시,금요일,전라남도 영광군 영광읍,경상사고,0,0,1,0,차대차 - 측면충돌,교차로운행방법위반,건조,맑음,교차로 - 교차로안,원동기,남,80세,경상,승용,남,37세,상해없음
2017110300100739,2017년 11월 3일 22시,금요일,전라남도 여수시 문수동,경상사고,0,0,1,0,차대사람 - 길가장자리구역통행중,안전운전불이행,건조,맑음,단일로 - 기타,승용,남,53세,상해없음,보행자,남,48세,경상
2017110300100770,2017년 11월 3일 23시,금요일,전라남도 나주시 산포면,중상사고,0,1,0,0,차량단독 - 공작물충돌,안전운전불이행,건조,맑음,단일로 - 기타,승용,남,36세,중상,,,,
2017110400100083,2017년 11월 4일 04시,토요일,전라남도 순천시 장천동,중상사고,0,1,0,0,차대차 - 측면충돌,신호위반,건조,맑음,교차로 - 교차로안,승용,남,35세,상해없음,승용,여,65세,중상
2017110400100084,2017년 11월 4일 04시,토요일,전라남도 순천시 서면,중상사고,0,1,0,0,차대차 - 측면충돌,기타,건조,맑음,단일로 - 기타,이륜,남,23세,중상,특수,남,56세,상해없음
2017110400100099,2017년 11월 4일 05시,토요일,전라남도 여수시 웅천동,경상사고,0,0,1,0,차대차 - 측면충돌,안전운전불이행,건조,맑음,교차로 - 교차로부근,승합,남,65세,상해없음,승용,여,23세,경상
2017110400100107,2017년 11월 4일 06시,토요일,전라남도 장흥군 대덕읍,중상사고,0,1,0,0,차대사람 - 길가장자리구역통행중,안전운전불이행,건조,맑음,단일로 - 기타,화물,남,75세,상해없음,보행자,여,63세,중상
2017110400100141,2017년 11월 4일 08시,토요일,전라남도 순천시 동외동,중상사고,0,1,0,0,차대사람 - 기타,보행자보호의무위반,건조,맑음,단일로 - 기타,승용,남,55세,상해없음,보행자,여,68세,중상
2017110400100169,2017년 11월 4일 09시,토요일,전라남도 광양시 마동,경상사고,0,0,1,0,차대차 - 측면충돌,교차로운행방법위반,건조,맑음,교차로 - 교차로안,화물,남,54세,상해없음,승용,남,30세,경상
2017110400100192,2017년 11월 4일 10시,토요일,전라남도 담양군 무정면,경상사고,0,0,1,0,차대차 - 기타,안전운전불이행,건조,맑음,단일로 - 기타,승용,여,43세,상해없음,자전거,남,72세,경상
2017110400100193,2017년 11월 4일 10시,토요일,전라남도 순천시 승주읍,경상사고,0,0,1,0,차대차 - 기타,안전거리미확보,건조,맑음,단일로 - 기타,승용,여,50세,상해없음,승용,여,44세,경상
2017110400100224,2017년 11월 4일 11시,토요일,전라남도 순천시 주암면,경상사고,0,0,1,0,차대차 - 측면충돌,안전운전불이행,건조,맑음,단일로 - 기타,이륜,남,38세,경상,화물,남,70세,상해없음
2017110400100225,2017년 11월 4일 11시,토요일,전라남도 고흥군 동강면,사망사고,1,0,0,0,차량단독 - 전도전복,안전운전불이행,건조,맑음,단일로 - 기타,이륜,남,73세,사망,미분류,미분류,미분류,미분류
2017110400100255,2017년 11월 4일 12시,토요일,전라남도 여수시 학동,중상사고,0,1,0,0,차대사람 - 길가장자리구역통행중,안전운전불이행,건조,맑음,교차로 - 교차로안,승용,남,57세,상해없음,보행자,남,89세,중상
2017110400100256,2017년 11월 4일 12시,토요일,전라남도 순천시 해룡면,경상사고,0,0,4,2,차대차 - 추돌,안전운전불이행,건조,맑음,교차로 - 교차로부근,승용,남,34세,상해없음,승용,여,29세,부상신고
2017110400100257,2017년 11월 4일 12시,토요일,전라남도 광양시 옥룡면,경상사고,0,0,1,0,차대사람 - 기타,안전운전불이행,건조,맑음,주차장 - 주차장,승용,남,46세,상해없음,보행자,여,60세,경상
2017110400100297,2017년 11월 4일 13시,토요일,전라남도 장흥군 장흥읍,경상사고,0,0,1,0,차대차 - 후진중충돌,안전운전불이행,건조,맑음,주차장 - 주차장,승용,여,49세,상해없음,승용,여,39세,경상
2017110400100321,2017년 11월 4일 14시,토요일,전라남도 목포시 동명동,경상사고,0,0,1,0,차대사람 - 횡단중,안전운전불이행,건조,맑음,교차로 - 교차로횡단보도내,승용,남,66세,상해없음,보행자,남,12세,경상
2017110400100322,2017년 11월 4일 14시,토요일,전라남도 여수시 오림동,경상사고,0,0,3,0,차대차 - 측면충돌,교차로운행방법위반,건조,맑음,교차로 - 교차로안,승용,남,70세,경상,승용,남,72세,상해없음
2017110400100323,2017년 11월 4일 14시,토요일,전라남도 장성군 북하면,경상사고,0,0,3,0,차대차 - 측면충돌,직진우회전진행방해,건조,맑음,교차로 - 교차로안,승용,남,55세,상해없음,승용,남,33세,경상
2017110400100324,2017년 11월 4일 14시,토요일,전라남도 완도군 완도읍,경상사고,0,0,1,0,차대차 - 측면충돌,교차로운행방법위반,건조,맑음,교차로 - 교차로안,승용,여,46세,상해없음,원동기,남,83세,경상
2017110400100362,2017년 11월 4일 15시,토요일,전라남도 순천시 가곡동,부상신고사고,0,0,0,1,차대차 - 기타,안전운전불이행,건조,맑음,단일로 - 기타,이륜,남,52세,부상신고,승용,남,28세,상해없음
2017110400100363,2017년 11월 4일 15시,토요일,전라남도 완도군 청산면,중상사고,0,1,0,0,차량단독 - 기타,안전운전불이행,건조,맑음,단일로 - 기타,이륜,남,51세,중상,,,,
2017110400100396,2017년 11월 4일 16시,토요일,전라남도 목포시 용당동,경상사고,0,0,1,0,차대차 - 기타,신호위반,건조,맑음,교차로 - 교차로안,승용,남,59세,상해없음,승용,여,66세,경상
2017110400100397,2017년 11월 4일 16시,토요일,전라남도 여수시 학동,경상사고,0,0,4,0,차대차 - 측면충돌,신호위반,건조,맑음,교차로 - 교차로안,승용,여,59세,경상,화물,남,63세,경상
2017110400100398,2017년 11월 4일 16시,토요일,전라남도 순천시 풍덕동,경상사고,0,0,1,0,차대사람 - 기타,안전운전불이행,건조,맑음,주차장 - 주차장,승합,남,66세,상해없음,보행자,여,69세,경상
2017110400100399,2017년 11월 4일 16시,토요일,전라남도 무안군 무안읍,중상사고,0,1,0,0,차대차 - 측면충돌,직진우회전진행방해,건조,흐림,교차로 - 교차로안,승용,남,61세,상해없음,이륜,남,17세,중상
2017110400100444,2017년 11월 4일 17시,토요일,전라남도 영암군 신북면,경상사고,0,0,4,0,차대차 - 추돌,안전운전불이행,건조,맑음,단일로 - 기타,승용,남,61세,상해없음,승용,남,51세,경상
2017110400100483,2017년 11월 4일 18시,토요일,전라남도 순천시 중앙동,중상사고,0,1,0,0,차대사람 - 기타,안전운전불이행,건조,맑음,교차로 - 교차로부근,이륜,남,16세,상해없음,보행자,여,32세,중상
2017110400100531,2017년 11월 4일 19시,토요일,전라남도 완도군 노화읍,중상사고,0,1,0,0,차대차 - 추돌,안전운전불이행,건조,맑음,단일로 - 기타,화물,남,56세,상해없음,이륜,여,46세,중상
2017110400100645,2017년 11월 4일 23시,토요일,전라남도 여수시 문수동,경상사고,0,0,1,0,차대차 - 측면충돌,안전운전불이행,건조,맑음,단일로 - 기타,승용,남,25세,상해없음,원동기,남,17세,경상
2017110500100024,2017년 11월 5일 00시,일요일,전라남도 목포시 옥암동,경상사고,0,0,1,0,차대사람 - 횡단중,안전운전불이행,건조,흐림,교차로 - 교차로안,승용,남,31세,상해없음,보행자,남,45세,경상
2017110500100071,2017년 11월 5일 04시,일요일,전라남도 여수시 소라면,경상사고,0,0,1,0,차량단독 - 공작물충돌,안전운전불이행,건조,맑음,단일로 - 기타,승용,남,22세,경상,,,,
2017110500100072,2017년 11월 5일 04시,일요일,전라남도 여수시 여천동,경상사고,0,0,2,0,차대차 - 측면충돌,안전운전불이행,건조,맑음,교차로 - 교차로부근,승용,남,29세,상해없음,승용,남,63세,경상
2017110500100122,2017년 11월 5일 09시,일요일,전라남도 순천시 덕월동,경상사고,0,0,1,0,차대차 - 측면충돌,안전운전불이행,건조,맑음,단일로 - 기타,화물,남,55세,상해없음,원동기,남,50세,경상
2017110500100123,2017년 11월 5일 09시,일요일,전라남도 해남군 해남읍,경상사고,0,0,5,0,차대차 - 측면충돌,직진우회전진행방해,건조,맑음,교차로 - 교차로안,화물,여,35세,경상,승용,여,37세,경상
2017110500100124,2017년 11월 5일 09시,일요일,전라남도 강진군 대구면,경상사고,0,0,1,1,차대차 - 측면충돌,안전운전불이행,건조,맑음,단일로 - 기타,승용,남,70세,부상신고,승용,여,68세,경상
2017110500100125,2017년 11월 5일 09시,일요일,전라남도 구례군 구례읍,경상사고,0,0,1,0,차대차 - 측면충돌,교차로운행방법위반,건조,맑음,교차로 - 교차로안,승용,남,52세,상해없음,화물,여,57세,경상
2017110500100126,2017년 11월 5일 09시,일요일,전라남도 구례군 간전면,경상사고,0,0,1,0,차대차 - 기타,중앙선침범,건조,맑음,단일로 - 기타,승합,남,62세,상해없음,화물,남,65세,경상
2017110500100153,2017년 11월 5일 10시,일요일,전라남도 장성군 남면,경상사고,0,0,1,0,차대차 - 측면충돌,안전운전불이행,기타,맑음,단일로 - 기타,승용,남,60세,경상,화물,남,61세,상해없음
2017110500100154,2017년 11월 5일 10시,일요일,전라남도 무안군 삼향읍,경상사고,0,0,2,0,차대차 - 측면충돌,교차로운행방법위반,건조,맑음,교차로 - 교차로안,승용,여,33세,경상,승용,여,39세,경상
2017110500100172,2017년 11월 5일 11시,일요일,전라남도 나주시 반남면,중상사고,0,1,0,0,차대차 - 측면충돌,교차로운행방법위반,건조,맑음,교차로 - 교차로안,건설기계,남,43세,상해없음,원동기,남,67세,중상
2017110500100173,2017년 11월 5일 11시,일요일,전라남도 구례군 광의면,중상사고,0,1,0,0,차대차 - 측면충돌,안전운전불이행,건조,맑음,교차로 - 교차로부근,승용,여,27세,상해없음,이륜,남,44세,중상
2017110500100200,2017년 11월 5일 12시,일요일,전라남도 나주시 산포면,경상사고,0,0,1,0,차대사람 - 횡단중,보행자보호의무위반,건조,맑음,단일로 - 기타,화물,남,71세,상해없음,보행자,남,19세,경상
2017110500100201,2017년 11월 5일 12시,일요일,전라남도 영광군 군서면,경상사고,0,0,5,0,차대차 - 측면충돌,기타,건조,맑음,교차로 - 교차로안,승용,여,55세,경상,화물,남,55세,상해없음
2017110500100254,2017년 11월 5일 14시,일요일,전라남도 화순군 화순읍,경상사고,0,0,8,0,차대차 - 추돌,안전거리미확보,건조,맑음,단일로 - 기타,화물,남,60세,상해없음,승용,남,25세,경상
2017110500100255,2017년 11월 5일 14시,일요일,전라남도 무안군 몽탄면,경상사고,0,0,1,0,차대차 - 기타,안전운전불이행,건조,맑음,단일로 - 기타,승용,남,38세,상해없음,이륜,남,80세,경상
2017110500100290,2017년 11월 5일 15시,일요일,전라남도 강진군 성전면,경상사고,0,0,3,0,차대차 - 추돌,안전운전불이행,건조,맑음,단일로 - 기타,승용,남,32세,상해없음,승용,여,52세,경상