사고번호,사고일시,요일,시군구,사고내용,사망자수,중상자수,경상자수,부상신고자수,사고유형,법규위반,노면상태,기상상태,도로형태,가해운전자 차종,가해운전자 성별,가해운전자 연령,가해운전자 상해정도,피해운전자 차종,피해운전자 성별,피해운전자 연령,피해운전자 상해정도
2017110900100083,2017년 11월 9일 06시,목요일,전라남도 무안군 삼향읍,중상사고,0,1,0,0,차대차 - 측면충돌,안전운전불이행,건조,맑음,단일로 - 기타,건설기계,남,39세,상해없음,승용,여,49세,중상
2017110900100107,2017년 11월 9일 07시,목요일,전라남도 보성군 벌교읍,경상사고,0,0,1,0,차대차 - 측면충돌,교차로운행방법위반,건조,맑음,교차로 - 교차로안,승용,남,29세,상해없음,승용,여,54세,경상
2017110900100141,2017년 11월 9일 08시,목요일,전라남도 여수시 율촌면,중상사고,0,1,0,0,차대차 - 측면충돌,안전운전불이행,건조,맑음,단일로 - 기타,승용,여,23세,상해없음,승용,남,21세,중상
2017110900100142,2017년 11월 9일 08시,목요일,전라남도 여수시 율촌면,경상사고,0,0,1,0,차대차 - 추돌,안전운전불이행,건조,맑음,단일로 - 기타,승용,여,41세,상해없음,승용,여,23세,경상
2017110900100143,2017년 11월 9일 08시,목요일,전라남도 광양시 성황동,경상사고,0,0,3,1,차대차 - 추돌,안전운전불이행,건조,맑음,교차로 - 교차로부근,승용,남,43세,부상신고,승용,남,67세,경상
2017110900100185,2017년 11월 9일 09시,목요일,전라남도 광양시 성황동,경상사고,0,0,1,0,차대차 - 측면충돌,안전운전불이행,건조,맑음,단일로 - 기타,화물,남,34세,상해없음,승용,여,50세,경상
2017110900100219,2017년 11월 9일 10시,목요일,전라남도 목포시 산정동,경상사고,0,0,1,0,차대차 - 기타,교차로운행방법위반,건조,맑음,교차로 - 교차로부근,화물,남,49세,상해없음,화물,남,37세,경상
2017110900100220,2017년 11월 9일 10시,목요일,전라남도 보성군 미력면,경상사고,0,0,1,0,차대차 - 기타,직진우회전진행방해,건조,맑음,교차로 - 교차로안,승용,남,72세,상해없음,화물,남,49세,경상
2017110900100221,2017년 11월 9일 10시,목요일,전라남도 화순군 도곡면,경상사고,0,0,1,1,차량단독 - 전도전복 - 전도,안전운전불이행,건조,맑음,단일로 - 기타,승용,여,24세,부상신고,,,,
2017110900100245,2017년 11월 9일 11시,목요일,전라남도 영광군 백수읍,중상사고,0,1,0,0,차대차 - 측면충돌,안전운전불이행,건조,맑음,단일로 - 기타,승용,여,37세,상해없음,자전거,남,90세 이상,중상
2017110900100272,2017년 11월 9일 12시,목요일,전라남도 순천시 해룡면,중상사고,0,1,0,0,차대사람 - 횡단중,신호위반,건조,맑음,교차로 - 교차로부근,승용,여,50세,상해없음,보행자,여,50세,중상
2017110900100273,2017년 11월 9일 12시,목요일,전라남도 장흥군 장흥읍,경상사고,0,0,1,0,차대차 - 측면충돌,교차로운행방법위반,건조,맑음,교차로 - 교차로안,승용,여,45세,기타불명,승용,여,33세,경상
2017110900100274,2017년 11월 9일 12시,목요일,전라남도 무안군 무안읍,경상사고,0,0,1,0,차대차 - 기타,기타,건조,맑음,기타 - 기타,화물,남,62세,상해없음,이륜,남,83세,경상
2017110900100275,2017년 11월 9일 12시,목요일,전라남도 구례군 구례읍,경상사고,0,0,1,0,차대사람 - 차도통행중,안전운전불이행,건조,맑음,교차로 - 교차로안,승용,남,70세,상해없음,보행자,여,74세,경상
2017110900100295,2017년 11월 9일 13시,목요일,전라남도 해남군 북일면,중상사고,0,2,1,0,차대차 - 측면충돌,직진우회전진행방해,건조,맑음,교차로 - 교차로안,화물,남,47세,상해없음,승용,남,42세,경상
2017110900100296,2017년 11월 9일 13시,목요일,전라남도 영암군 금정면,사망사고,1,0,0,0,차량단독 - 전도전복,안전운전불이행,건조,맑음,단일로 - 기타,농기계,남,78세,사망,미분류,미분류,미분류,미분류
2017110900100297,2017년 11월 9일 13시,목요일,전라남도 무안군 청계면,중상사고,0,1,1,0,차대차 - 측면충돌,차로위반,건조,맑음,교차로 - 교차로안,승용,남,55세,경상,화물,남,40세,중상
2017110900100318,2017년 11월 9일 14시,목요일,전라남도 진도군 의신면,중상사고,0,1,0,0,차량단독 - 기타,안전운전불이행,건조,맑음,단일로 - 기타,화물,남,53세,상해없음,,,,
2017110900100401,2017년 11월 9일 16시,목요일,전라남도 장흥군 장흥읍,경상사고,0,0,1,0,차대차 - 측면충돌,안전운전불이행,건조,맑음,교차로 - 교차로부근,자전거,여,69세,경상,승합,여,42세,상해없음
2017110900100402,2017년 11월 9일 16시,목요일,전라남도 해남군 해남읍,중상사고,0,3,0,0,차량단독 - 공작물충돌,안전운전불이행,건조,맑음,단일로 - 기타,화물,남,62세,중상,,,,
2017110900100440,2017년 11월 9일 17시,목요일,전라남도 순천시 서면,중상사고,0,1,1,0,차대차 - 측면충돌,중앙선침범,건조,맑음,단일로 - 기타,승용,여,47세,상해없음,이륜,남,18세,경상
2017110900100441,2017년 11월 9일 17시,목요일,전라남도 순천시 대룡동,경상사고,0,0,1,0,차대차 - 추돌,안전운전불이행,건조,맑음,교차로 - 교차로부근,승용,남,59세,상해없음,승용,남,47세,경상
2017110900100442,2017년 11월 9일 17시,목요일,전라남도 장흥군 장흥읍,경상사고,0,0,2,0,차대차 - 측면충돌,안전운전불이행,건조,맑음,교차로 - 교차로안,화물,여,54세,상해없음,승합,여,31세,경상
2017110900100443,2017년 11월 9일 17시,목요일,전라남도 영광군 군서면,중상사고,0,1,1,0,차대차 - 측면충돌,중앙선침범,건조,맑음,단일로 - 기타,화물,남,70세,상해없음,원동기,남,73세,경상
2017110900100444,2017년 11월 9일 17시,목요일,전라남도 화순군 춘양면,경상사고,0,0,1,0,차대사람 - 차도통행중,안전운전불이행,건조,맑음,교차로 - 교차로안,승용,여,32세,상해없음,보행자,여,78세,경상
2017110900100445,2017년 11월 9일 17시,목요일,전라남도 담양군 담양읍,경상사고,0,0,2,0,차대차 - 기타,안전운전불이행,건조,맑음,교차로 - 교차로안,승용,여,48세,상해없음,승용,여,52세,경상
2017110900100512,2017년 11월 9일 18시,목요일,전라남도 나주시 문평면,경상사고,0,0,5,0,차대차 - 추돌,안전운전불이행,젖음/습기,맑음,교차로 - 교차로부근,화물,남,60세,경상,화물,남,58세,경상
2017110900100513,2017년 11월 9일 18시,목요일,전라남도 해남군 해남읍,경상사고,0,0,1,0,차대차 - 추돌,안전운전불이행,건조,맑음,단일로 - 기타,승용,남,49세,상해없음,농기계,남,30세,경상
2017110900100556,2017년 11월 9일 19시,목요일,전라남도 함평군 신광면,중상사고,0,1,0,0,차대차 - 추돌,안전운전불이행,건조,맑음,단일로 - 기타,화물,남,59세,상해없음,사륜오토바이(ATV),남,46세,중상
2017110900100593,2017년 11월 9일 20시,목요일,전라남도 무안군 삼향읍,중상사고,0,1,2,0,차대차 - 추돌,안전운전불이행,건조,맑음,단일로 - 기타,화물,남,37세,중상,승용,남,29세,경상
2017110900100629,2017년 11월 9일 21시,목요일,전라남도 여수시 둔덕동,경상사고,0,0,1,0,차대차 - 측면충돌,신호위반,건조,맑음,교차로 - 교차로안,승용,남,35세,상해없음,승용,남,30세,경상
2017110900100630,2017년 11월 9일 21시,목요일,전라남도 장성군 황룡면,경상사고,0,0,1,0,차대차 - 추돌,안전운전불이행,건조,맑음,교차로 - 교차로안,승용,남,30세,상해없음,승용,남,31세,경상
2017110900100687,2017년 11월 9일 23시,목요일,전라남도 여수시 문수동,경상사고,0,0,1,0,차대차 - 추돌,안전운전불이행,건조,맑음,단일로 - 기타,승용,남,28세,상해없음,승용,남,44세,경상
2017110900100688,2017년 11월 9일 23시,목요일,전라남도 광양시 중동,경상사고,0,0,1,0,차대차 - 측면충돌,안전운전불이행,건조,맑음,단일로 - 기타,승용,남,31세,경상,승용,남,50세,상해없음
2017111000100075,2017년 11월 10일 03시,금요일,전라남도 목포시 상락동2가,사망사고,1,0,0,0,차대사람 - 기타,안전운전불이행,건조,맑음,단일로 - 기타,승용,남,18세,상해없음,보행자,여,76세,사망
2017111000100076,2017년 11월 10일 03시,금요일,전라남도 여수시 수정동,중상사고,0,4,0,1,차대차 - 측면충돌,중앙선침범,건조,맑음,단일로 - 터널,승용,남,51세,부상신고,화물,남,72세,중상
2017111000100106,2017년 11월 10일 06시,금요일,전라남도 여수시 여서동,중상사고,0,1,0,0,차대사람 - 횡단중,안전운전불이행,건조,맑음,단일로 - 기타,승용,남,50세,상해없음,보행자,여,60세,중상
2017111000100158,2017년 11월 10일 08시,금요일,전라남도 목포시 용해동,경상사고,0,0,3,0,차대차 - 측면충돌,교차로운행방법위반,건조,맑음,교차로 - 교차로안,승용,남,62세,상해없음,승용,여,50세,경상
2017111000100159,2017년 11월 10일 08시,금요일,전라남도 여수시 여서동,경상사고,0,0,1,0,차대차 - 측면충돌,안전거리미확보,건조,맑음,교차로 - 교차로안,화물,남,66세,기타불명,승용,여,55세,경상
2017111000100160,2017년 11월 10일 08시,금요일,전라남도 무안군 무안읍,중상사고,0,1,1,0,차대차 - 측면충돌,안전운전불이행,건조,맑음,단일로 - 기타,화물,남,72세,상해없음,이륜,남,69세,경상
2017111000100161,2017년 11월 10일 08시,금요일,전라남도 광양시 광양읍,경상사고,0,0,1,0,차대차 - 측면충돌,안전운전불이행,건조,맑음,교차로 - 교차로안,승용,남,22세,상해없음,승용,여,35세,경상
2017111000100197,2017년 11월 10일 09시,금요일,전라남도 곡성군 겸면,경상사고,0,0,1,0,차대차 - 기타,안전운전불이행,건조,맑음,기타 - 기타,승합,남,58세,상해없음,화물,남,35세,경상
2017111000100223,2017년 11월 10일 10시,금요일,전라남도 여수시 월내동,중상사고,0,1,0,0,차대사람 - 길가장자리구역통행중,안전운전불이행,건조,맑음,단일로 - 기타,화물,남,66세,상해없음,보행자,남,48세,중상
2017111000100224,2017년 11월 10일 10시,금요일,전라남도 영암군 삼호읍,경상사고,0,0,1,0,차대차 - 추돌,안전거리미확보,건조,맑음,단일로 - 기타,화물,남,72세,상해없음,승용,여,58세,경상
2017111000100225,2017년 11월 10일 10시,금요일,전라남도 장성군 장성읍,경상사고,0,0,1,0,차대차 - 측면충돌,교차로운행방법위반,건조,맑음,교차로 - 교차로안,승용,남,56세,상해없음,이륜,남,77세,경상
2017111000100226,2017년 11월 10일 10시,금요일,전라남도 곡성군 목사동면,경상사고,0,0,1,0,차대차 - 측면충돌,교차로운행방법위반,건조,맑음,교차로 - 교차로안,이륜,남,89세,경상,승합,여,37세,상해없음
2017111000100256,2017년 11월 10일 11시,금요일,전라남도 순천시 연향동,경상사고,0,0,3,0,차대차 - 측면충돌,안전운전불이행,건조,맑음,교차로 - 교차로안,승용,여,40세,상해없음,승용,여,52세,경상
2017111000100282,2017년 11월 10일 12시,금요일,전라남도 여수시 연등동,중상사고,0,1,0,0,차대차 - 기타,기타,건조,맑음,단일로 - 기타,화물,남,54세,상해없음,이륜,남,51세,중상
2017111000100306,2017년 11월 10일 13시,금요일,전라남도 장흥군 장흥읍,경상사고,0,0,1,0,차대차 - 추돌,안전운전불이행,건조,맑음,교차로 - 교차로안,화물,남,58세,상해없음,승용,여,54세,경상
2017111000100338,2017년 11월 10일 14시,금요일,전라남도 목포시 용당동,경상사고,0,0,1,0,차대사람 - 횡단중,보행자보호의무위반,건조,맑음,교차로 - 교차로횡단보도내,승용,남,39세,상해없음,보행자,여,23세,경상
2017111000100339,2017년 11월 10일 14시,금요일,전라남도 여수시 광무동,중상사고,0,1,6,0,차대차 - 추돌,안전운전불이행,건조,맑음,단일로 - 기타,화물,남,27세,상해없음,승용,남,33세,경상
2017111000100378,2017년 11월 10일 15시,금요일,전라남도 여수시 광무동,경상사고,0,0,1,0,차대차 - 추돌,안전운전불이행,건조,맑음,단일로 - 기타,화물,남,52세,상해없음,승용,여,51세,경상
2017111000100379,2017년 11월 10일 15시,금요일,전라남도 완도군 보길면,중상사고,0,1,0,0,차대사람 - 기타,안전운전불이행,건조,맑음,단일로 - 기타,화물,남,40세,상해없음,보행자,남,14세,중상
2017111000100423,2017년 11월 10일 16시,금요일,전라남도 목포시 옥암동,중상사고,0,1,0,0,차대사람 - 기타,안전운전불이행,건조,맑음,단일로 - 기타,승용,여,34세,상해없음,보행자,남,7세,중상
2017111000100466,2017년 11월 10일 17시,금요일,전라남도 여수시 선원동,경상사고,0,0,1,0,차대차 - 추돌,안전운전불이행,건조,맑음,교차로 - 교차로안,승용,여,29세,상해없음,승용,남,44세,경상
2017111000100467,2017년 11월 10일 17시,금요일,전라남도 영광군 영광읍,경상사고,0,0,1,0,차대차 - 측면충돌,불법유턴,건조,맑음,교차로 - 교차로부근,자전거,남,20세,경상,승용,남,65세,상해없음
2017111000100532,2017년 11월 10일 18시,금요일,전라남도 목포시 상동,경상사고,0,0,1,0,차대차 - 기타,신호위반,건조,맑음,교차로 - 교차로안,승용,남,35세,상해없음,원동기,남,35세,경상
2017111000100533,2017년 11월 10일 18시,금요일,전라남도 여수시 둔덕동,경상사고,0,0,9,0,차대차 - 추돌,안전운전불이행,건조,맑음,교차로 - 교차로안,승합,남,64세,상해없음,승용,여,46세,경상
2017111000100534,2017년 11월 10일 18시,금요일,전라남도 나주시 빛가람동,부상신고사고,0,0,0,1,차대사람 - 기타,안전운전불이행,건조,맑음,기타 - 기타,승용,여,49세,상해없음,보행자,여,50세,부상신고
2017111000100535,2017년 11월 10일 18시,금요일,전라남도 나주시 봉황면,사망사고,1,0,0,1,차대차 - 추돌,안전운전불이행,젖음/습기,비,단일로 - 기타,승용,남,43세,부상신고,원동기,남,80세,사망
2017111000100536,2017년 11월 10일 18시,금요일,전라남도 고흥군 도화면,중상사고,0,1,0,0,차대사람 - 길가장자리구역통행중,안전운전불이행,건조,맑음,단일로 - 기타,화물,남,71세,상해없음,보행자,남,68세,중상
2017111000100599,2017년 11월 10일 19시,금요일,전라남도 목포시 죽교동,중상사고,0,1,1,0,차대사람 - 횡단중,안전운전불이행,건조,맑음,단일로 - 기타,원동기,남,73세,경상,보행자,남,52세,중상
2017111000100600,2017년 11월 10일 19시,금요일,전라남도 목포시 상동,경상사고,0,0,1,0,차대사람 - 횡단중,안전운전불이행,건조,맑음,단일로 - 기타,승용,여,38세,상해없음,보행자,남,56세,경상
2017111000100685,2017년 11월 10일 21시,금요일,전라남도 목포시 산정동,중상사고,0,1,0,0,차대차 - 측면충돌,안전운전불이행,건조,맑음,단일로 - 기타,승용,남,53세,상해없음,원동기,남,17세,중상
2017111000100686,2017년 11월 10일 21시,금요일,전라남도 순천시 승주읍,사망사고,1,1,0,0,차대차 - 측면충돌,안전운전불이행,건조,맑음,단일로 - 기타,승용,남,33세,상해없음,승용,여,40세,사망
2017111000100712,2017년 11월 10일 22시,금요일,전라남도 영광군 영광읍,중상사고,0,5,1,0,차대차 - 추돌,안전운전불이행,건조,맑음,단일로 - 기타,화물,남,62세,상해없음,화물,남,44세,경상
2017111000100713,2017년 11월 10일 22시,금요일,전라남도 여수시 웅천동,중상사고,0,1,0,0,차대차 - 측면충돌,신호위반,건조,맑음,교차로 - 교차로안,승합,남,39세,상해없음,승용,남,28세,중상
2017111000100714,2017년 11월 10일 22시,금요일,전라남도 순천시 조례동,경상사고,0,0,2,0,차대차 - 측면충돌,안전운전불이행,건조,맑음,단일로 - 기타,승용,남,61세,상해없음,승용,남,57세,경상
2017111000100715,2017년 11월 10일 22시,금요일,전라남도 해남군 옥천면,경상사고,0,0,4,0,차대차 - 기타,중앙선침범,건조,맑음,단일로 - 기타,화물,남,75세,상해없음,승용,남,22세,경상
2017111100100060,2017년 11월 11일 01시,토요일,전라남도 영광군 법성면,중상사고,0,1,1,0,차대차 - 측면충돌,안전운전불이행,건조,맑음,교차로 - 교차로안,승합,남,40세,상해없음,승용,남,28세,중상
2017111100100079,2017년 11월 11일 03시,토요일,전라남도 나주시 산포면,부상신고사고,0,0,0,1,차량단독 - 공작물충돌,안전운전불이행,건조,맑음,단일로 - 기타,승용,남,43세,부상신고,,,,
2017111100100183,2017년 11월 11일 09시,토요일,전라남도 고흥군 동강면,중상사고,0,1,0,0,차대차 - 측면충돌,교차로운행방법위반,건조,맑음,교차로 - 교차로안,화물,여,68세,상해없음,이륜,남,81세,상해없음
2017111100100184,2017년 11월 11일 09시,토요일,전라남도 화순군 이양면,중상사고,0,1,0,0,차대차 - 측면충돌,직진우회전진행방해,건조,맑음,교차로 - 교차로안,특수,남,48세,상해없음,이륜,남,81세,중상
2017111100100185,2017년 11월 11일 09시,토요일,전라남도 담양군 수북면,중상사고,0,1,0,0,차대사람 - 기타,안전운전불이행,건조,맑음,단일로 - 기타,승합,남,45세,상해없음,보행자,여,78세,중상
2017111100100206,2017년 11월 11일 10시,토요일,전라남도 장성군 남면,경상사고,0,0,1,0,차대차 - 추돌,안전운전불이행,건조,맑음,교차로 - 교차로부근,승용,남,74세,상해없음,승용,여,50세,경상
2017111100100246,2017년 11월 11일 11시,토요일,전라남도 무안군 삼향읍,중상사고,0,1,2,0,차대차 - 추돌,안전운전불이행,건조,맑음,단일로 - 기타,승용,남,61세,중상,승용,여,45세,경상
2017111100100289,2017년 11월 11일 12시,토요일,전라남도 목포시 산정동,경상사고,0,0,4,0,차대차 - 측면충돌,안전운전불이행,건조,맑음,교차로 - 교차로부근,승용,남,81세,상해없음,승용,여,36세,경상
2017111100100290,2017년 11월 11일 12시,토요일,전라남도 목포시 용해동,경상사고,0,0,1,0,차대차 - 추돌,안전운전불이행,건조,맑음,단일로 - 기타,승용,남,51세,상해없음,승용,여,45세,경상
2017111100100291,2017년 11월 11일 12시,토요일,전라남도 여수시 신기동,경상사고,0,0,1,0,차대차 - 측면충돌,신호위반,건조,맑음,교차로 - 교차로안,이륜,남,29세,상해없음,승용,남,60세,경상
2017111100100292,2017년 11월 11일 12시,토요일,전라남도 순천시 조례동,경상사고,0,0,1,0,차대차 - 추돌,안전운전불이행,건조,맑음,단일로 - 기타,승용,여,38세,상해없음,승용,남,43세,경상
2017111100100293,2017년 11월 11일 12시,토요일,전라남도 나주시 금천면,경상사고,0,0,1,0,차대차 - 추돌,안전운전불이행,건조,맑음,단일로 - 기타,승용,여,26세,상해없음,화물,남,41세,경상
2017111100100338,2017년 11월 11일 13시,토요일,전라남도 해남군 해남읍,경상사고,0,0,6,0,차대차 - 추돌,안전거리미확보,건조,맑음,단일로 - 기타,승용,남,60세,상해없음,승용,남,35세,경상
2017111100100377,2017년 11월 11일 14시,토요일,전라남도 담양군 대전면,경상사고,0,0,1,0,차대차 - 측면충돌,직진우회전진행방해,건조,맑음,교차로 - 교차로안,승용,남,60세,상해없음,사륜오토바이(ATV),남,83세,경상
2017111100100413,2017년 11월 11일 15시,토요일,전라남도 나주시 산포면,경상사고,0,0,1,0,차대차 - 기타,중앙선침범,건조,맑음,단일로 - 기타,승용,남,47세,상해없음,승용,남,37세,경상
2017111100100414,2017년 11월 11일 15시,토요일,전라남도 장성군 북하면,경상사고,0,0,1,0,차대사람 - 차도통행중,안전운전불이행,건조,맑음,단일로 - 기타,승용,남,56세,상해없음,보행자,남,40세,경상
2017111100100451,2017년 11월 11일 16시,토요일,전라남도 장성군 남면,경상사고,0,0,4,0,차대차 - 측면충돌,신호위반,건조,맑음,교차로 - 교차로안,승용,남,46세,경상,화물,남,60세,경상
2017111100100452,2017년 11월 11일 16시,토요일,전라남도 무안군 삼향읍,경상사고,0,0,1,0,차대차 - 추돌,교차로운행방법위반,건조,맑음,교차로 - 교차로안,승용,남,43세,상해없음,승용,여,37세,경상
2017111100100499,2017년 11월 11일 17시,토요일,전라남도 목포시 옥암동,경상사고,0,0,1,0,차대차 - 측면충돌,차로위반,건조,맑음,교차로 - 교차로안,승용,남,78세,상해없음,승용,남,33세,경상
2017111100100500,2017년 11월 11일 17시,토요일,전라남도 순천시 조곡동,경상사고,0,0,2,0,차대차 - 추돌,안전거리미확보,건조,맑음,교차로 - 교차로부근,승용,남,65세,상해없음,승용,여,53세,경상
2017111100100501,2017년 11월 11일 17시,토요일,전라남도 장흥군 장흥읍,경상사고,0,0,1,0,차대사람 - 차도통행중,안전운전불이행,건조,맑음,단일로 - 기타,화물,남,59세,상해없음,보행자,남,11세,경상
2017111100100555,2017년 11월 11일 18시,토요일,전라남도 여수시 돌산읍,경상사고,0,0,5,0,차대차 - 추돌,안전운전불이행,건조,맑음,단일로 - 교량,승용,남,23세,상해없음,승용,남,43세,경상
2017111100100556,2017년 11월 11일 18시,토요일,전라남도 순천시 조례동,경상사고,0,0,3,0,차대차 - 추돌,안전운전불이행,건조,맑음,단일로 - 기타,승용,남,60세,상해없음,승용,남,57세,경상
2017111100100557,2017년 11월 11일 18시,토요일,전라남도 영광군 군서면,사망사고,1,0,0,0,차대사람 - 횡단중,안전운전불이행,건조,맑음,교차로 - 교차로안,승용,여,58세,상해없음,보행자,여,76세,사망
2017111100100600,2017년 11월 11일 19시,토요일,전라남도 여수시 오림동,중상사고,0,1,0,0,차대차 - 정면충돌,신호위반,건조,맑음,교차로 - 교차로안,승용,여,50세,상해없음,원동기,남,30세,중상
2017111100100601,2017년 11월 11일 19시,토요일,전라남도 순천시 서면,중상사고,0,1,0,0,차량단독 - 공작물충돌,안전운전불이행,건조,맑음,단일로 - 기타,승용,남,25세,상해없음,,,,
2017111100100635,2017년 11월 11일 20시,토요일,전라남도 목포시 옥암동,경상사고,0,0,7,0,차대차 - 추돌,안전거리미확보,건조,맑음,교차로 - 교차로부근,승용,남,39세,경상,승용,남,41세,경상
2017111100100636,2017년 11월 11일 20시,토요일,전라남도 여수시 여서동,경상사고,0,0,1,0,차대차 - 측면충돌,교차로운행방법위반,건조,맑음,교차로 - 교차로안,승용,남,36세,상해없음,승용,여,48세,경상
2017111100100654,2017년 11월 11일 21시,토요일,전라남도 화순군 화순읍,경상사고,0,0,4,0,차대차 - 정면충돌,안전운전불이행,건조,맑음,단일로 - 기타,승용,남,36세,상해없음,승합,남,47세,기타불명
2017111100100709,2017년 11월 11일 23시,토요일,전라남도 목포시 금화동,경상사고,0,0,1,0,차대사람 - 차도통행중,안전운전불이행,건조,맑음,단일로 - 기타,승용,남,47세,상해없음,보행자,여,24세,경상
2017111100100710,2017년 11월 11일 23시,토요일,전라남도 나주시 노안면,중상사고,0,1,1,0,차대차 - 정면충돌,중앙선침범,건조,맑음,단일로 - 기타,승합,여,44세,경상,승용,남,75세,중상
2017111200100085,2017년 11월 12일 06시,일요일,전라남도 진도군 지산면,부상신고사고,0,0,0,1,차대사람 - 기타,중앙선침범,건조,맑음,단일로 - 기타,화물,남,53세,상해없음,보행자,남,67세,부상신고
2017111200100104,2017년 11월 12일 07시,일요일,전라남도 여수시 봉산동,경상사고,0,0,3,0,차대차 - 정면충돌,중앙선침범,건조,맑음,단일로 - 기타,승용,남,55세,경상,승용,남,68세,경상
2017111200100129,2017년 11월 12일 09시,일요일,전라남도 해남군 현산면,사망사고,1,0,0,0,차대사람 - 기타,안전운전불이행,건조,맑음,교차로 - 교차로안,승합,남,60세,상해없음,보행자,여,69세,사망
2017111200100172,2017년 11월 12일 11시,일요일,전라남도 장성군 남면,경상사고,0,0,1,0,차대사람 - 기타,안전운전불이행,건조,맑음,기타 - 기타,승합,남,66세,상해없음,보행자,남,19세,경상
2017111200100173,2017년 11월 12일 11시,일요일,전라남도 강진군 도암면,경상사고,0,0,1,0,차대차 - 기타,안전운전불이행,건조,맑음,단일로 - 기타,화물,남,42세,상해없음,승합,여,65세,경상
2017111200100202,2017년 11월 12일 12시,일요일,전라남도 순천시 조례동,중상사고,0,1,1,0,차대차 - 추돌,안전운전불이행,건조,맑음,교차로 - 교차로부근,승용,남,57세,상해없음,이륜,남,22세,중상
2017111200100203,2017년 11월 12일 12시,일요일,전라남도 순천시 덕월동,경상사고,0,0,1,1,차대차 - 측면충돌,신호위반,건조,맑음,교차로 - 교차로안,승용,여,59세,부상신고,승용,남,64세,경상
2017111200100204,2017년 11월 12일 12시,일요일,전라남도 무안군 삼향읍,경상사고,0,0,1,0,차대차 - 기타,안전운전불이행,건조,맑음,교차로 - 교차로부근,승용,남,44세,상해없음,승용,남,45세,상해없음
2017111200100239,2017년 11월 12일 13시,일요일,전라남도 신안군 암태면,중상사고,0,1,0,0,차대사람 - 기타,안전운전불이행,건조,맑음,단일로 - 기타,승용,남,80세,상해없음,보행자,남,60세,중상
2017111200100240,2017년 11월 12일 13시,일요일,전라남도 여수시 돌산읍,중상사고,0,1,0,0,차대사람 - 기타,안전운전불이행,건조,맑음,교차로 - 교차로부근,승용,남,60세,상해없음,보행자,여,49세,중상
2017111200100241,2017년 11월 12일 13시,일요일,전라남도 나주시 반남면,사망사고,1,0,0,0,차대차 - 기타,불법유턴,건조,맑음,단일로 - 기타,원동기,남,68세,사망,승용,여,48세,상해없음
2017111200100242,2017년 11월 12일 13시,일요일,전라남도 고흥군 도화면,중상사고,0,1,0,0,차대사람 - 기타,안전운전불이행,건조,맑음,단일로 - 기타,화물,남,66세,상해없음,보행자,남,84세,중상
2017111200100243,2017년 11월 12일 13시,일요일,전라남도 화순군 화순읍,경상사고,0,0,2,0,차대차 - 추돌,안전운전불이행,건조,맑음,단일로 - 기타,승용,남,50세,상해없음,승용,여,35세,경상
2017111200100271,2017년 11월 12일 14시,일요일,전라남도 목포시 산정동,중상사고,0,1,0,0,차대차 - 측면충돌,안전운전불이행,건조,맑음,교차로 - 교차로부근,승용,남,45세,상해없음,이륜,남,21세,중상
2017111200100272,2017년 11월 12일 14시,일요일,전라남도 여수시 율촌면,중상사고,0,1,0,0,차량단독 - 기타,안전운전불이행,건조,맑음,단일로 - 기타,이륜,남,59세,중상,,,,
2017111200100273,2017년 11월 12일 14시,일요일,전라남도 보성군 미력면,중상사고,0,1,0,0,차대차 - 측면충돌,안전거리미확보,건조,맑음,단일로 - 기타,화물,남,57세,상해없음,이륜,남,58세,상해없음
2017111200100274,2017년 11월 12일 14시,일요일,전라남도 영암군 삼호읍,중상사고,0,1,0,0,차대차 - 측면충돌,안전운전불이행,건조,맑음,교차로 - 교차로안,승용,남,64세,상해없음,원동기,남,45세,중상
2017111200100275,2017년 11월 12일 14시,일요일,전라남도 무안군 해제면,중상사고,0,1,0,0,차량단독 - 공작물충돌,안전운전불이행,건조,맑음,단일로 - 기타,승용,여,54세,중상,,,,
2017111200100309,2017년 11월 12일 15시,일요일,전라남도 목포시 죽동,경상사고,0,0,1,0,차대차 - 기타,직진우회전진행방해,건조,맑음,교차로 - 교차로안,승용,남,90세 이상,상해없음,승용,남,56세,상해없음
2017111200100310,2017년 11월 12일 15시,일요일,전라남도 나주시 다시면,경상사고,0,0,1,0,차대차 - 정면충돌,기타,건조,맑음,교차로 - 교차로안,원동기,남,24세,경상,승용,남,48세,상해없음
2017111200100311,2017년 11월 12일 15시,일요일,전라남도 장성군 장성읍,경상사고,0,0,3,0,차대차 - 기타,교차로운행방법위반,건조,맑음,교차로 - 교차로안,승용,남,60세,상해없음,승용,여,24세,경상
2017111200100312,2017년 11월 12일 15시,일요일,전라남도 광양시 광양읍,경상사고,0,0,2,0,차대차 - 측면충돌,직진우회전진행방해,건조,맑음,교차로 - 교차로안,승용,남,48세,경상,승용,여,37세,경상
2017111200100313,2017년 11월 12일 15시,일요일,전라남도 광양시 봉강면,경상사고,0,0,3,0,차대차 - 측면충돌,중앙선침범,건조,맑음,단일로 - 기타,화물,남,73세,경상,승용,여,49세,경상