사고번호,사고일시,요일,시군구,사고내용,사망자수,중상자수,경상자수,부상신고자수,사고유형,법규위반,노면상태,기상상태,도로형태,가해운전자 차종,가해운전자 성별,가해운전자 연령,가해운전자 상해정도,피해운전자 차종,피해운전자 성별,피해운전자 연령,피해운전자 상해정도
2017121200100307,2017년 12월 12일 14시,화요일,전라남도 장흥군 장흥읍,중상사고,0,1,1,0,차대차 - 측면충돌,직진우회전진행방해,건조,맑음,교차로 - 교차로안,승용,여,49세,경상,승용,여,60세,중상
2017121200100308,2017년 12월 12일 14시,화요일,전라남도 보성군 보성읍,사망사고,1,0,0,0,차대차 - 측면충돌,안전운전불이행,건조,맑음,교차로 - 교차로안,화물,남,46세,상해없음,이륜,남,83세,사망
2017121200100335,2017년 12월 12일 15시,화요일,전라남도 해남군 황산면,경상사고,0,0,3,0,차대차 - 정면충돌,중앙선침범,건조,맑음,단일로 - 기타,화물,여,53세,경상,화물,남,51세,경상
2017121200100357,2017년 12월 12일 16시,화요일,전라남도 여수시 여천동,경상사고,0,0,4,0,차대차 - 추돌,신호위반,건조,맑음,교차로 - 교차로안,화물,남,61세,상해없음,승용,남,63세,경상
2017121200100358,2017년 12월 12일 16시,화요일,전라남도 순천시 연향동,중상사고,0,1,0,0,차대차 - 추돌,안전거리미확보,건조,맑음,단일로 - 기타,이륜,남,18세,중상,승용,여,46세,상해없음
2017121200100442,2017년 12월 12일 18시,화요일,전라남도 여수시 봉산동,경상사고,0,0,1,0,차대차 - 측면충돌,안전운전불이행,건조,맑음,단일로 - 기타,승용,여,53세,상해없음,승합,남,43세,경상
2017121200100443,2017년 12월 12일 18시,화요일,전라남도 순천시 조례동,경상사고,0,0,3,0,차대차 - 추돌,안전운전불이행,건조,맑음,교차로 - 교차로안,승용,남,44세,경상,승용,남,27세,상해없음
2017121200100489,2017년 12월 12일 19시,화요일,전라남도 목포시 옥암동,경상사고,0,0,5,0,차대차 - 추돌,안전운전불이행,건조,맑음,교차로 - 교차로부근,화물,남,51세,경상,승용,남,48세,경상
2017121200100509,2017년 12월 12일 20시,화요일,전라남도 순천시 조례동,경상사고,0,0,2,0,차대차 - 측면충돌,안전운전불이행,건조,맑음,교차로 - 교차로안,승용,여,49세,상해없음,승용,남,26세,경상
2017121200100547,2017년 12월 12일 21시,화요일,전라남도 순천시 연향동,사망사고,1,0,0,0,차대차 - 측면충돌,안전운전불이행,건조,맑음,교차로 - 교차로안,승용,여,48세,상해없음,이륜,남,24세,사망
2017121300100041,2017년 12월 13일 01시,수요일,전라남도 순천시 조례동,경상사고,0,0,2,0,차대차 - 측면충돌,신호위반,건조,맑음,교차로 - 교차로안,승용,남,39세,상해없음,승용,여,47세,경상
2017121300100093,2017년 12월 13일 07시,수요일,전라남도 여수시 신월동,경상사고,0,0,2,0,차대차 - 측면충돌,교차로운행방법위반,건조,맑음,교차로 - 교차로안,승용,남,70세,경상,승용,남,53세,경상
2017121300100094,2017년 12월 13일 07시,수요일,전라남도 고흥군 포두면,중상사고,0,1,0,0,차대사람 - 차도통행중,안전운전불이행,건조,맑음,단일로 - 기타,화물,남,63세,상해없음,보행자,여,72세,중상
2017121300100132,2017년 12월 13일 08시,수요일,전라남도 광양시 성황동,경상사고,0,0,2,0,차대차 - 측면충돌,중앙선침범,건조,맑음,교차로 - 교차로안,승용,남,34세,경상,승용,남,22세,경상
2017121300100169,2017년 12월 13일 09시,수요일,전라남도 순천시 풍덕동,중상사고,0,1,0,0,차대사람 - 차도통행중,안전운전불이행,건조,맑음,교차로 - 교차로안,승용,남,65세,상해없음,보행자,여,47세,중상
2017121300100170,2017년 12월 13일 09시,수요일,전라남도 구례군 구례읍,경상사고,0,0,1,0,차대사람 - 차도통행중,안전운전불이행,건조,맑음,단일로 - 기타,승용,여,58세,상해없음,보행자,여,71세,경상
2017121300100203,2017년 12월 13일 10시,수요일,전라남도 순천시 연향동,경상사고,0,0,1,0,차대차 - 측면충돌,신호위반,건조,맑음,교차로 - 교차로안,승용,여,52세,상해없음,승용,남,37세,경상
2017121300100204,2017년 12월 13일 10시,수요일,전라남도 함평군 함평읍,중상사고,0,1,0,0,차대차 - 측면충돌,직진우회전진행방해,건조,맑음,교차로 - 교차로안,승용,여,49세,상해없음,원동기,남,86세,중상
2017121300100289,2017년 12월 13일 14시,수요일,전라남도 여수시 학동,경상사고,0,0,1,0,차대차 - 추돌,안전운전불이행,건조,맑음,교차로 - 교차로부근,승용,남,31세,상해없음,승용,남,28세,경상
2017121300100290,2017년 12월 13일 14시,수요일,전라남도 여수시 상암동,경상사고,0,0,1,0,차대차 - 측면충돌,교차로운행방법위반,건조,맑음,교차로 - 교차로안,화물,남,70세,상해없음,승용,여,48세,경상
2017121300100291,2017년 12월 13일 14시,수요일,전라남도 순천시 석현동,중상사고,0,1,0,0,차대사람 - 횡단중,보행자보호의무위반,건조,맑음,교차로 - 교차로횡단보도내,승용,여,34세,상해없음,보행자,여,28세,중상
2017121300100323,2017년 12월 13일 15시,수요일,전라남도 순천시 조례동,중상사고,0,1,3,0,차대차 - 측면충돌,기타,건조,맑음,단일로 - 기타,승용,남,50세,상해없음,승합,남,29세,경상
2017121300100324,2017년 12월 13일 15시,수요일,전라남도 곡성군 옥과면,경상사고,0,0,1,0,차대차 - 기타,안전운전불이행,건조,맑음,단일로 - 기타,승용,여,37세,상해없음,승용,남,27세,경상
2017121300100325,2017년 12월 13일 15시,수요일,전라남도 진도군 지산면,경상사고,0,0,1,0,차대차 - 기타,중앙선침범,건조,맑음,단일로 - 기타,화물,남,58세,상해없음,승합,남,56세,경상
2017121300100370,2017년 12월 13일 16시,수요일,전라남도 장흥군 회진면,중상사고,0,1,0,0,차대사람 - 길가장자리구역통행중,안전운전불이행,건조,맑음,단일로 - 지하차도(도로)내,화물,남,38세,상해없음,보행자,여,8세,중상
2017121300100413,2017년 12월 13일 17시,수요일,전라남도 목포시 용당동,중상사고,0,1,1,0,차대차 - 측면충돌,안전운전불이행,건조,맑음,단일로 - 기타,이륜,남,17세,중상,승용,여,53세,경상
2017121300100414,2017년 12월 13일 17시,수요일,전라남도 여수시 학동,경상사고,0,0,1,0,차대차 - 측면충돌,안전운전불이행,건조,맑음,단일로 - 기타,승용,여,48세,상해없음,승용,남,45세,상해없음
2017121300100415,2017년 12월 13일 17시,수요일,전라남도 여수시 문수동,경상사고,0,0,1,0,차대차 - 측면충돌,교차로운행방법위반,건조,맑음,교차로 - 교차로안,승용,여,28세,상해없음,승용,남,50세,경상
2017121300100490,2017년 12월 13일 19시,수요일,전라남도 고흥군 포두면,경상사고,0,0,1,0,차대차 - 추돌,안전운전불이행,건조,맑음,단일로 - 기타,화물,남,68세,상해없음,승용,남,22세,상해없음
2017121300100491,2017년 12월 13일 19시,수요일,전라남도 무안군 현경면,중상사고,0,2,0,0,차량단독 - 공작물충돌,안전운전불이행,건조,맑음,단일로 - 기타,승용,남,71세,중상,,,,
2017121300100521,2017년 12월 13일 20시,수요일,전라남도 여수시 소라면,경상사고,0,0,1,0,차대차 - 측면충돌,교차로운행방법위반,건조,맑음,교차로 - 교차로안,승용,여,56세,상해없음,승용,여,58세,경상
2017121300100522,2017년 12월 13일 20시,수요일,전라남도 순천시 조례동,중상사고,0,1,0,0,차대차 - 측면충돌,직진우회전진행방해,건조,맑음,교차로 - 교차로안,승용,남,42세,상해없음,이륜,남,17세,중상
2017121300100545,2017년 12월 13일 21시,수요일,전라남도 여수시 안산동,경상사고,0,0,3,0,차대차 - 추돌,안전운전불이행,건조,맑음,단일로 - 기타,화물,남,36세,상해없음,승용,남,66세,경상
2017121300100546,2017년 12월 13일 21시,수요일,전라남도 순천시 승주읍,경상사고,0,0,1,0,차대차 - 기타,안전운전불이행,건조,맑음,단일로 - 기타,승용,남,26세,상해없음,화물,남,53세,경상
2017121400100177,2017년 12월 14일 08시,목요일,전라남도 여수시 화장동,중상사고,0,1,0,0,차대차 - 측면충돌,교차로운행방법위반,건조,맑음,교차로 - 교차로안,승용,남,24세,상해없음,승용,여,58세,중상
2017121400100178,2017년 12월 14일 08시,목요일,전라남도 순천시 조례동,경상사고,0,0,1,0,차대차 - 기타,직진우회전진행방해,건조,맑음,교차로 - 교차로안,승용,여,37세,상해없음,기타불명,남,25세,경상
2017121400100179,2017년 12월 14일 08시,목요일,전라남도 강진군 강진읍,경상사고,0,0,1,0,차대차 - 측면충돌,교차로운행방법위반,건조,맑음,교차로 - 교차로안,승용,여,49세,상해없음,원동기,남,79세,경상
2017121400100233,2017년 12월 14일 10시,목요일,전라남도 여수시 문수동,경상사고,0,0,1,0,차량단독 - 기타,안전운전불이행,건조,맑음,단일로 - 기타,승용,남,44세,상해없음,,,,
2017121400100234,2017년 12월 14일 10시,목요일,전라남도 보성군 보성읍,경상사고,0,0,1,0,차대차 - 후진중충돌,불법유턴,건조,맑음,기타 - 기타,화물,남,48세,상해없음,이륜,남,79세,경상
2017121400100235,2017년 12월 14일 10시,목요일,전라남도 진도군 임회면,경상사고,0,0,1,0,차대차 - 추돌,안전거리미확보,건조,맑음,교차로 - 교차로안,승용,남,61세,상해없음,화물,남,45세,경상
2017121400100261,2017년 12월 14일 11시,목요일,전라남도 목포시 산정동,경상사고,0,0,1,0,차대차 - 기타,교차로운행방법위반,건조,맑음,교차로 - 교차로안,승용,여,54세,상해없음,승합,남,47세,상해없음
2017121400100262,2017년 12월 14일 11시,목요일,전라남도 영암군 미암면,중상사고,0,1,1,0,차대사람 - 기타,안전운전불이행,건조,맑음,주차장 - 주차장,화물,남,55세,상해없음,보행자,여,65세,중상
2017121400100316,2017년 12월 14일 13시,목요일,전라남도 여수시 소라면,경상사고,0,0,2,0,차대차 - 추돌,안전운전불이행,건조,맑음,단일로 - 교량,승용,남,52세,경상,화물,남,47세,경상
2017121400100317,2017년 12월 14일 13시,목요일,전라남도 광양시 황길동,중상사고,0,1,1,0,차대차 - 측면충돌,교차로운행방법위반,건조,맑음,교차로 - 교차로안,특수,남,59세,상해없음,승합,남,45세,경상
2017121400100389,2017년 12월 14일 16시,목요일,전라남도 목포시 옥암동,경상사고,0,0,1,0,차대차 - 측면충돌,안전운전불이행,건조,맑음,교차로 - 교차로부근,승용,남,60세,상해없음,화물,남,48세,경상
2017121400100390,2017년 12월 14일 16시,목요일,전라남도 고흥군 도덕면,사망사고,1,0,0,0,차대차 - 측면충돌,교차로운행방법위반,건조,맑음,교차로 - 교차로안,승용,남,26세,상해없음,이륜,남,57세,사망
2017121400100391,2017년 12월 14일 16시,목요일,전라남도 강진군 성전면,경상사고,0,0,2,0,차대차 - 기타,안전운전불이행,건조,맑음,단일로 - 기타,화물,남,70세,상해없음,승용,여,37세,경상
2017121400100423,2017년 12월 14일 17시,목요일,전라남도 여수시 국동,중상사고,0,1,0,0,차대사람 - 횡단중,안전운전불이행,건조,맑음,단일로 - 기타,승용,남,72세,상해없음,보행자,여,58세,중상
2017121400100471,2017년 12월 14일 18시,목요일,전라남도 순천시 석현동,경상사고,0,0,1,0,차대사람 - 기타,기타,건조,맑음,단일로 - 기타,승용,남,35세,상해없음,보행자,남,31세,경상
2017121400100472,2017년 12월 14일 18시,목요일,전라남도 순천시 해룡면,경상사고,0,0,3,0,차대차 - 측면충돌,신호위반,건조,맑음,교차로 - 교차로안,승용,여,28세,경상,승용,남,69세,경상
2017121400100473,2017년 12월 14일 18시,목요일,전라남도 나주시 금천면,경상사고,0,0,3,0,차대차 - 추돌,안전운전불이행,건조,맑음,단일로 - 기타,화물,남,60세,상해없음,승용,남,28세,경상
2017121400100474,2017년 12월 14일 18시,목요일,전라남도 무안군 몽탄면,경상사고,0,0,1,0,차대사람 - 차도통행중,안전운전불이행,건조,맑음,단일로 - 기타,승용,여,47세,상해없음,보행자,여,18세,경상
2017121400100508,2017년 12월 14일 19시,목요일,전라남도 장흥군 장흥읍,경상사고,0,0,2,0,차대차 - 추돌,안전운전불이행,건조,맑음,교차로 - 교차로안,화물,남,45세,상해없음,승용,남,54세,경상
2017121400100529,2017년 12월 14일 20시,목요일,전라남도 목포시 석현동,경상사고,0,0,2,0,차대차 - 기타,차로위반,건조,맑음,교차로 - 교차로부근,승용,남,52세,상해없음,승용,남,43세,경상
2017121400100530,2017년 12월 14일 20시,목요일,전라남도 해남군 화원면,사망사고,2,0,0,0,차대차 - 추돌,안전거리미확보,건조,맑음,단일로 - 기타,승용,여,50세,상해없음,농기계,남,55세,사망
2017121400100557,2017년 12월 14일 21시,목요일,전라남도 화순군 남면,중상사고,0,1,0,0,차대사람 - 기타,안전운전불이행,건조,맑음,교차로 - 교차로안,승용,여,49세,상해없음,보행자,남,68세,중상
2017121400100583,2017년 12월 14일 22시,목요일,전라남도 완도군 완도읍,경상사고,0,0,2,0,차대차 - 추돌,안전운전불이행,건조,맑음,단일로 - 기타,승용,남,38세,상해없음,승용,남,54세,경상
2017121400100597,2017년 12월 14일 23시,목요일,전라남도 여수시 학동,경상사고,0,0,1,0,차대차 - 측면충돌,안전운전불이행,건조,맑음,교차로 - 교차로안,승용,여,54세,상해없음,승용,남,26세,상해없음
2017121400100598,2017년 12월 14일 23시,목요일,전라남도 여수시 선원동,중상사고,0,1,0,0,차대사람 - 기타,안전운전불이행,건조,맑음,단일로 - 기타,승용,남,34세,상해없음,보행자,여,37세,중상
2017121500100093,2017년 12월 15일 05시,금요일,전라남도 목포시 용당동,경상사고,0,0,1,0,차대차 - 측면충돌,신호위반,젖음/습기,눈,교차로 - 교차로안,승합,남,32세,상해없음,승용,남,18세,경상
2017121500100094,2017년 12월 15일 05시,금요일,전라남도 목포시 석현동,경상사고,0,0,2,0,차대차 - 추돌,안전운전불이행,건조,맑음,교차로 - 교차로부근,승용,남,25세,상해없음,승용,여,48세,경상
2017121500100115,2017년 12월 15일 06시,금요일,전라남도 여수시 율촌면,중상사고,0,1,0,0,차대사람 - 기타,안전운전불이행,건조,맑음,단일로 - 기타,승합,남,56세,상해없음,보행자,여,83세,중상
2017121500100132,2017년 12월 15일 07시,금요일,전라남도 목포시 상동,경상사고,0,0,2,0,차대차 - 측면충돌,직진우회전진행방해,건조,맑음,교차로 - 교차로안,승용,여,30세,경상,화물,남,42세,경상
2017121500100133,2017년 12월 15일 07시,금요일,전라남도 영암군 덕진면,경상사고,0,0,1,0,차대차 - 측면충돌,신호위반,건조,맑음,교차로 - 교차로부근,화물,남,61세,상해없음,승용,남,36세,경상
2017121500100157,2017년 12월 15일 08시,금요일,전라남도 목포시 용해동,경상사고,0,0,1,0,차대차 - 측면충돌,중앙선침범,건조,맑음,단일로 - 터널,화물,남,62세,상해없음,승용,남,35세,경상
2017121500100158,2017년 12월 15일 08시,금요일,전라남도 순천시 해룡면,중상사고,0,1,0,0,차대차 - 측면충돌,직진우회전진행방해,건조,맑음,교차로 - 교차로안,특수,남,39세,상해없음,승용,남,40세,중상
2017121500100189,2017년 12월 15일 09시,금요일,전라남도 완도군 완도읍,경상사고,0,0,1,0,차대차 - 측면충돌,기타,건조,맑음,교차로 - 교차로안,화물,남,23세,상해없음,자전거,남,62세,경상
2017121500100235,2017년 12월 15일 11시,금요일,전라남도 여수시 적량동,중상사고,0,1,1,0,차대차 - 측면충돌,신호위반,건조,맑음,교차로 - 교차로부근,특수,남,47세,중상,화물,여,52세,경상
2017121500100236,2017년 12월 15일 11시,금요일,전라남도 순천시 덕월동,경상사고,0,0,3,0,차대차 - 측면충돌,직진우회전진행방해,건조,맑음,교차로 - 교차로안,화물,남,52세,경상,승용,여,40세,경상
2017121500100237,2017년 12월 15일 11시,금요일,전라남도 해남군 해남읍,중상사고,0,1,0,0,차대사람 - 기타,보행자보호의무위반,건조,맑음,단일로 - 기타,승용,남,56세,상해없음,보행자,여,75세,중상
2017121500100238,2017년 12월 15일 11시,금요일,전라남도 화순군 화순읍,경상사고,0,0,1,0,차대사람 - 차도통행중,안전운전불이행,건조,맑음,단일로 - 기타,승용,남,54세,상해없음,보행자,여,54세,경상
2017121500100239,2017년 12월 15일 11시,금요일,전라남도 함평군 학교면,경상사고,0,0,2,0,차대차 - 정면충돌,중앙선침범,건조,맑음,교차로 - 교차로부근,화물,남,54세,경상,승용,남,80세,경상
2017121500100270,2017년 12월 15일 12시,금요일,전라남도 여수시 국동,경상사고,0,0,1,0,차대차 - 측면충돌,교차로운행방법위반,건조,맑음,교차로 - 교차로안,화물,남,46세,상해없음,승합,남,46세,경상
2017121500100271,2017년 12월 15일 12시,금요일,전라남도 순천시 조례동,경상사고,0,0,1,0,차대사람 - 기타,안전운전불이행,건조,맑음,단일로 - 기타,승합,남,42세,상해없음,보행자,남,52세,경상
2017121500100299,2017년 12월 15일 13시,금요일,전라남도 목포시 용당동,경상사고,0,0,2,0,차대차 - 측면충돌,직진우회전진행방해,건조,맑음,교차로 - 교차로안,승용,남,75세,경상,승용,남,59세,경상
2017121500100300,2017년 12월 15일 13시,금요일,전라남도 여수시 여천동,중상사고,0,1,0,0,차대사람 - 기타,안전운전불이행,건조,맑음,단일로 - 기타,화물,남,27세,상해없음,보행자,남,70세,중상
2017121500100323,2017년 12월 15일 14시,금요일,전라남도 여수시 학동,경상사고,0,0,1,0,차대차 - 측면충돌,안전운전불이행,건조,맑음,교차로 - 교차로안,승용,남,54세,상해없음,승용,여,38세,경상
2017121500100324,2017년 12월 15일 14시,금요일,전라남도 고흥군 도화면,경상사고,0,0,1,0,차대차 - 기타,안전운전불이행,건조,맑음,단일로 - 기타,승용,남,82세,경상,승용,남,40세,상해없음
2017121500100356,2017년 12월 15일 15시,금요일,전라남도 나주시 빛가람동,경상사고,0,0,1,0,차대차 - 측면충돌,신호위반,건조,맑음,교차로 - 교차로안,승용,여,60세,상해없음,승합,남,76세,경상
2017121500100388,2017년 12월 15일 16시,금요일,전라남도 목포시 석현동,경상사고,0,0,1,0,차대차 - 추돌,안전거리미확보,건조,맑음,교차로 - 교차로안,화물,남,47세,상해없음,승용,여,31세,경상
2017121500100389,2017년 12월 15일 16시,금요일,전라남도 보성군 보성읍,중상사고,0,1,0,0,차대사람 - 횡단중,안전운전불이행,건조,맑음,단일로 - 기타,승용,남,57세,상해없음,보행자,남,18세,중상
2017121500100390,2017년 12월 15일 16시,금요일,전라남도 담양군 무정면,경상사고,0,0,1,0,차대차 - 기타,안전운전불이행,건조,맑음,단일로 - 기타,화물,남,65세,상해없음,사륜오토바이(ATV),여,64세,경상
2017121500100430,2017년 12월 15일 17시,금요일,전라남도 여수시 화정면,사망사고,1,0,0,0,차량단독 - 공작물충돌,안전운전불이행,건조,맑음,단일로 - 기타,화물,남,60세,사망,,,,
2017121500100431,2017년 12월 15일 17시,금요일,전라남도 여수시 여서동,경상사고,0,0,2,0,차대차 - 측면충돌,차로위반,건조,맑음,교차로 - 교차로부근,승용,남,77세,상해없음,승용,여,28세,경상
2017121500100432,2017년 12월 15일 17시,금요일,전라남도 순천시 별량면,경상사고,0,0,2,0,차대차 - 측면충돌,안전운전불이행,건조,맑음,교차로 - 교차로부근,승용,남,61세,상해없음,승용,남,28세,경상
2017121500100433,2017년 12월 15일 17시,금요일,전라남도 나주시 금천면,경상사고,0,0,1,0,차대차 - 기타,안전운전불이행,건조,맑음,단일로 - 기타,화물,남,57세,상해없음,화물,남,60세,경상
2017121500100434,2017년 12월 15일 17시,금요일,전라남도 해남군 해남읍,경상사고,0,0,4,0,차대차 - 기타,신호위반,건조,맑음,교차로 - 교차로안,승용,여,38세,경상,승용,여,39세,경상
2017121500100480,2017년 12월 15일 18시,금요일,전라남도 순천시 주암면,중상사고,0,1,2,0,차대차 - 측면충돌,중앙선침범,건조,맑음,단일로 - 기타,화물,남,46세,중상,승용,남,35세,경상
2017121500100481,2017년 12월 15일 18시,금요일,전라남도 화순군 도곡면,경상사고,0,0,1,0,차대차 - 추돌,안전거리미확보,건조,맑음,단일로 - 기타,화물,남,61세,상해없음,승용,남,63세,경상
2017121500100509,2017년 12월 15일 19시,금요일,전라남도 광양시 중동,경상사고,0,0,1,0,차대사람 - 차도통행중,안전운전불이행,건조,맑음,단일로 - 기타,승용,남,49세,상해없음,보행자,남,9세,경상
2017121500100546,2017년 12월 15일 20시,금요일,전라남도 여수시 광무동,중상사고,0,1,0,0,차대사람 - 횡단중,신호위반,건조,맑음,단일로 - 기타,승용,남,61세,상해없음,보행자,남,59세,중상
2017121500100547,2017년 12월 15일 20시,금요일,전라남도 광양시 광양읍,경상사고,0,0,4,0,차대차 - 측면충돌,신호위반,건조,맑음,교차로 - 교차로안,승용,여,26세,경상,승용,여,53세,경상
2017121500100617,2017년 12월 15일 22시,금요일,전라남도 목포시 죽교동,경상사고,0,0,1,0,차대사람 - 기타,안전운전불이행,건조,맑음,기타 - 기타,승용,남,50세,상해없음,보행자,남,48세,경상
2017121500100618,2017년 12월 15일 22시,금요일,전라남도 여수시 학동,경상사고,0,0,3,1,차대사람 - 길가장자리구역통행중,안전운전불이행,건조,맑음,단일로 - 기타,승용,남,32세,상해없음,보행자,남,27세,경상
2017121500100649,2017년 12월 15일 23시,금요일,전라남도 목포시 산정동,중상사고,0,1,0,0,차대차 - 측면충돌,신호위반,건조,기타,단일로 - 기타,승용,남,24세,상해없음,이륜,남,16세,중상
2017121500100650,2017년 12월 15일 23시,금요일,전라남도 강진군 도암면,경상사고,0,0,1,0,차대차 - 기타,중앙선침범,건조,흐림,단일로 - 기타,기타불명,기타불명,미분류,기타불명,화물,남,38세,경상
2017121600100076,2017년 12월 16일 01시,토요일,전라남도 진도군 고군면,중상사고,0,1,1,0,차대차 - 기타,안전운전불이행,건조,맑음,단일로 - 기타,승용,남,52세,중상,화물,남,51세,경상
2017121600100097,2017년 12월 16일 02시,토요일,전라남도 여수시 신기동,경상사고,0,0,2,0,차대차 - 측면충돌,교차로운행방법위반,건조,맑음,교차로 - 교차로안,승용,남,32세,상해없음,승용,남,65세,경상
2017121600100145,2017년 12월 16일 06시,토요일,전라남도 영암군 삼호읍,중상사고,0,1,1,0,차대차 - 추돌,안전운전불이행,건조,맑음,교차로 - 교차로부근,승용,남,62세,중상,건설기계,남,53세,경상
2017121600100160,2017년 12월 16일 07시,토요일,전라남도 무안군 무안읍,중상사고,0,1,0,0,차대차 - 추돌,안전운전불이행,건조,맑음,단일로 - 기타,승용,여,73세,중상,건설기계,남,50세,상해없음
2017121600100176,2017년 12월 16일 08시,토요일,전라남도 목포시 산정동,경상사고,0,0,2,0,차대차 - 측면충돌,안전운전불이행,젖음/습기,흐림,교차로 - 교차로안,화물,남,59세,경상,승용,여,62세,경상
2017121600100177,2017년 12월 16일 08시,토요일,전라남도 나주시 빛가람동,경상사고,0,0,1,0,차대사람 - 기타,안전운전불이행,서리/결빙,눈,교차로 - 교차로안,건설기계,남,42세,상해없음,보행자,여,50세,경상
2017121600100178,2017년 12월 16일 08시,토요일,전라남도 완도군 고금면,중상사고,0,1,2,0,차대차 - 추돌,안전운전불이행,건조,맑음,단일로 - 교량,화물,남,73세,중상,화물,남,70세,경상
2017121600100203,2017년 12월 16일 09시,토요일,전라남도 해남군 송지면,중상사고,0,1,0,0,차량단독 - 기타,안전운전불이행,젖음/습기,흐림,단일로 - 기타,화물,남,38세,상해없음,,,,
2017121600100204,2017년 12월 16일 09시,토요일,전라남도 영광군 홍농읍,경상사고,0,0,1,0,차대차 - 측면충돌,직진우회전진행방해,건조,맑음,교차로 - 교차로안,화물,여,64세,상해없음,승용,여,30세,경상
2017121600100205,2017년 12월 16일 09시,토요일,전라남도 광양시 광양읍,경상사고,0,0,2,0,차대차 - 측면충돌,교차로운행방법위반,건조,맑음,교차로 - 교차로안,승용,남,20세,경상,승용,남,36세,상해없음
2017121600100229,2017년 12월 16일 10시,토요일,전라남도 담양군 대덕면,중상사고,0,3,0,0,차대차 - 측면충돌,중앙선침범,건조,맑음,교차로 - 교차로안,승용,남,57세,상해없음,화물,남,75세,상해없음
2017121600100255,2017년 12월 16일 11시,토요일,전라남도 순천시 덕월동,경상사고,0,0,2,0,차대차 - 측면충돌,안전운전불이행,건조,맑음,교차로 - 교차로부근,화물,남,61세,상해없음,승용,여,39세,경상
2017121600100284,2017년 12월 16일 12시,토요일,전라남도 순천시 낙안면,중상사고,0,1,0,0,차량단독 - 공작물충돌,안전운전불이행,건조,맑음,단일로 - 기타,화물,남,68세,중상,,,,
2017121600100314,2017년 12월 16일 13시,토요일,전라남도 해남군 산이면,경상사고,0,0,2,0,차대차 - 추돌,안전운전불이행,젖음/습기,눈,교차로 - 교차로부근,화물,남,63세,상해없음,승용,여,38세,경상
2017121600100341,2017년 12월 16일 14시,토요일,전라남도 화순군 화순읍,경상사고,0,0,1,0,차대차 - 측면충돌,직진우회전진행방해,건조,맑음,교차로 - 교차로안,화물,남,59세,상해없음,승용,남,32세,경상
2017121600100387,2017년 12월 16일 15시,토요일,전라남도 여수시 소라면,경상사고,0,0,3,0,차대차 - 측면충돌,신호위반,건조,맑음,교차로 - 교차로안,승용,남,44세,상해없음,승용,여,35세,경상
2017121600100388,2017년 12월 16일 15시,토요일,전라남도 순천시 해룡면,경상사고,0,0,1,0,차대차 - 측면충돌,신호위반,건조,맑음,교차로 - 교차로안,승용,남,52세,상해없음,승용,남,46세,경상
2017121600100465,2017년 12월 16일 17시,토요일,전라남도 여수시 만흥동,중상사고,0,1,0,0,차대차 - 측면충돌,중앙선침범,건조,맑음,단일로 - 기타,승용,여,44세,상해없음,승용,남,58세,중상
2017121600100466,2017년 12월 16일 17시,토요일,전라남도 순천시 조례동,경상사고,0,0,2,0,차대차 - 측면충돌,안전거리미확보,건조,맑음,단일로 - 기타,화물,남,55세,상해없음,승용,남,38세,경상
2017121600100500,2017년 12월 16일 18시,토요일,전라남도 여수시 교동,경상사고,0,0,1,0,차대차 - 기타,안전운전불이행,건조,맑음,단일로 - 기타,승용,여,46세,상해없음,이륜,남,28세,경상
2017121600100501,2017년 12월 16일 18시,토요일,전라남도 여수시 학동,경상사고,0,0,1,0,차대차 - 측면충돌,기타,건조,맑음,단일로 - 기타,승용,남,33세,상해없음,승용,남,43세,경상
2017121600100502,2017년 12월 16일 18시,토요일,전라남도 순천시 왕지동,중상사고,0,1,0,0,차대사람 - 길가장자리구역통행중,안전운전불이행,건조,맑음,교차로 - 교차로부근,승용,여,55세,상해없음,보행자,남,64세,중상
2017121600100503,2017년 12월 16일 18시,토요일,전라남도 광양시 광양읍,중상사고,0,1,0,0,차대사람 - 횡단중,중앙선침범,건조,맑음,단일로 - 기타,승용,남,60세,상해없음,보행자,여,40세,중상
2017121600100532,2017년 12월 16일 19시,토요일,전라남도 순천시 해룡면,부상신고사고,0,0,0,1,차대사람 - 횡단중,보행자보호의무위반,건조,맑음,단일로 - 기타,기타불명,기타불명,미분류,기타불명,보행자,남,11세,부상신고
2017121600100533,2017년 12월 16일 19시,토요일,전라남도 구례군 산동면,중상사고,0,1,0,0,차대사람 - 차도통행중,안전운전불이행,건조,맑음,단일로 - 기타,승용,여,46세,상해없음,보행자,남,66세,중상
2017121600100557,2017년 12월 16일 20시,토요일,전라남도 고흥군 풍양면,사망사고,1,0,0,0,차량단독 - 전도전복,안전운전불이행,건조,맑음,단일로 - 기타,이륜,남,52세,사망,미분류,미분류,미분류,미분류
2017121700100038,2017년 12월 17일 00시,일요일,전라남도 목포시 산정동,경상사고,0,0,6,0,차대차 - 추돌,안전운전불이행,서리/결빙,눈,교차로 - 교차로부근,승용,남,28세,경상,승용,남,43세,경상