사고번호,사고일시,요일,시군구,사고내용,사망자수,중상자수,경상자수,부상신고자수,사고유형,법규위반,노면상태,기상상태,도로형태,가해운전자 차종,가해운전자 성별,가해운전자 연령,가해운전자 상해정도,피해운전자 차종,피해운전자 성별,피해운전자 연령,피해운전자 상해정도
2017121700100039,2017년 12월 17일 00시,일요일,전라남도 순천시 조례동,경상사고,0,0,1,0,차대차 - 측면충돌,안전운전불이행,건조,맑음,교차로 - 교차로안,승용,남,58세,경상,화물,남,65세,상해없음
2017121700100054,2017년 12월 17일 01시,일요일,전라남도 강진군 성전면,중상사고,0,1,0,0,차량단독 - 기타,안전운전불이행,서리/결빙,눈,단일로 - 기타,화물,남,56세,상해없음,,,,
2017121700100181,2017년 12월 17일 11시,일요일,전라남도 여수시 화장동,경상사고,0,0,2,0,차대차 - 측면충돌,안전운전불이행,건조,맑음,교차로 - 교차로안,승용,여,49세,상해없음,화물,남,67세,경상
2017121700100228,2017년 12월 17일 13시,일요일,전라남도 담양군 월산면,경상사고,0,0,1,0,차대사람 - 횡단중,안전운전불이행,건조,맑음,단일로 - 기타,화물,남,63세,상해없음,보행자,남,6세,경상
2017121700100255,2017년 12월 17일 14시,일요일,전라남도 목포시 대양동,경상사고,0,0,1,0,차대사람 - 기타,안전운전불이행,건조,맑음,기타 - 기타,화물,남,48세,상해없음,보행자,여,69세,경상
2017121700100284,2017년 12월 17일 15시,일요일,전라남도 순천시 서면,중상사고,0,1,0,0,차대차 - 측면충돌,중앙선침범,건조,맑음,단일로 - 기타,승용,여,47세,상해없음,이륜,남,39세,중상
2017121700100285,2017년 12월 17일 15시,일요일,전라남도 나주시 세지면,사망사고,1,0,0,0,차량단독 - 도로외이탈 - 추락,안전운전불이행,젖음/습기,맑음,단일로 - 기타,자전거,남,56세,사망,,,,
2017121700100286,2017년 12월 17일 15시,일요일,전라남도 해남군 북평면,중상사고,0,1,0,0,차량단독 - 도로외이탈 - 추락,안전운전불이행,서리/결빙,맑음,단일로 - 기타,승용,남,56세,중상,,,,
2017121700100305,2017년 12월 17일 16시,일요일,전라남도 목포시 산정동,경상사고,0,0,3,0,차대차 - 측면충돌,안전운전불이행,건조,맑음,교차로 - 교차로부근,승용,남,59세,상해없음,승용,여,37세,경상
2017121700100330,2017년 12월 17일 17시,일요일,전라남도 나주시 노안면,중상사고,0,1,0,0,차대차 - 기타,안전운전불이행,건조,맑음,교차로 - 교차로안,승용,남,56세,상해없음,승용,남,51세,중상
2017121700100365,2017년 12월 17일 18시,일요일,전라남도 보성군 벌교읍,경상사고,0,0,1,0,차대사람 - 보도통행중,보행자보호의무위반,건조,맑음,교차로 - 교차로안,승용,남,37세,상해없음,보행자,여,85세,경상
2017121700100366,2017년 12월 17일 18시,일요일,전라남도 강진군 강진읍,중상사고,0,1,0,0,차량단독 - 공작물충돌,안전운전불이행,건조,흐림,단일로 - 기타,화물,남,56세,중상,,,,
2017121700100401,2017년 12월 17일 19시,일요일,전라남도 목포시 산정동,경상사고,0,0,1,0,차대차 - 기타,안전운전불이행,적설,눈,단일로 - 기타,기타불명,기타불명,미분류,기타불명,자전거,여,38세,경상
2017121700100402,2017년 12월 17일 19시,일요일,전라남도 순천시 조례동,경상사고,0,0,1,0,차대사람 - 횡단중,보행자보호의무위반,건조,맑음,교차로 - 교차로안,승용,남,68세,상해없음,보행자,여,53세,경상
2017121700100430,2017년 12월 17일 20시,일요일,전라남도 무안군 삼향읍,경상사고,0,0,1,0,차대차 - 측면충돌,교차로운행방법위반,건조,맑음,교차로 - 교차로안,승용,남,38세,상해없음,승용,남,21세,경상
2017121700100469,2017년 12월 17일 22시,일요일,전라남도 여수시 문수동,중상사고,0,1,0,0,차대차 - 기타,안전운전불이행,건조,맑음,교차로 - 교차로안,승용,남,43세,상해없음,승용,남,42세,중상
2017121800100041,2017년 12월 18일 01시,월요일,전라남도 순천시 조례동,중상사고,0,1,0,0,차대차 - 기타,직진우회전진행방해,건조,맑음,교차로 - 교차로안,승용,남,32세,상해없음,승용,남,32세,상해없음
2017121800100057,2017년 12월 18일 04시,월요일,전라남도 영암군 삼호읍,중상사고,0,2,0,0,차량단독 - 공작물충돌,안전운전불이행,건조,맑음,단일로 - 기타,승용,여,21세,상해없음,,,,
2017121800100065,2017년 12월 18일 05시,월요일,전라남도 순천시 동외동,중상사고,0,1,0,0,차대사람 - 차도통행중,안전운전불이행,건조,맑음,교차로 - 교차로부근,승용,남,26세,상해없음,보행자,여,77세,중상
2017121800100076,2017년 12월 18일 06시,월요일,전라남도 목포시 용해동,경상사고,0,0,1,0,차대차 - 측면충돌,신호위반,건조,맑음,교차로 - 교차로안,승용,여,50세,상해없음,승용,남,46세,경상
2017121800100105,2017년 12월 18일 07시,월요일,전라남도 장흥군 장흥읍,경상사고,0,0,1,0,차대차 - 측면충돌,중앙선침범,서리/결빙,맑음,단일로 - 기타,승용,남,70세,상해없음,화물,남,51세,경상
2017121800100106,2017년 12월 18일 07시,월요일,전라남도 광양시 중군동,경상사고,0,0,6,0,차대차 - 추돌,안전거리미확보,건조,맑음,단일로 - 기타,승용,여,47세,경상,화물,남,59세,경상
2017121800100182,2017년 12월 18일 09시,월요일,전라남도 여수시 연등동,중상사고,0,1,0,0,차대사람 - 횡단중,안전운전불이행,건조,맑음,단일로 - 기타,승용,남,52세,상해없음,보행자,여,52세,중상
2017121800100183,2017년 12월 18일 09시,월요일,전라남도 여수시 율촌면,중상사고,0,1,0,0,차량단독 - 공작물충돌,안전운전불이행,건조,맑음,단일로 - 기타,사륜오토바이(ATV),남,80세,중상,,,,
2017121800100184,2017년 12월 18일 09시,월요일,전라남도 영암군 영암읍,경상사고,0,0,2,0,차대차 - 측면충돌,안전운전불이행,건조,흐림,단일로 - 기타,건설기계,남,33세,상해없음,화물,남,34세,경상
2017121800100220,2017년 12월 18일 10시,월요일,전라남도 해남군 해남읍,경상사고,0,0,3,0,차대차 - 측면충돌,안전운전불이행,건조,흐림,교차로 - 교차로안,승용,남,71세,상해없음,승용,남,46세,경상
2017121800100221,2017년 12월 18일 10시,월요일,전라남도 광양시 금호동,경상사고,0,0,2,0,차대차 - 기타,교차로운행방법위반,건조,맑음,교차로 - 교차로안,승용,여,56세,경상,승용,남,65세,경상
2017121800100241,2017년 12월 18일 11시,월요일,전라남도 영암군 학산면,중상사고,0,3,0,0,차대차 - 추돌,안전운전불이행,건조,흐림,교차로 - 교차로부근,승용,남,42세,상해없음,승용,여,44세,중상
2017121800100269,2017년 12월 18일 12시,월요일,전라남도 여수시 소라면,중상사고,0,1,0,0,차대사람 - 횡단중,신호위반,건조,맑음,교차로 - 교차로부근,화물,남,31세,상해없음,보행자,여,90세 이상,중상
2017121800100270,2017년 12월 18일 12시,월요일,전라남도 영암군 삼호읍,경상사고,0,0,4,0,차대차 - 측면충돌,안전운전불이행,건조,흐림,교차로 - 교차로안,화물,남,43세,경상,승용,남,27세,경상
2017121800100271,2017년 12월 18일 12시,월요일,전라남도 곡성군 곡성읍,경상사고,0,0,1,0,차대차 - 측면충돌,안전운전불이행,건조,맑음,단일로 - 기타,자전거,여,54세,경상,기타불명,기타불명,미분류,기타불명
2017121800100272,2017년 12월 18일 12시,월요일,전라남도 완도군 완도읍,부상신고사고,0,0,0,1,차대차 - 측면충돌,안전운전불이행,건조,맑음,교차로 - 교차로안,사륜오토바이(ATV),남,76세,부상신고,승용,여,51세,상해없음
2017121800100323,2017년 12월 18일 14시,월요일,전라남도 목포시 연산동,경상사고,0,0,1,0,차대사람 - 기타,안전운전불이행,건조,맑음,단일로 - 기타,승용,남,72세,상해없음,보행자,남,8세,경상
2017121800100324,2017년 12월 18일 14시,월요일,전라남도 여수시 율촌면,경상사고,0,0,1,0,차량단독 - 기타,안전운전불이행,건조,맑음,단일로 - 기타,승용,여,42세,상해없음,,,,
2017121800100352,2017년 12월 18일 15시,월요일,전라남도 여수시 웅천동,경상사고,0,0,4,0,차대차 - 측면충돌,교차로운행방법위반,건조,맑음,교차로 - 교차로안,승용,여,43세,상해없음,승용,여,60세,경상
2017121800100353,2017년 12월 18일 15시,월요일,전라남도 광양시 광양읍,중상사고,0,1,0,0,차대사람 - 횡단중,안전운전불이행,건조,맑음,교차로 - 교차로안,승용,여,51세,상해없음,보행자,여,88세,중상
2017121800100378,2017년 12월 18일 16시,월요일,전라남도 완도군 고금면,중상사고,0,3,0,0,차대차 - 정면충돌,중앙선침범,건조,흐림,단일로 - 기타,화물,남,19세,중상,승용,남,48세,중상
2017121800100404,2017년 12월 18일 17시,월요일,전라남도 순천시 조례동,경상사고,0,0,1,0,차대차 - 측면충돌,안전운전불이행,건조,맑음,교차로 - 교차로부근,화물,남,51세,상해없음,이륜,남,25세,경상
2017121800100405,2017년 12월 18일 17시,월요일,전라남도 순천시 덕암동,경상사고,0,0,2,0,차대차 - 측면충돌,직진우회전진행방해,건조,맑음,교차로 - 교차로안,승용,남,46세,경상,승용,여,57세,경상
2017121800100406,2017년 12월 18일 17시,월요일,전라남도 진도군 진도읍,경상사고,0,0,1,0,차대차 - 측면충돌,교차로운행방법위반,건조,맑음,교차로 - 교차로안,승용,남,54세,상해없음,원동기,남,31세,경상
2017121800100462,2017년 12월 18일 18시,월요일,전라남도 목포시 상동,중상사고,0,1,0,0,차대사람 - 횡단중,보행자보호의무위반,건조,맑음,교차로 - 교차로횡단보도내,화물,남,37세,상해없음,보행자,여,35세,중상
2017121800100463,2017년 12월 18일 18시,월요일,전라남도 화순군 화순읍,경상사고,0,0,1,0,차대차 - 측면충돌,안전운전불이행,건조,맑음,단일로 - 기타,승용,남,58세,상해없음,승용,여,32세,경상
2017121800100464,2017년 12월 18일 18시,월요일,전라남도 곡성군 곡성읍,경상사고,0,0,1,0,차대차 - 측면충돌,안전운전불이행,건조,맑음,단일로 - 기타,이륜,남,85세,경상,승용,남,43세,상해없음
2017121800100530,2017년 12월 18일 20시,월요일,전라남도 순천시 중앙동,경상사고,0,0,1,0,차대차 - 측면충돌,직진우회전진행방해,건조,맑음,교차로 - 교차로안,승용,남,48세,상해없음,승용,여,23세,경상
2017121800100553,2017년 12월 18일 21시,월요일,전라남도 구례군 산동면,중상사고,0,1,0,0,차량단독 - 기타,기타,건조,맑음,단일로 - 기타,승용,남,50세,중상,,,,
2017121900100097,2017년 12월 19일 07시,화요일,전라남도 여수시 여서동,경상사고,0,0,1,0,차대사람 - 횡단중,안전운전불이행,건조,맑음,단일로 - 기타,승용,남,40세,상해없음,보행자,남,71세,경상
2017121900100162,2017년 12월 19일 10시,화요일,전라남도 보성군 벌교읍,사망사고,1,0,0,0,차대차 - 후진중충돌,기타,건조,맑음,단일로 - 기타,화물,남,64세,상해없음,이륜,남,77세,사망
2017121900100194,2017년 12월 19일 11시,화요일,전라남도 목포시 연산동,경상사고,0,0,2,0,차대차 - 기타,안전운전불이행,건조,맑음,단일로 - 기타,승용,여,46세,경상,화물,남,44세,경상
2017121900100221,2017년 12월 19일 12시,화요일,전라남도 영암군 금정면,중상사고,0,1,3,0,차대차 - 측면충돌,안전운전불이행,건조,맑음,교차로 - 교차로안,승용,남,42세,중상,화물,남,48세,경상
2017121900100222,2017년 12월 19일 12시,화요일,전라남도 광양시 중동,중상사고,0,1,0,0,차대차 - 측면충돌,교차로운행방법위반,건조,맑음,교차로 - 교차로안,화물,남,66세,중상,승용,남,59세,상해없음
2017121900100248,2017년 12월 19일 13시,화요일,전라남도 해남군 북일면,경상사고,0,0,2,0,차량단독 - 기타,안전운전불이행,건조,맑음,단일로 - 기타,화물,남,65세,경상,,,,
2017121900100278,2017년 12월 19일 14시,화요일,전라남도 여수시 남산동,경상사고,0,0,1,0,차대차 - 측면충돌,안전운전불이행,건조,맑음,교차로 - 교차로안,승용,여,50세,상해없음,승용,남,31세,경상
2017121900100279,2017년 12월 19일 14시,화요일,전라남도 여수시 문수동,경상사고,0,0,1,0,차대사람 - 횡단중,보행자보호의무위반,건조,맑음,단일로 - 기타,화물,남,68세,상해없음,보행자,여,10세,경상
2017121900100280,2017년 12월 19일 14시,화요일,전라남도 곡성군 석곡면,경상사고,0,0,1,0,차대사람 - 횡단중,보행자보호의무위반,건조,맑음,단일로 - 기타,승용,남,54세,상해없음,보행자,남,9세,경상
2017121900100359,2017년 12월 19일 16시,화요일,전라남도 여수시 화장동,경상사고,0,0,1,0,차대차 - 측면충돌,교차로운행방법위반,건조,맑음,교차로 - 교차로안,승용,여,43세,상해없음,승용,여,48세,경상
2017121900100360,2017년 12월 19일 16시,화요일,전라남도 순천시 연향동,부상신고사고,0,0,0,1,차대차 - 추돌,안전거리미확보,건조,맑음,교차로 - 교차로부근,승용,남,65세,상해없음,승용,여,29세,부상신고
2017121900100361,2017년 12월 19일 16시,화요일,전라남도 곡성군 옥과면,중상사고,0,1,0,0,차대차 - 추돌,안전운전불이행,건조,맑음,교차로 - 교차로부근,승용,여,57세,상해없음,사륜오토바이(ATV),여,74세,중상
2017121900100362,2017년 12월 19일 16시,화요일,전라남도 무안군 삼향읍,중상사고,0,1,0,0,차대차 - 측면충돌,안전운전불이행,건조,맑음,교차로 - 교차로횡단보도내,승용,남,48세,상해없음,자전거,남,68세,중상
2017121900100440,2017년 12월 19일 18시,화요일,전라남도 목포시 상동,경상사고,0,0,1,0,차대차 - 기타,신호위반,건조,맑음,교차로 - 교차로안,승용,남,41세,상해없음,승용,남,25세,경상
2017121900100481,2017년 12월 19일 19시,화요일,전라남도 여수시 문수동,중상사고,0,1,0,0,차대사람 - 횡단중,안전운전불이행,건조,맑음,교차로 - 교차로안,승용,남,20세,상해없음,보행자,여,33세,중상
2017121900100541,2017년 12월 19일 21시,화요일,전라남도 여수시 봉산동,경상사고,0,0,1,0,차대차 - 측면충돌,신호위반,건조,맑음,교차로 - 교차로안,이륜,남,19세,상해없음,승용,남,47세,경상
2017121900100568,2017년 12월 19일 22시,화요일,전라남도 목포시 대성동,경상사고,0,0,2,0,차대차 - 기타,신호위반,건조,맑음,교차로 - 교차로안,이륜,남,16세,경상,승용,남,66세,경상
2017121900100569,2017년 12월 19일 22시,화요일,전라남도 순천시 주암면,중상사고,0,1,0,0,차량단독 - 공작물충돌,안전운전불이행,건조,맑음,단일로 - 기타,승용,여,40세,상해없음,,,,
2017121900100595,2017년 12월 19일 23시,화요일,전라남도 순천시 연향동,중상사고,0,2,1,0,차대차 - 측면충돌,신호위반,건조,맑음,교차로 - 교차로안,승용,여,54세,경상,승용,남,41세,중상
2017122000100051,2017년 12월 20일 00시,수요일,전라남도 순천시 조례동,경상사고,0,0,2,0,차대차 - 측면충돌,직진우회전진행방해,건조,맑음,교차로 - 교차로안,승용,남,24세,상해없음,승용,남,61세,경상
2017122000100168,2017년 12월 20일 08시,수요일,전라남도 순천시 매곡동,경상사고,0,0,1,0,차대사람 - 기타,안전운전불이행,건조,맑음,교차로 - 교차로부근,화물,남,35세,상해없음,보행자,여,57세,경상
2017122000100169,2017년 12월 20일 08시,수요일,전라남도 순천시 풍덕동,경상사고,0,0,2,0,차대차 - 측면충돌,직진우회전진행방해,건조,맑음,교차로 - 교차로안,승용,여,34세,경상,승용,여,37세,경상
2017122000100170,2017년 12월 20일 08시,수요일,전라남도 나주시 빛가람동,경상사고,0,0,1,0,차대차 - 기타,신호위반,건조,맑음,교차로 - 교차로안,자전거,남,12세,경상,승용,여,54세,상해없음
2017122000100171,2017년 12월 20일 08시,수요일,전라남도 담양군 담양읍,경상사고,0,0,2,0,차대차 - 측면충돌,직진우회전진행방해,건조,맑음,교차로 - 교차로안,승용,여,50세,경상,승용,여,40세,경상
2017122000100209,2017년 12월 20일 09시,수요일,전라남도 목포시 용해동,경상사고,0,0,1,0,차대차 - 기타,교차로운행방법위반,건조,맑음,교차로 - 교차로부근,승용,남,57세,상해없음,승용,여,52세,경상
2017122000100237,2017년 12월 20일 10시,수요일,전라남도 고흥군 두원면,경상사고,0,0,1,0,차량단독 - 공작물충돌,안전운전불이행,서리/결빙,눈,단일로 - 기타,화물,남,31세,경상,,,,
2017122000100267,2017년 12월 20일 11시,수요일,전라남도 신안군 자은면,중상사고,0,2,0,0,차대차 - 기타,중앙선침범,건조,맑음,단일로 - 기타,화물,남,71세,상해없음,사륜오토바이(ATV),남,70세,중상
2017122000100268,2017년 12월 20일 11시,수요일,전라남도 여수시 학동,경상사고,0,0,1,0,차대사람 - 차도통행중,안전운전불이행,건조,맑음,교차로 - 교차로부근,승용,남,54세,상해없음,보행자,여,58세,경상
2017122000100321,2017년 12월 20일 13시,수요일,전라남도 영암군 영암읍,중상사고,0,1,0,0,차대사람 - 기타,안전운전불이행,건조,맑음,단일로 - 기타,화물,남,52세,상해없음,보행자,여,75세,중상
2017122000100322,2017년 12월 20일 13시,수요일,전라남도 진도군 진도읍,사망사고,1,0,0,0,차대사람 - 횡단중,안전운전불이행,건조,맑음,단일로 - 기타,승용,여,37세,상해없음,보행자,남,7세,사망
2017122000100355,2017년 12월 20일 14시,수요일,전라남도 여수시 중앙동,경상사고,0,0,1,0,차대차 - 측면충돌,안전운전불이행,건조,맑음,교차로 - 교차로안,승용,남,58세,상해없음,승용,여,26세,경상
2017122000100386,2017년 12월 20일 15시,수요일,전라남도 여수시 문수동,경상사고,0,0,1,0,차대차 - 측면충돌,교차로운행방법위반,건조,맑음,교차로 - 교차로안,원동기,여,54세,경상,승합,남,64세,상해없음
2017122000100387,2017년 12월 20일 15시,수요일,전라남도 나주시 세지면,경상사고,0,0,1,0,차대차 - 추돌,안전운전불이행,건조,맑음,단일로 - 기타,화물,남,57세,상해없음,승용,남,65세,상해없음
2017122000100411,2017년 12월 20일 16시,수요일,전라남도 무안군 무안읍,중상사고,0,1,0,0,차대사람 - 기타,안전운전불이행,건조,맑음,단일로 - 기타,승용,남,20세,상해없음,보행자,여,44세,중상
2017122000100496,2017년 12월 20일 18시,수요일,전라남도 목포시 산정동,중상사고,0,1,0,0,차대사람 - 횡단중,안전운전불이행,건조,맑음,단일로 - 기타,승용,남,74세,상해없음,보행자,여,62세,중상
2017122000100497,2017년 12월 20일 18시,수요일,전라남도 해남군 산이면,경상사고,0,0,1,0,차대차 - 기타,교차로운행방법위반,건조,맑음,교차로 - 교차로안,화물,남,54세,상해없음,승용,남,45세,경상
2017122000100498,2017년 12월 20일 18시,수요일,전라남도 광양시 광양읍,경상사고,0,0,1,0,차대차 - 추돌,안전운전불이행,건조,맑음,단일로 - 기타,승용,남,61세,상해없음,승용,남,44세,경상
2017122000100499,2017년 12월 20일 18시,수요일,전라남도 광양시 광양읍,경상사고,0,0,4,0,차대차 - 추돌,안전운전불이행,건조,맑음,교차로 - 교차로부근,승합,남,58세,상해없음,승용,남,22세,경상
2017122000100557,2017년 12월 20일 19시,수요일,전라남도 신안군 암태면,중상사고,0,1,0,0,차량단독 - 공작물충돌,안전운전불이행,젖음/습기,비,단일로 - 기타,승용,남,48세,중상,,,,
2017122000100558,2017년 12월 20일 19시,수요일,전라남도 순천시 서면,중상사고,0,1,2,0,차대차 - 측면충돌,안전거리미확보,건조,맑음,단일로 - 기타,승용,남,62세,중상,승용,남,56세,경상
2017122000100559,2017년 12월 20일 19시,수요일,전라남도 순천시 매곡동,경상사고,0,0,2,0,차대차 - 측면충돌,기타,건조,맑음,기타 - 기타,화물,남,55세,상해없음,승용,남,38세,경상
2017122000100560,2017년 12월 20일 19시,수요일,전라남도 광양시 광양읍,경상사고,0,0,1,0,차대차 - 측면충돌,교차로운행방법위반,건조,맑음,교차로 - 교차로안,승용,남,54세,상해없음,승용,남,38세,경상
2017122000100602,2017년 12월 20일 20시,수요일,전라남도 해남군 황산면,경상사고,0,0,1,0,차량단독 - 전도전복,안전운전불이행,건조,맑음,단일로 - 기타,승용,여,62세,상해없음,미분류,미분류,미분류,미분류
2017122000100651,2017년 12월 20일 22시,수요일,전라남도 광양시 성황동,경상사고,0,0,1,0,차대차 - 추돌,신호위반,건조,맑음,교차로 - 교차로부근,승용,여,40세,상해없음,승용,여,33세,경상
2017122000100683,2017년 12월 20일 23시,수요일,전라남도 무안군 삼향읍,경상사고,0,0,1,0,차대차 - 기타,신호위반,건조,맑음,교차로 - 교차로안,승합,남,20세,상해없음,승용,남,26세,경상
2017122000100684,2017년 12월 20일 23시,수요일,전라남도 광양시 옥룡면,경상사고,0,0,2,0,차대차 - 측면충돌,교차로운행방법위반,건조,맑음,교차로 - 교차로안,승용,남,59세,상해없음,승용,남,63세,경상
2017122100100039,2017년 12월 21일 00시,목요일,전라남도 완도군 완도읍,경상사고,0,0,1,0,차대차 - 추돌,안전운전불이행,건조,맑음,기타 - 기타,승용,남,27세,상해없음,승용,남,71세,경상
2017122100100051,2017년 12월 21일 01시,목요일,전라남도 영암군 삼호읍,경상사고,0,0,2,0,차량단독 - 도로외이탈 - 기타,안전운전불이행,젖음/습기,흐림,단일로 - 기타,승용,남,36세,경상,,,,
2017122100100065,2017년 12월 21일 02시,목요일,전라남도 광양시 진월면,중상사고,0,1,0,0,차량단독 - 도로외이탈 - 기타,안전운전불이행,건조,맑음,교차로 - 교차로부근,승용,남,30세,중상,,,,
2017122100100073,2017년 12월 21일 03시,목요일,전라남도 고흥군 풍양면,중상사고,0,1,1,0,차량단독 - 공작물충돌,안전운전불이행,서리/결빙,비,단일로 - 기타,화물,남,56세,경상,,,,
2017122100100101,2017년 12월 21일 06시,목요일,전라남도 해남군 문내면,경상사고,0,0,6,0,차대차 - 추돌,안전운전불이행,서리/결빙,눈,단일로 - 기타,승용,남,63세,경상,승합,남,52세,경상
2017122100100126,2017년 12월 21일 07시,목요일,전라남도 여수시 돌산읍,중상사고,0,1,0,0,차량단독 - 공작물충돌,안전운전불이행,서리/결빙,흐림,단일로 - 기타,승용,남,22세,중상,,,,
2017122100100127,2017년 12월 21일 07시,목요일,전라남도 장흥군 안양면,경상사고,0,0,1,0,차량단독 - 전도전복 - 전도,안전운전불이행,서리/결빙,안개,단일로 - 기타,이륜,남,78세,경상,,,,
2017122100100128,2017년 12월 21일 07시,목요일,전라남도 해남군 화원면,경상사고,0,0,2,0,차대차 - 기타,안전운전불이행,건조,맑음,단일로 - 기타,화물,여,57세,경상,승용,남,43세,상해없음
2017122100100129,2017년 12월 21일 07시,목요일,전라남도 해남군 화원면,중상사고,0,2,0,0,차대차 - 추돌,안전운전불이행,젖음/습기,눈,단일로 - 기타,승용,여,28세,중상,승용,남,60세,중상
2017122100100130,2017년 12월 21일 07시,목요일,전라남도 해남군 화원면,중상사고,0,2,0,0,차량단독 - 기타,안전운전불이행,서리/결빙,눈,단일로 - 기타,화물,남,60세,중상,,,,
2017122100100157,2017년 12월 21일 08시,목요일,전라남도 목포시 석현동,경상사고,0,0,1,0,차대차 - 기타,안전운전불이행,건조,맑음,단일로 - 기타,화물,남,40세,상해없음,승용,남,36세,경상
2017122100100158,2017년 12월 21일 08시,목요일,전라남도 장흥군 회진면,경상사고,0,0,2,0,차대차 - 정면충돌,안전운전불이행,서리/결빙,맑음,단일로 - 기타,화물,여,51세,경상,화물,남,60세,경상
2017122100100159,2017년 12월 21일 08시,목요일,전라남도 강진군 칠량면,경상사고,0,0,1,0,차량단독 - 기타,안전운전불이행,서리/결빙,맑음,단일로 - 기타,승용,남,35세,경상,,,,
2017122100100202,2017년 12월 21일 09시,목요일,전라남도 순천시 용당동,경상사고,0,0,2,0,차대차 - 측면충돌,교차로운행방법위반,건조,맑음,교차로 - 교차로안,승용,여,54세,상해없음,승용,여,43세,경상
2017122100100203,2017년 12월 21일 09시,목요일,전라남도 고흥군 포두면,경상사고,0,0,6,1,차량단독 - 공작물충돌,안전운전불이행,서리/결빙,눈,단일로 - 기타,기타불명,남,21세,경상,,,,
2017122100100204,2017년 12월 21일 09시,목요일,전라남도 고흥군 도덕면,사망사고,1,1,1,0,차대차 - 정면충돌,중앙선침범,서리/결빙,눈,단일로 - 기타,화물,남,59세,사망,화물,여,52세,중상
2017122100100205,2017년 12월 21일 09시,목요일,전라남도 완도군 군외면,중상사고,0,1,1,0,차대차 - 정면충돌,안전운전불이행,서리/결빙,흐림,단일로 - 기타,화물,남,57세,중상,화물,남,67세,경상
2017122100100206,2017년 12월 21일 09시,목요일,전라남도 완도군 군외면,중상사고,0,1,0,0,차대차 - 기타,안전운전불이행,서리/결빙,흐림,단일로 - 기타,특수,남,52세,상해없음,화물,남,57세,중상
2017122100100239,2017년 12월 21일 10시,목요일,전라남도 순천시 남정동,중상사고,0,1,1,0,차대차 - 측면충돌,직진우회전진행방해,건조,맑음,교차로 - 교차로안,승용,남,73세,상해없음,이륜,남,79세,중상
2017122100100240,2017년 12월 21일 10시,목요일,전라남도 보성군 회천면,중상사고,0,1,1,0,차량단독 - 기타,안전운전불이행,서리/결빙,맑음,단일로 - 기타,승용,남,58세,중상,,,,
2017122100100272,2017년 12월 21일 11시,목요일,전라남도 목포시 산정동,경상사고,0,0,1,0,차대차 - 기타,안전운전불이행,건조,맑음,단일로 - 기타,승용,남,48세,상해없음,승용,남,60세,경상
2017122100100273,2017년 12월 21일 11시,목요일,전라남도 보성군 미력면,경상사고,0,0,1,0,차대차 - 정면충돌,중앙선침범,서리/결빙,맑음,단일로 - 기타,화물,남,62세,상해없음,승용,남,45세,경상
2017122100100274,2017년 12월 21일 11시,목요일,전라남도 보성군 미력면,중상사고,0,1,1,0,차대차 - 추돌,안전운전불이행,젖음/습기,맑음,단일로 - 기타,승용,남,24세,상해없음,승용,여,43세,경상
2017122100100318,2017년 12월 21일 13시,목요일,전라남도 고흥군 대서면,중상사고,0,1,0,0,차량단독 - 공작물충돌,안전운전불이행,서리/결빙,눈,단일로 - 기타,화물,여,60세,중상,,,,
2017122100100319,2017년 12월 21일 13시,목요일,전라남도 함평군 신광면,경상사고,0,0,2,0,차량단독 - 전도전복,안전운전불이행,건조,맑음,단일로 - 기타,화물,남,61세,경상,미분류,미분류,미분류,미분류
2017122100100320,2017년 12월 21일 13시,목요일,전라남도 담양군 담양읍,경상사고,0,0,1,0,차대차 - 측면충돌,안전운전불이행,건조,맑음,교차로 - 교차로횡단보도내,승용,여,40세,상해없음,자전거,남,65세,경상
2017122100100345,2017년 12월 21일 14시,목요일,전라남도 광양시 옥곡면,경상사고,0,0,2,0,차대차 - 측면충돌,직진우회전진행방해,건조,맑음,교차로 - 교차로안,화물,남,30세,경상,승용,남,62세,경상
2017122100100365,2017년 12월 21일 15시,목요일,전라남도 여수시 웅천동,경상사고,0,0,1,0,차대차 - 기타,직진우회전진행방해,건조,맑음,교차로 - 교차로안,화물,남,31세,상해없음,승용,남,32세,경상
2017122100100404,2017년 12월 21일 16시,목요일,전라남도 순천시 남정동,경상사고,0,0,1,0,차대사람 - 기타,안전운전불이행,건조,맑음,단일로 - 기타,승용,여,58세,상해없음,보행자,남,45세,경상
2017122100100405,2017년 12월 21일 16시,목요일,전라남도 장흥군 관산읍,중상사고,0,1,0,0,차량단독 - 전도전복,안전운전불이행,서리/결빙,흐림,단일로 - 기타,화물,남,76세,중상,미분류,미분류,미분류,미분류
2017122100100406,2017년 12월 21일 16시,목요일,전라남도 고흥군 고흥읍,경상사고,0,0,3,0,차대차 - 측면충돌,안전운전불이행,건조,맑음,단일로 - 기타,화물,남,57세,경상,화물,남,56세,경상
2017122100100407,2017년 12월 21일 16시,목요일,전라남도 광양시 광양읍,경상사고,0,0,1,0,차대사람 - 횡단중,보행자보호의무위반,건조,맑음,교차로 - 교차로횡단보도내,승용,여,55세,상해없음,보행자,여,14세,경상