사고번호,사고일시,요일,시군구,사고내용,사망자수,중상자수,경상자수,부상신고자수,사고유형,법규위반,노면상태,기상상태,도로형태,가해운전자 차종,가해운전자 성별,가해운전자 연령,가해운전자 상해정도,피해운전자 차종,피해운전자 성별,피해운전자 연령,피해운전자 상해정도
2017122700100126,2017년 12월 27일 08시,수요일,전라남도 여수시 봉계동,경상사고,0,0,1,0,차대차 - 측면충돌,안전운전불이행,건조,맑음,교차로 - 교차로안,승합,남,64세,상해없음,승용,남,34세,경상
2017122700100148,2017년 12월 27일 09시,수요일,전라남도 목포시 옥암동,중상사고,0,1,1,0,차대차 - 기타,직진우회전진행방해,건조,맑음,교차로 - 교차로안,기타불명,기타불명,미분류,기타불명,승합,남,49세,상해없음
2017122700100170,2017년 12월 27일 10시,수요일,전라남도 여수시 문수동,중상사고,0,1,0,0,차대사람 - 길가장자리구역통행중,안전운전불이행,건조,맑음,단일로 - 기타,승용,여,39세,상해없음,보행자,남,9세,중상
2017122700100171,2017년 12월 27일 10시,수요일,전라남도 무안군 무안읍,경상사고,0,0,1,0,차대차 - 측면충돌,안전운전불이행,건조,맑음,단일로 - 기타,승용,남,58세,상해없음,승용,여,49세,경상
2017122700100198,2017년 12월 27일 11시,수요일,전라남도 목포시 연산동,경상사고,0,0,2,0,차대차 - 추돌,안전운전불이행,건조,맑음,단일로 - 기타,승용,여,57세,상해없음,승용,여,52세,경상
2017122700100199,2017년 12월 27일 11시,수요일,전라남도 목포시 상동,경상사고,0,0,1,0,차대사람 - 횡단중,보행자보호의무위반,건조,맑음,단일로 - 기타,이륜,남,35세,상해없음,보행자,여,51세,경상
2017122700100200,2017년 12월 27일 11시,수요일,전라남도 목포시 상동,경상사고,0,0,2,0,차대차 - 측면충돌,안전운전불이행,건조,맑음,단일로 - 기타,승용,여,43세,경상,이륜,남,16세,경상
2017122700100201,2017년 12월 27일 11시,수요일,전라남도 여수시 교동,경상사고,0,0,1,0,차대사람 - 차도통행중,안전운전불이행,건조,맑음,교차로 - 교차로안,화물,남,71세,상해없음,보행자,여,70세,경상
2017122700100202,2017년 12월 27일 11시,수요일,전라남도 무안군 삼향읍,경상사고,0,0,1,0,차대사람 - 기타,안전운전불이행,건조,맑음,기타 - 기타,승용,남,46세,상해없음,보행자,남,50세,경상
2017122700100225,2017년 12월 27일 12시,수요일,전라남도 순천시 해룡면,경상사고,0,0,1,0,차대차 - 추돌,안전거리미확보,건조,맑음,교차로 - 교차로부근,화물,남,43세,상해없음,승용,여,61세,경상
2017122700100249,2017년 12월 27일 13시,수요일,전라남도 목포시 용당동,경상사고,0,0,1,0,차대사람 - 기타,안전운전불이행,건조,맑음,단일로 - 기타,승용,남,35세,상해없음,보행자,여,17세,경상
2017122700100250,2017년 12월 27일 13시,수요일,전라남도 순천시 조례동,중상사고,0,1,0,0,차대사람 - 횡단중,보행자보호의무위반,건조,맑음,교차로 - 교차로횡단보도내,화물,남,59세,상해없음,보행자,여,28세,중상
2017122700100251,2017년 12월 27일 13시,수요일,전라남도 장흥군 장동면,경상사고,0,0,1,0,차대차 - 추돌,안전운전불이행,건조,맑음,단일로 - 기타,승용,남,37세,상해없음,화물,남,75세,경상
2017122700100276,2017년 12월 27일 14시,수요일,전라남도 순천시 풍덕동,경상사고,0,0,2,0,차대차 - 측면충돌,교차로운행방법위반,건조,맑음,교차로 - 교차로안,화물,남,58세,경상,원동기,남,25세,경상
2017122700100277,2017년 12월 27일 14시,수요일,전라남도 무안군 청계면,경상사고,0,0,2,0,차대차 - 측면충돌,직진우회전진행방해,건조,맑음,교차로 - 교차로부근,화물,남,75세,상해없음,승용,여,46세,경상
2017122700100305,2017년 12월 27일 15시,수요일,전라남도 화순군 화순읍,경상사고,0,0,1,0,차대차 - 측면충돌,안전운전불이행,건조,맑음,단일로 - 기타,이륜,남,22세,경상,승용,여,45세,상해없음
2017122700100331,2017년 12월 27일 16시,수요일,전라남도 나주시 반남면,경상사고,0,0,1,0,차대차 - 추돌,안전거리미확보,건조,맑음,교차로 - 교차로부근,화물,남,54세,상해없음,승용,남,88세,경상
2017122700100332,2017년 12월 27일 16시,수요일,전라남도 영암군 삼호읍,경상사고,0,0,1,0,차대차 - 측면충돌,중앙선침범,건조,맑음,교차로 - 교차로부근,원동기,남,74세,상해없음,승용,여,57세,경상
2017122700100367,2017년 12월 27일 17시,수요일,전라남도 여수시 돌산읍,경상사고,0,0,1,0,차대차 - 측면충돌,안전운전불이행,건조,맑음,교차로 - 교차로안,화물,남,46세,상해없음,화물,남,53세,경상
2017122700100368,2017년 12월 27일 17시,수요일,전라남도 담양군 고서면,경상사고,0,0,1,0,차대차 - 측면충돌,불법유턴,건조,맑음,교차로 - 교차로부근,화물,남,53세,상해없음,화물,남,67세,경상
2017122700100410,2017년 12월 27일 18시,수요일,전라남도 해남군 삼산면,중상사고,0,1,0,0,차대차 - 추돌,안전운전불이행,건조,맑음,단일로 - 기타,승용,남,52세,중상,화물,남,61세,상해없음
2017122700100447,2017년 12월 27일 19시,수요일,전라남도 화순군 도암면,경상사고,0,0,1,1,차대차 - 추돌,중앙선침범,건조,맑음,교차로 - 교차로부근,화물,남,45세,경상,화물,남,32세,상해없음
2017122700100485,2017년 12월 27일 20시,수요일,전라남도 나주시 왕곡면,중상사고,0,1,0,0,차대사람 - 기타,안전운전불이행,건조,맑음,단일로 - 기타,자전거,남,49세,상해없음,보행자,남,56세,중상
2017122700100486,2017년 12월 27일 20시,수요일,전라남도 장흥군 장흥읍,경상사고,0,0,1,0,차대사람 - 차도통행중,안전운전불이행,건조,맑음,단일로 - 기타,승용,여,47세,상해없음,보행자,남,13세,경상
2017122700100504,2017년 12월 27일 21시,수요일,전라남도 목포시 상동,경상사고,0,0,1,0,차대사람 - 횡단중,안전운전불이행,건조,맑음,단일로 - 기타,이륜,남,22세,상해없음,보행자,여,54세,경상
2017122700100505,2017년 12월 27일 21시,수요일,전라남도 여수시 학동,경상사고,0,0,1,0,차대사람 - 횡단중,안전운전불이행,건조,맑음,단일로 - 기타,승용,여,49세,상해없음,보행자,남,36세,경상
2017122700100506,2017년 12월 27일 21시,수요일,전라남도 여수시 신기동,중상사고,0,1,0,0,차대차 - 기타,안전운전불이행,건조,맑음,단일로 - 기타,승용,남,51세,상해없음,이륜,남,44세,중상
2017122700100507,2017년 12월 27일 21시,수요일,전라남도 광양시 마동,경상사고,0,0,1,0,차대차 - 추돌,안전운전불이행,건조,맑음,교차로 - 교차로부근,승용,남,28세,경상,특수,남,53세,상해없음
2017122700100536,2017년 12월 27일 22시,수요일,전라남도 목포시 상동,경상사고,0,0,1,0,차대차 - 추돌,안전운전불이행,건조,맑음,단일로 - 기타,승용,남,54세,상해없음,승용,여,44세,경상
2017122700100566,2017년 12월 27일 23시,수요일,전라남도 목포시 산정동,경상사고,0,0,1,0,차대차 - 추돌,안전운전불이행,건조,맑음,교차로 - 교차로부근,승용,남,30세,상해없음,승용,여,30세,경상
2017122800100053,2017년 12월 28일 01시,목요일,전라남도 광양시 중동,경상사고,0,0,2,0,차대차 - 추돌,안전운전불이행,건조,맑음,교차로 - 교차로부근,승용,남,35세,상해없음,승용,남,40세,경상
2017122800100075,2017년 12월 28일 04시,목요일,전라남도 여수시 여서동,중상사고,0,1,1,0,차대차 - 추돌,안전운전불이행,건조,맑음,교차로 - 교차로부근,승용,남,44세,상해없음,승합,남,44세,경상
2017122800100167,2017년 12월 28일 10시,목요일,전라남도 강진군 마량면,경상사고,0,0,1,0,차대차 - 측면충돌,직진우회전진행방해,건조,맑음,교차로 - 교차로안,사륜오토바이(ATV),여,74세,경상,화물,남,55세,상해없음
2017122800100168,2017년 12월 28일 10시,목요일,전라남도 구례군 구례읍,경상사고,0,0,1,0,차대차 - 측면충돌,안전거리미확보,건조,맑음,교차로 - 교차로안,이륜,남,88세,경상,화물,여,42세,상해없음
2017122800100188,2017년 12월 28일 11시,목요일,전라남도 광양시 광양읍,사망사고,1,0,0,0,차량단독 - 전도전복,안전운전불이행,건조,맑음,교차로 - 교차로안,화물,남,69세,사망,미분류,미분류,미분류,미분류
2017122800100212,2017년 12월 28일 12시,목요일,전라남도 여수시 광무동,경상사고,0,0,2,0,차대차 - 추돌,안전운전불이행,건조,맑음,단일로 - 기타,승용,남,34세,상해없음,승용,여,56세,경상
2017122800100213,2017년 12월 28일 12시,목요일,전라남도 광양시 옥곡면,경상사고,0,0,1,0,차대차 - 기타,안전운전불이행,건조,맑음,단일로 - 기타,화물,남,49세,상해없음,승용,남,36세,경상
2017122800100232,2017년 12월 28일 13시,목요일,전라남도 목포시 상동,경상사고,0,0,1,0,차대차 - 측면충돌,중앙선침범,건조,맑음,단일로 - 기타,승용,남,24세,상해없음,승용,여,50세,경상
2017122800100233,2017년 12월 28일 13시,목요일,전라남도 보성군 벌교읍,중상사고,0,1,2,0,차대차 - 측면충돌,교차로운행방법위반,건조,맑음,교차로 - 교차로안,자전거,남,75세,중상,승용,남,61세,경상
2017122800100275,2017년 12월 28일 15시,목요일,전라남도 무안군 무안읍,경상사고,0,0,4,0,차대차 - 기타,안전운전불이행,건조,맑음,단일로 - 터널,승용,여,27세,상해없음,승용,남,34세,경상
2017122800100276,2017년 12월 28일 15시,목요일,전라남도 여수시 화장동,경상사고,0,0,2,0,차대차 - 측면충돌,교차로운행방법위반,건조,맑음,교차로 - 교차로안,승용,여,39세,경상,승용,남,44세,경상
2017122800100310,2017년 12월 28일 16시,목요일,전라남도 영암군 삼호읍,경상사고,0,0,1,0,차대사람 - 횡단중,보행자보호의무위반,건조,맑음,교차로 - 교차로횡단보도내,승용,여,54세,상해없음,보행자,여,11세,경상
2017122800100340,2017년 12월 28일 17시,목요일,전라남도 순천시 조례동,중상사고,0,1,0,0,차대사람 - 횡단중,보행자보호의무위반,건조,맑음,교차로 - 교차로안,승용,여,53세,상해없음,보행자,여,13세,중상
2017122800100391,2017년 12월 28일 18시,목요일,전라남도 목포시 옥암동,경상사고,0,0,2,0,차대차 - 추돌,안전운전불이행,건조,맑음,단일로 - 터널,승용,남,62세,상해없음,승용,여,47세,경상
2017122800100392,2017년 12월 28일 18시,목요일,전라남도 광양시 중동,경상사고,0,0,1,0,차대차 - 측면충돌,교차로운행방법위반,건조,맑음,교차로 - 교차로부근,승용,여,26세,상해없음,원동기,남,20세,경상
2017122800100424,2017년 12월 28일 19시,목요일,전라남도 나주시 용산동,중상사고,0,3,0,0,차대차 - 정면충돌,중앙선침범,건조,맑음,단일로 - 기타,승용,남,57세,중상,승용,남,36세,중상
2017122800100425,2017년 12월 28일 19시,목요일,전라남도 영광군 영광읍,부상신고사고,0,0,0,1,차대사람 - 길가장자리구역통행중,안전운전불이행,건조,맑음,단일로 - 기타,승용,여,24세,상해없음,보행자,여,16세,부상신고
2017122800100503,2017년 12월 28일 22시,목요일,전라남도 목포시 석현동,중상사고,0,3,3,0,차대차 - 측면충돌,안전운전불이행,건조,맑음,단일로 - 기타,승용,남,23세,경상,승용,남,51세,중상
2017122800100533,2017년 12월 28일 23시,목요일,전라남도 영광군 영광읍,경상사고,0,0,4,0,차대차 - 정면충돌,중앙선침범,건조,맑음,단일로 - 고가도로위,승용,남,54세,경상,승용,남,61세,경상
2017122900100041,2017년 12월 29일 00시,금요일,전라남도 영암군 삼호읍,사망사고,1,0,1,0,차대사람 - 차도통행중,과속,건조,맑음,단일로 - 기타,승용,남,37세,상해없음,보행자,남,35세,사망
2017122900100064,2017년 12월 29일 01시,금요일,전라남도 순천시 조례동,경상사고,0,0,2,0,차대차 - 측면충돌,신호위반,건조,맑음,교차로 - 교차로안,승용,남,23세,상해없음,승용,남,65세,경상
2017122900100103,2017년 12월 29일 05시,금요일,전라남도 영암군 삼호읍,경상사고,0,0,1,0,차량단독 - 공작물충돌,안전운전불이행,건조,맑음,단일로 - 기타,화물,남,48세,경상,,,,
2017122900100115,2017년 12월 29일 06시,금요일,전라남도 여수시 연등동,중상사고,0,1,0,0,차대차 - 측면충돌,안전운전불이행,건조,맑음,교차로 - 교차로안,승합,남,49세,상해없음,승용,남,73세,중상
2017122900100137,2017년 12월 29일 07시,금요일,전라남도 순천시 조곡동,중상사고,0,1,0,0,차량단독 - 전도전복,안전운전불이행,건조,맑음,단일로 - 기타,이륜,남,68세,상해없음,미분류,미분류,미분류,미분류
2017122900100165,2017년 12월 29일 08시,금요일,전라남도 고흥군 포두면,중상사고,0,1,0,0,차대차 - 추돌,안전운전불이행,건조,맑음,단일로 - 기타,승용,남,59세,상해없음,농기계,남,77세,중상
2017122900100189,2017년 12월 29일 09시,금요일,전라남도 영암군 신북면,중상사고,0,2,2,0,차량단독 - 공작물충돌,안전운전불이행,건조,맑음,교차로 - 교차로안,승합,여,59세,경상,,,,
2017122900100236,2017년 12월 29일 11시,금요일,전라남도 영광군 백수읍,경상사고,0,0,1,0,차대사람 - 기타,안전운전불이행,건조,맑음,단일로 - 기타,화물,남,47세,상해없음,보행자,여,80세,경상
2017122900100237,2017년 12월 29일 11시,금요일,전라남도 무안군 삼향읍,경상사고,0,0,4,0,차대차 - 측면충돌,안전거리미확보,건조,맑음,교차로 - 교차로안,승합,남,58세,경상,승용,남,44세,경상
2017122900100272,2017년 12월 29일 12시,금요일,전라남도 나주시 과원동,중상사고,0,1,1,0,차대차 - 측면충돌,교차로운행방법위반,건조,맑음,교차로 - 교차로안,승용,남,72세,상해없음,승용,남,45세,경상
2017122900100273,2017년 12월 29일 12시,금요일,전라남도 해남군 산이면,경상사고,0,0,1,0,차대차 - 측면충돌,안전운전불이행,건조,맑음,단일로 - 기타,화물,남,80세,상해없음,승용,여,52세,경상
2017122900100291,2017년 12월 29일 13시,금요일,전라남도 여수시 돌산읍,중상사고,0,1,0,0,차대사람 - 횡단중,안전운전불이행,건조,맑음,교차로 - 교차로횡단보도내,승용,남,58세,상해없음,보행자,남,7세,중상
2017122900100292,2017년 12월 29일 13시,금요일,전라남도 영암군 삼호읍,경상사고,0,0,2,0,차대차 - 추돌,안전운전불이행,건조,맑음,교차로 - 교차로부근,승용,남,60세,상해없음,승용,여,51세,경상
2017122900100293,2017년 12월 29일 13시,금요일,전라남도 담양군 무정면,경상사고,0,0,1,0,차대차 - 기타,직진우회전진행방해,건조,맑음,교차로 - 교차로부근,원동기,남,71세,경상,건설기계,남,49세,상해없음
2017122900100348,2017년 12월 29일 15시,금요일,전라남도 목포시 남교동,중상사고,0,1,0,0,차대사람 - 기타,안전운전불이행,건조,맑음,단일로 - 기타,승합,여,46세,상해없음,보행자,남,50세,중상
2017122900100385,2017년 12월 29일 16시,금요일,전라남도 나주시 운곡동,부상신고사고,0,0,0,1,차대사람 - 횡단중,안전운전불이행,건조,맑음,단일로 - 기타,화물,남,44세,상해없음,보행자,남,55세,부상신고
2017122900100416,2017년 12월 29일 17시,금요일,전라남도 나주시 용산동,경상사고,0,0,1,0,차대차 - 측면충돌,안전거리미확보,건조,맑음,교차로 - 교차로부근,승용,여,55세,경상,승용,남,56세,상해없음
2017122900100417,2017년 12월 29일 17시,금요일,전라남도 나주시 산포면,부상신고사고,0,0,0,2,차대차 - 정면충돌,중앙선침범,건조,맑음,단일로 - 기타,승용,여,44세,부상신고,승용,남,57세,부상신고
2017122900100418,2017년 12월 29일 17시,금요일,전라남도 장성군 북이면,경상사고,0,0,1,0,차대차 - 측면충돌,직진우회전진행방해,건조,맑음,단일로 - 기타,승용,남,39세,상해없음,자전거,남,18세,경상
2017122900100483,2017년 12월 29일 18시,금요일,전라남도 목포시 용해동,경상사고,0,0,1,0,차대사람 - 횡단중,신호위반,건조,맑음,단일로 - 기타,화물,남,51세,상해없음,보행자,남,25세,경상
2017122900100484,2017년 12월 29일 18시,금요일,전라남도 목포시 상동,경상사고,0,0,1,0,차대차 - 측면충돌,신호위반,건조,맑음,교차로 - 교차로안,승용,여,57세,상해없음,이륜,남,23세,경상
2017122900100485,2017년 12월 29일 18시,금요일,전라남도 나주시 금천면,부상신고사고,0,0,0,1,차대차 - 추돌,안전운전불이행,건조,맑음,단일로 - 기타,화물,남,57세,상해없음,승용,여,36세,부상신고
2017122900100486,2017년 12월 29일 18시,금요일,전라남도 영암군 덕진면,사망사고,1,1,2,0,차대사람 - 기타,안전운전불이행,건조,맑음,교차로 - 교차로안,승용,남,41세,경상,보행자,남,50세,사망
2017122900100487,2017년 12월 29일 18시,금요일,전라남도 광양시 중동,중상사고,0,1,1,0,차대차 - 측면충돌,신호위반,건조,맑음,교차로 - 교차로안,승용,남,70세,상해없음,승합,남,60세,경상
2017122900100532,2017년 12월 29일 19시,금요일,전라남도 신안군 지도읍,경상사고,0,0,2,0,차대차 - 측면충돌,중앙선침범,건조,맑음,단일로 - 기타,승용,남,63세,상해없음,승용,여,31세,경상
2017122900100533,2017년 12월 29일 19시,금요일,전라남도 여수시 신기동,경상사고,0,0,1,0,차대사람 - 횡단중,신호위반,건조,맑음,교차로 - 교차로횡단보도내,승용,남,62세,상해없음,보행자,여,14세,경상
2017122900100534,2017년 12월 29일 19시,금요일,전라남도 여수시 학동,중상사고,0,1,0,0,차대차 - 측면충돌,교차로운행방법위반,건조,맑음,교차로 - 교차로안,승합,남,55세,상해없음,승용,남,28세,중상
2017122900100572,2017년 12월 29일 20시,금요일,전라남도 함평군 학교면,경상사고,0,0,1,0,차대사람 - 횡단중,안전운전불이행,건조,맑음,단일로 - 기타,승용,남,36세,상해없음,보행자,남,57세,경상
2017122900100610,2017년 12월 29일 21시,금요일,전라남도 여수시 웅천동,경상사고,0,0,1,0,차대차 - 측면충돌,교차로운행방법위반,건조,맑음,교차로 - 교차로안,승용,남,45세,상해없음,승용,남,50세,상해없음
2017122900100611,2017년 12월 29일 21시,금요일,전라남도 순천시 중앙동,중상사고,0,1,0,0,차대차 - 측면충돌,안전운전불이행,건조,맑음,교차로 - 교차로안,이륜,남,17세,상해없음,이륜,남,60세,중상
2017122900100612,2017년 12월 29일 21시,금요일,전라남도 광양시 옥룡면,경상사고,0,0,1,0,차대차 - 정면충돌,중앙선침범,건조,맑음,단일로 - 기타,승용,남,26세,상해없음,승용,여,48세,경상
2017122900100656,2017년 12월 29일 22시,금요일,전라남도 여수시 여천동,경상사고,0,0,2,0,차대차 - 추돌,안전운전불이행,건조,맑음,단일로 - 기타,승용,남,44세,상해없음,승용,남,47세,경상
2017122900100657,2017년 12월 29일 22시,금요일,전라남도 광양시 광양읍,경상사고,0,0,1,0,차대차 - 추돌,안전거리미확보,건조,맑음,단일로 - 기타,승용,남,47세,상해없음,승용,여,55세,경상
2017123000100037,2017년 12월 30일 00시,토요일,전라남도 목포시 용당동,중상사고,0,1,0,0,차대차 - 측면충돌,안전운전불이행,건조,흐림,단일로 - 기타,승용,남,38세,상해없음,이륜,남,22세,중상
2017123000100038,2017년 12월 30일 00시,토요일,전라남도 화순군 화순읍,경상사고,0,0,1,0,차대차 - 측면충돌,안전거리미확보,건조,맑음,단일로 - 기타,이륜,남,18세,경상,승용,남,24세,상해없음
2017123000100111,2017년 12월 30일 03시,토요일,전라남도 여수시 화장동,사망사고,1,0,0,0,차대사람 - 기타,안전운전불이행,건조,맑음,주차장 - 주차장,승용,남,64세,상해없음,보행자,남,62세,사망
2017123000100127,2017년 12월 30일 04시,토요일,전라남도 광양시 광양읍,경상사고,0,0,1,0,차대차 - 측면충돌,교차로운행방법위반,건조,맑음,교차로 - 교차로안,승용,남,66세,상해없음,승용,남,46세,경상
2017123000100177,2017년 12월 30일 08시,토요일,전라남도 신안군 도초면,경상사고,0,0,1,0,차대차 - 측면충돌,안전운전불이행,기타,기타,단일로 - 기타,화물,남,71세,상해없음,자전거,남,69세,경상
2017123000100202,2017년 12월 30일 10시,토요일,전라남도 여수시 중앙동,경상사고,0,0,2,0,차대차 - 추돌,안전운전불이행,건조,맑음,단일로 - 기타,승합,남,62세,상해없음,승용,여,48세,경상
2017123000100203,2017년 12월 30일 10시,토요일,전라남도 광양시 광양읍,경상사고,0,0,1,0,차대차 - 측면충돌,교차로운행방법위반,건조,맑음,교차로 - 교차로부근,특수,남,40세,상해없음,승용,여,26세,경상
2017123000100223,2017년 12월 30일 11시,토요일,전라남도 여수시 화장동,경상사고,0,0,1,0,차대차 - 측면충돌,신호위반,건조,맑음,교차로 - 교차로안,승용,여,45세,상해없음,승용,남,34세,경상
2017123000100224,2017년 12월 30일 11시,토요일,전라남도 화순군 화순읍,중상사고,0,1,0,0,차대차 - 추돌,안전거리미확보,건조,맑음,단일로 - 기타,화물,남,34세,상해없음,화물,남,55세,중상
2017123000100225,2017년 12월 30일 11시,토요일,전라남도 진도군 진도읍,중상사고,0,1,0,0,차대사람 - 기타,안전운전불이행,건조,맑음,단일로 - 기타,원동기,남,67세,상해없음,보행자,여,62세,중상
2017123000100243,2017년 12월 30일 12시,토요일,전라남도 나주시 송월동,경상사고,0,0,3,0,차대차 - 측면충돌,신호위반,건조,맑음,교차로 - 교차로안,화물,남,65세,상해없음,승용,여,31세,경상
2017123000100271,2017년 12월 30일 14시,토요일,전라남도 목포시 옥암동,경상사고,0,0,1,0,차대차 - 후진중충돌,안전운전불이행,건조,맑음,단일로 - 기타,승용,여,56세,상해없음,승용,남,28세,경상
2017123000100272,2017년 12월 30일 14시,토요일,전라남도 영암군 군서면,경상사고,0,0,1,1,차대차 - 정면충돌,중앙선침범,건조,흐림,단일로 - 기타,화물,남,75세,부상신고,승용,여,58세,경상
2017123000100344,2017년 12월 30일 17시,토요일,전라남도 완도군 완도읍,경상사고,0,0,1,0,차대사람 - 횡단중,신호위반,건조,맑음,단일로 - 기타,승용,여,56세,상해없음,보행자,여,80세,경상
2017123000100372,2017년 12월 30일 18시,토요일,전라남도 목포시 용당동,중상사고,0,1,0,0,차대사람 - 횡단중,보행자보호의무위반,건조,기타,기타 - 기타,화물,남,28세,상해없음,보행자,남,82세,중상
2017123000100373,2017년 12월 30일 18시,토요일,전라남도 여수시 돌산읍,중상사고,0,1,3,0,차대차 - 측면충돌,불법유턴,건조,맑음,단일로 - 기타,승용,남,38세,상해없음,승용,남,65세,경상
2017123000100374,2017년 12월 30일 18시,토요일,전라남도 무안군 운남면,경상사고,0,0,1,0,차대차 - 측면충돌,중앙선침범,건조,맑음,단일로 - 기타,화물,남,77세,경상,화물,남,48세,상해없음
2017123000100499,2017년 12월 30일 23시,토요일,전라남도 목포시 호남동,경상사고,0,0,1,0,차대차 - 기타,안전운전불이행,젖음/습기,비,단일로 - 기타,승용,남,58세,상해없음,승용,여,23세,경상
2017123000100500,2017년 12월 30일 23시,토요일,전라남도 순천시 조곡동,경상사고,0,0,2,1,차대차 - 추돌,안전운전불이행,건조,맑음,단일로 - 기타,승용,남,30세,상해없음,승용,남,52세,부상신고
2017123000100501,2017년 12월 30일 23시,토요일,전라남도 무안군 청계면,사망사고,1,3,0,0,차량단독 - 공작물충돌,안전운전불이행,젖음/습기,맑음,교차로 - 교차로부근,승용,여,55세,중상,,,,
2017123100100035,2017년 12월 31일 00시,일요일,전라남도 여수시 문수동,부상신고사고,0,0,0,1,차대사람 - 길가장자리구역통행중,안전운전불이행,건조,맑음,교차로 - 교차로안,승용,남,44세,상해없음,보행자,남,62세,부상신고
2017123100100036,2017년 12월 31일 00시,일요일,전라남도 화순군 화순읍,부상신고사고,0,0,0,1,차대차 - 측면충돌,신호위반,젖음/습기,비,교차로 - 교차로안,화물,남,33세,상해없음,승용,남,51세,부상신고
2017123100100051,2017년 12월 31일 01시,일요일,전라남도 여수시 서교동,경상사고,0,0,1,0,차대차 - 측면충돌,안전운전불이행,건조,맑음,교차로 - 교차로안,승용,남,32세,상해없음,승용,남,48세,경상
2017123100100052,2017년 12월 31일 01시,일요일,전라남도 광양시 광영동,경상사고,0,0,1,0,차대사람 - 기타,안전운전불이행,건조,맑음,단일로 - 기타,승용,남,35세,상해없음,보행자,남,25세,경상
2017123100100171,2017년 12월 31일 11시,일요일,전라남도 구례군 구례읍,경상사고,0,0,3,0,차대차 - 추돌,안전운전불이행,건조,맑음,단일로 - 교량,승용,남,55세,경상,승용,남,46세,경상
2017123100100215,2017년 12월 31일 13시,일요일,전라남도 순천시 주암면,중상사고,0,1,2,0,차대차 - 측면충돌,기타,건조,맑음,교차로 - 교차로안,화물,남,62세,상해없음,승용,남,32세,경상
2017123100100236,2017년 12월 31일 14시,일요일,전라남도 목포시 산정동,경상사고,0,0,4,0,차대차 - 측면충돌,교차로운행방법위반,건조,맑음,교차로 - 교차로안,화물,남,63세,상해없음,승합,남,62세,경상
2017123100100300,2017년 12월 31일 17시,일요일,전라남도 해남군 송지면,중상사고,0,1,0,0,차대사람 - 기타,안전운전불이행,건조,흐림,교차로 - 교차로부근,승용,남,26세,상해없음,보행자,여,83세,중상
2017123100100343,2017년 12월 31일 18시,일요일,전라남도 순천시 인제동,중상사고,0,1,0,0,차대사람 - 차도통행중,안전운전불이행,건조,맑음,교차로 - 교차로부근,승용,남,23세,상해없음,보행자,남,76세,중상
2017123100100344,2017년 12월 31일 18시,일요일,전라남도 나주시 이창동,중상사고,0,1,1,0,차대차 - 기타,안전거리미확보,건조,맑음,교차로 - 교차로안,화물,남,45세,상해없음,승용,남,56세,경상
2017123100100368,2017년 12월 31일 19시,일요일,전라남도 보성군 보성읍,경상사고,0,0,2,0,차대차 - 추돌,중앙선침범,건조,맑음,단일로 - 기타,승용,남,50세,상해없음,승용,남,30세,경상
2017123100100390,2017년 12월 31일 20시,일요일,전라남도 해남군 해남읍,경상사고,0,0,1,0,차대차 - 기타,안전운전불이행,건조,맑음,단일로 - 기타,승용,남,26세,상해없음,화물,남,30세,경상
2017123100100416,2017년 12월 31일 21시,일요일,전라남도 여수시 충무동,중상사고,0,1,0,0,차대차 - 측면충돌,교차로운행방법위반,건조,맑음,교차로 - 교차로안,승용,남,53세,상해없음,이륜,남,18세,중상
2017123100100417,2017년 12월 31일 21시,일요일,전라남도 고흥군 점암면,부상신고사고,0,0,0,1,차량단독 - 전도전복,안전운전불이행,건조,흐림,단일로 - 기타,화물,남,50세,부상신고,미분류,미분류,미분류,미분류
2017123100100450,2017년 12월 31일 23시,일요일,전라남도 여수시 소라면,경상사고,0,0,3,0,차대차 - 측면충돌,차로위반,건조,맑음,교차로 - 교차로부근,화물,남,58세,상해없음,승용,남,27세,경상
2017123100100451,2017년 12월 31일 23시,일요일,전라남도 여수시 교동,경상사고,0,0,1,0,차대차 - 측면충돌,안전운전불이행,건조,맑음,교차로 - 교차로부근,승용,남,40세,상해없음,승용,남,29세,경상
2017123100100452,2017년 12월 31일 23시,일요일,전라남도 여수시 신기동,중상사고,0,1,0,0,차대차 - 추돌,안전운전불이행,건조,맑음,단일로 - 기타,승용,여,42세,상해없음,이륜,남,33세,중상
2017123100100453,2017년 12월 31일 23시,일요일,전라남도 고흥군 금산면,중상사고,0,1,0,0,차대사람 - 기타,안전운전불이행,건조,맑음,단일로 - 기타,승용,남,50세,상해없음,보행자,남,43세,중상
2017123100100454,2017년 12월 31일 23시,일요일,전라남도 강진군 작천면,경상사고,0,0,2,0,차량단독 - 공작물충돌,안전운전불이행,건조,맑음,단일로 - 기타,승용,남,55세,경상,,,,
2017123100100455,2017년 12월 31일 23시,일요일,전라남도 완도군 금일읍,중상사고,0,2,0,0,차대사람 - 기타,안전운전불이행,건조,맑음,단일로 - 기타,승용,남,33세,상해없음,보행자,남,47세,중상